Opponent,Timeline,Start time,Duration,Row,Instance number,1st Phase Pass,1st Phase Receiver,2nd Phase Pass,2nd Phase Receiver,Feed Location,Feed Success,Gains / Turnover Reason,Player,Quarter,Shooter Position,Shot Location,Shot Outcome,Turnover Location,Ungrouped,Notes,Flags
Brunei,SGPvsBRN_16122025,30.49317646298629,17.50572206400048,SGP CPA,1,Center Left Attack,WD,Attacking Left,WA,"Circle Edge, Circle Edge","YES, YES",,,"Q1, Q1, Q1, Q1",GS,Inner Left,SGP Goal,,,,
Brunei,SGPvsBRN_16122025,94.39245436699136,11.905083329002665,SGP CPA,2,Center Right Attack,WA,Attacking Right Pocket,GA,Circle Edge,YES,,,"Q1, Q1, Q1",GS,Inner Left,SGP Goal,,,,
Brunei,SGPvsBRN_16122025,134.89370601898352,14.30393084199602,SGP CPA,3,Center Left Attack,WA,Attacking Middle,GS,Circle Edge,YES,,,"Q1, Q1, Q1",GS,Inner Left,SGP Goal,,,,
Brunei,SGPvsBRN_16122025,190.19318095598214,12.104680539005159,SGP CPA,4,Center Mid Attack,GA,Attacking Middle,WA,Outside Circle,YES,,,"Q1, Q1, Q1",GS,Inner Right,SGP Goal,,,,
Brunei,SGPvsBRN_16122025,246.19321174899432,15.205092332988329,SGP CPA,5,Center Right Attack,WA,Attacking Right,GS,"Circle Edge, Circle Edge","YES, YES",,,"Q1, Q1, Q1, Q1",GA,Outer Right,SGP Goal,,,,
Brunei,SGPvsBRN_16122025,308.69366143698807,21.40432567,SGP CPA,6,Center Left Attack,WA,Attacking Middle,GA,"Outside Circle, Inside Circle, Circle Edge, Inside Circle","YES, NO, YES, YES",,,"Q1, Q1, Q1, Q1, Q1, Q1, Q1","GS, GS","Inner Middle, Inner Middle","SGP Miss, SGP Goal",,,,
Brunei,SGPvsBRN_16122025,365.29423718798205,25.105831038005704,SGP CPA,7,Center Left Attack,WA,Attacking Left Pocket,GS,"Circle Edge, Circle Edge","YES, YES",,,"Q1, Q1, Q1, Q1",GS,Outer Right,SGP Goal,,,,
Brunei,SGPvsBRN_16122025,435.8941235429854,57.40431372500217,SGP CPA,8,Center Mid Attack,WA,Attacking Left,GS,,,,,"Q1, Q1, Q1",GS,Outer Right,OPP Goal,,,,
Brunei,SGPvsBRN_16122025,525.6935972949889,17.003847963996236,SGP CPA,9,Center Mid Attack,WA,Attacking Middle,GS,Circle Edge,YES,,,"Q1, Q1, Q1",GA,Inner Middle,SGP Goal,,,,
Brunei,SGPvsBRN_16122025,566.7913640189822,83.20712088400762,SGP CPA,10,Center Right Attack,WA,Center Mid Attack,WD,"Outside Circle, Inside Circle, Outside Circle","YES, YES, YES",,,"Q1, Q1, Q1, Q1, Q1, Q1, Q1, Q1, Q1, Q1","GA, GS","Inner Middle, Outer Right","SGP Miss, SGP Goal",,,,
Brunei,SGPvsBRN_16122025,700.8913252160079,29.606002059970933,SGP CPA,11,Center Left Attack,WD,,Not Taken,Outside Circle,YES,,,"Q1, Q1, Q1, Q1, Q1",GS,Inner Left,SGP Goal,,,,
Brunei,SGPvsBRN_16122025,795.894797,22.20272366697327,SGP CPA,12,Center Right Attack,WA,Attacking Right Pocket,GA,"Circle Edge, Circle Edge","YES, YES",,,"Q1, Q1, Q1, Q1",GS,Inner Left,SGP Goal,,,,
Brunei,SGPvsBRN_16122025,846.9924147829856,16.004901178994032,SGP CPA,13,Center Left Attack,WA,Attacking Left Pocket,C,"Circle Edge, Circle Edge","YES, YES",,,"Q1, Q1, Q1, Q1",GA,Inner Middle,SGP Goal,,,,
Brunei,SGPvsBRN_16122025,909.7930948799932,20.30554788197992,SGP CPA,14,Center Mid Attack,WA,Attacking Left,GA,Circle Edge,YES,,,"Q1, Q1, Q1, Q1","GA, GA","Inner Middle, Inner Left","SGP Miss, SGP Goal",,,,
Brunei,SGPvsBRN_16122025,997.7929108199854,13.306683931014845,SGP CPA,15,Center Left Attack,WA,Attacking Middle,C,Circle Edge,YES,,,"Q2, Q2, Q2",GS,Inner Middle,SGP Goal,,,,
Brunei,SGPvsBRN_16122025,1057.5929523159848,59.305430481985695,SGP CPA,16,Center Left Attack,WA,Attacking Left Pocket,GA,"Circle Edge, Outside Circle, Circle Edge, Circle Edge, Circle Edge","NO, YES, YES, YES, YES",,,"Q2, Q2, Q2, Q2, Q2, Q2, Q2, Q2, Q2, Q2","GS, GS","Inner Left, Inner Left","SGP Miss, SGP Goal",,,,
Brunei,SGPvsBRN_16122025,1180.1959337089747,12.301440509010035,SGP CPA,17,Center Left Attack,GA,Attacking Middle,GA,Circle Edge,YES,,,"Q2, Q2, Q2",GS,Inner Left,SGP Goal,,,,
Brunei,SGPvsBRN_16122025,1216.9916833570103,18.40642291097606,SGP CPA,18,Center Left Attack,GA,Attacking Left Pocket,WA,Circle Edge,YES,,,"Q2, Q2, Q2",GA,Inner Right,SGP Goal,,,,
Brunei,SGPvsBRN_16122025,1310.4925686389802,11.604754627025613,SGP CPA,19,Center Left Attack,GA,Attacking Left Pocket,WA,Circle Edge,YES,,,"Q2, Q2, Q2",GA,Inner Left,SGP Goal,,,,
Brunei,SGPvsBRN_16122025,1365.093125156993,44.30470271,SGP CPA,20,Center Left Attack,WD,Attacking Left Pocket,WA,"Circle Edge, Circle Edge, Circle Edge","YES, NO, YES",,,"Q2, Q2, Q2, Q2, Q2, Q2, Q2, Q2","GA, GA","Outer Middle, Inner Left","SGP Miss, SGP Goal",,,,
Brunei,SGPvsBRN_16122025,1458.098501450009,9.599841887973753,SGP CPA,21,Center Mid Attack,WA,Attacking Middle,GA,Circle Edge,YES,,,"Q2, Q2, Q2",GS,Inner Middle,SGP Goal,,,,
Brunei,SGPvsBRN_16122025,1493.4991219059666,21.597628830025087,SGP CPA,22,Center Left Attack,GA,Center Left Attack,WD,Circle Edge,YES,,,"Q2, Q2, Q2",GS,Inner Middle,SGP Goal,,,,
Brunei,SGPvsBRN_16122025,1537.892726718994,15.80491206200054,SGP CPA,23,Center Right Attack,WA,Center Right Attack,WD,Circle Edge,YES,,,"Q2, Q2, Q2",GS,Inner Right,SGP Goal,,,,
Brunei,SGPvsBRN_16122025,1611.6927347109904,76.40488994,SGP CPA,24,Center Left Attack,WA,Attacking D,GA,"Outside Circle, Circle Edge, Outside Circle, Circle Edge","YES, YES, YES, NO",,,"Q2, Q2, Q2, Q2, Q2, Q2, Q2, Q2, Q2, Q2","GA, GS, GS","Outer Left, Outer Right, Inner Middle","SGP Miss, OPP Miss, SGP Goal",,,,
Brunei,SGPvsBRN_16122025,1732.9932810989771,12.617218901022852,SGP CPA,25,Center Left Attack,GA,Attacking Middle,WA,Circle Edge,YES,,,"Q2, Q2, Q2, Q2",GS,"Outer Right, Inner Right",SGP Goal,,,,
Brunei,SGPvsBRN_16122025,1780.4925075239973,29.906091693977487,SGP CPA,26,Center Left Attack,WA,Attacking Middle,GA,"Circle Edge, Circle Edge, Inside Circle","YES, YES, YES",,,"Q2, Q2, Q2, Q2, Q2, Q2","GS, GS","Inner Left, Inner Middle","SGP Miss, SGP Goal",,,,
Brunei,SGPvsBRN_16122025,1835.8038461449794,11.39367627100296,SGP CPA,27,Center Left Attack,WA,Attacking Left Pocket,GA,Circle Edge,YES,,,"Q2, Q2, Q2",GS,Inner Middle,SGP Goal,,,,
Brunei,SGPvsBRN_16122025,1881.2920535879834,11.00641146,SGP CPA,28,Center Right Attack,WA,Attacking Right Pocket,GA,Circle Edge,YES,,,"Q2, Q2, Q2",GS,Inner Middle,SGP Goal,,,,
Brunei,SGPvsBRN_16122025,1939.5893163609912,12.32986141678657,SGP CPA,29,Center Mid Attack,GA,Attacking Left Pocket,C,Circle Edge,YES,,,"Q2, Q2",,,,,,,
Brunei,SGPvsBRN_16122025,2060.0925651229713,13.705596227997376,SGP CPA,30,Center Mid Attack,WA,Attacking Right Pocket,GA,Outside Circle,YES,,,"Q3, Q3, Q3",GS,Inner Left,SGP Goal,,,,
Brunei,SGPvsBRN_16122025,2102.9922388289633,17.60555041100588,SGP CPA,31,Center Left Attack,WD,Attacking Left,C,"Outside Circle, Inside Circle","YES, YES",,,"Q3, Q3, Q3, Q3",GS,Inner Right,SGP Goal,,,,
Brunei,SGPvsBRN_16122025,2142.794003152989,13.20458202100508,SGP CPA,32,Center Left Attack,GA,Attacking Left Pocket,WA,Circle Edge,YES,,,"Q3, Q3, Q3",GS,Inner Left,SGP Goal,,,,
Brunei,SGPvsBRN_16122025,2194.5911800439817,14.306061911003326,SGP CPA,33,Center Mid Attack,WA,Center Mid Attack,C,Outside Circle,YES,,,"Q3, Q3, Q3",GS,Inner Right,SGP Goal,,,,
Brunei,SGPvsBRN_16122025,2260.8928717849926,15.104650963985023,SGP CPA,34,Center Right Attack,GA,Center Mid Attack,WD,"Outside Circle, Inside Circle","YES, YES",,,"Q3, Q3, Q3, Q3",GA,Outer Middle,SGP Goal,,,,
Brunei,SGPvsBRN_16122025,2323.9980381869664,20.800667660018007,SGP CPA,35,Center Left Attack,WA,Center Left Attack,WD,Circle Edge,YES,,,"Q3, Q3, Q3",GS,Inner Middle,SGP Goal,,,,
Brunei,SGPvsBRN_16122025,2380.4955291399897,16.801704440998947,SGP CPA,36,Center Right Attack,WD,Attacking Right,GS,Circle Edge,YES,,,"Q3, Q3, Q3",GS,Inner Left,SGP Goal,,,,
Brunei,SGPvsBRN_16122025,2442.693993362973,14.488184414804891,SGP CPA,37,Center Mid Attack,WA,Attacking D,GA,"Outside Circle, Circle Edge","YES, YES",,,"Q3, Q3, Q3, Q3",GA,Inner Right,SGP Goal,,,,
Brunei,SGPvsBRN_16122025,2483.7914591189824,15.205992531991342,SGP CPA,38,Center Mid Attack,WA,Attacking Middle,GS,Circle Edge,YES,,,"Q3, Q3, Q3",GS,Outer Right,SGP Goal,,,,
Brunei,SGPvsBRN_16122025,2529.5981439519965,12.800420827002654,SGP CPA,39,Center Right Attack,WA,Attacking Right,GA,Circle Edge,YES,,,"Q3, Q3, Q3",GS,Inner Middle,SGP Goal,,,,
Brunei,SGPvsBRN_16122025,2568.191977271996,18.70440807796649,SGP CPA,40,Center Mid Attack,WA,,Not Taken,"Circle Edge, Inside Circle","YES, YES",,,"Q3, Q3, Q3, Q3",GS,Inner Right,SGP Goal,,,,
Brunei,SGPvsBRN_16122025,2640.4951539239933,11.40063411500887,SGP CPA,41,Center Mid Attack,WA,Attacking Middle,GA,Outside Circle,YES,,,"Q3, Q3, Q3",GS,Inner Right,SGP Goal,,,,
Brunei,SGPvsBRN_16122025,2689.1939055879807,14.805101623013798,SGP CPA,42,Center Mid Attack,GA,Attacking Middle,WA,Circle Edge,YES,,,"Q3, Q3, Q3",GA,Inner Right,SGP Goal,,,,
Brunei,SGPvsBRN_16122025,2788.093646891997,20.905792115986515,SGP CPA,43,Center Mid Attack,WA,Attacking Middle,GS,"Circle Edge, Circle Edge","YES, YES",,,"Q3, Q3, Q3, Q3, Q3","GS, GS","Outer Left, Inner Left","SGP Miss, SGP Goal",,,,
Brunei,SGPvsBRN_16122025,2876.5896891179887,15.609453481993569,SGP CPA,44,Center Mid Attack,GA,Attacking Middle,C,Outside Circle,YES,,,"Q3, Q3, Q3",GS,Outer Middle,SGP Goal,,,,
Brunei,SGPvsBRN_16122025,2953.1929247449934,14.806847206992188,SGP CPA,45,Center Left Attack,WA,Attacking Middle,C,Circle Edge,YES,,,"Q4, Q4, Q4",GS,Outer Middle,SGP Goal,,,,
Brunei,SGPvsBRN_16122025,3005.593659454985,15.004956549984854,SGP CPA,46,Center Mid Attack,WA,Attacking Middle,GA,"Circle Edge, Inside Circle","YES, YES",,,"Q4, Q4, Q4, Q4",GS,Inner Middle,SGP Goal,,,,
Brunei,SGPvsBRN_16122025,3102.393889822974,10.904773912010569,SGP CPA,47,Center Left Attack,WA,Attacking Left,GA,Outside Circle,YES,,,"Q4, Q4, Q4",GS,Inner Right,SGP Goal,,,,
Brunei,SGPvsBRN_16122025,3156.591240999987,74.70472649401927,SGP CPA,48,Center Left Attack,WA,Center Mid Attack,GD,"Circle Edge, Circle Edge, Outside Circle, Circle Edge","YES, YES, YES, YES",,,"Q4, Q4, Q4, Q4, Q4, Q4, Q4, Q4, Q4, Q4, Q4, Q4, Q4","GS, GS, GS, GA","Outer Middle, Outer Left, Outer Left, Outer Left, Inner Left","SGP Miss, OPP Miss, OPP Miss, OPP Goal",,,,
Brunei,SGPvsBRN_16122025,3262.193365766999,12.705783778985733,SGP CPA,49,Center Left Attack,WA,Attacking Left,GA,Circle Edge,YES,,,"Q4, Q4, Q4",GS,Inner Left,SGP Goal,,,,
Brunei,SGPvsBRN_16122025,3333.694509923001,12.50276376299962,SGP CPA,50,Center Mid Attack,WD,Attacking Left,WA,Circle Edge,YES,,,"Q4, Q4, Q4",GS,Inner Right,SGP Goal,,,,
Brunei,SGPvsBRN_16122025,3403.8912091269985,18.007874459009145,SGP CPA,51,Center Left Attack,Not Taken,,,"Outside Circle, Circle Edge","YES, YES",,,"Q4, Q4, Q4, Q4",GS,Inner Right,SGP Goal,,,,
Brunei,SGPvsBRN_16122025,3467.593060465993,18.205087299992556,SGP CPA,52,Center Right Attack,GD,Center Right Attack,C,Circle Edge,YES,,,"Q4, Q4, Q4",GS,Outer Left,SGP Goal,,,,
Brunei,SGPvsBRN_16122025,3545.5946604179685,21.90352452804018,SGP CPA,53,Center Left Attack,WA,Attacking Left,C,,,,,"Q4, Q4",GS,Inner Middle,SGP Goal,,,,
Brunei,SGPvsBRN_16122025,3629.5924876319923,34.30571740199457,SGP CPA,54,,Not Taken,,,"Circle Edge, Circle Edge, Circle Edge","YES, NO, YES",,,"Q4, Q4, Q4, Q4, Q4",GS,Outer Left,SGP Goal,,,,
Brunei,SGPvsBRN_16122025,3693.4959147859768,22.302598227002818,SGP CPA,55,Center Left Attack,WD,Attacking Left,WA,"Circle Edge, Circle Edge","YES, YES",,,"Q4, Q4, Q4, Q4, Q4","GA, GS","Outer Middle, Inner Middle","SGP Miss, SGP Goal",,,,
Brunei,SGPvsBRN_16122025,3765.2962183639675,11.373170524921534,SGP CPA,56,Center Mid Attack,WA,Attacking Left,GA,Circle Edge,YES,,,"Q4, Q4, Q4",GS,Outer Middle,SGP Goal,,,,
Brunei,SGPvsBRN_16122025,3806.2911256630046,23.307383765975374,SGP CPA,57,Center Left Attack,WA,,Not Taken,"Outside Circle, Circle Edge","NO, YES",,,"Q4, Q4, Q4, Q4",GS,Inner Left,SGP Goal,,,,
Brunei,SGPvsBRN_16122025,30.49317646298629,17.50572206400048,SGP DCPA,1,Center Left Attack,WD,Attacking Left,WA,"Circle Edge, Circle Edge","YES, YES",,,"Q1, Q1, Q1, Q1",GS,Inner Left,SGP Goal,,,,
Brunei,SGPvsBRN_16122025,94.39245436699136,11.905083329002665,SGP DCPA,2,Center Right Attack,WA,Attacking Right Pocket,GA,Circle Edge,YES,,,"Q1, Q1, Q1",GS,Inner Left,SGP Goal,,,,
Brunei,SGPvsBRN_16122025,134.89370601898352,14.30393084199602,SGP DCPA,3,Center Left Attack,WA,Attacking Middle,GS,Circle Edge,YES,,,"Q1, Q1, Q1",GS,Inner Left,SGP Goal,,,,
Brunei,SGPvsBRN_16122025,190.19318095598214,12.104680539005159,SGP DCPA,4,Center Mid Attack,"WA, GA",Attacking Middle,WA,Outside Circle,YES,,,"Q1, Q1, Q1",GS,Inner Right,SGP Goal,,,,
Brunei,SGPvsBRN_16122025,246.19321174899432,15.205092332988329,SGP DCPA,5,Center Right Attack,WA,Attacking Right,GS,"Circle Edge, Circle Edge","YES, YES",,,"Q1, Q1, Q1, Q1",GA,Outer Right,SGP Goal,,,,
Brunei,SGPvsBRN_16122025,308.69366143698807,21.40432567,SGP DCPA,6,Center Left Attack,WA,Attacking Middle,GA,"Outside Circle, Inside Circle, Circle Edge, Inside Circle","YES, NO, YES, YES",,,"Q1, Q1, Q1, Q1, Q1, Q1, Q1","GS, GS","Inner Middle, Inner Middle","SGP Miss, SGP Goal",,,,
Brunei,SGPvsBRN_16122025,365.29423718798205,25.105831038005704,SGP DCPA,7,Center Left Attack,WA,Attacking Left Pocket,GS,"Circle Edge, Circle Edge","YES, YES",,,"Q1, Q1, Q1, Q1",GS,Outer Right,SGP Goal,,,,
Brunei,SGPvsBRN_16122025,435.8941235429854,11.403527106019453,SGP DCPA,8,Center Mid Attack,WA,Attacking Left,GS,,,,,Q1,,,,,,,
Brunei,SGPvsBRN_16122025,525.6935972949889,17.003847963996236,SGP DCPA,9,Center Mid Attack,WA,Attacking Middle,GS,Circle Edge,YES,,,"Q1, Q1, Q1",GA,Inner Middle,SGP Goal,,,,
Brunei,SGPvsBRN_16122025,566.7913640189822,9.705868668029893,SGP DCPA,10,Center Right Attack,WA,Center Mid Attack,WD,,,,,Q1,,,,,,,
Brunei,SGPvsBRN_16122025,700.8913252160079,9.307173576975174,SGP DCPA,11,Center Left Attack,WD,,Not Taken,,,,,Q1,,,,,,,
Brunei,SGPvsBRN_16122025,795.894797,22.20272366697327,SGP DCPA,12,Center Right Attack,WA,Attacking Right Pocket,GA,"Circle Edge, Circle Edge","YES, YES",,,"Q1, Q1, Q1, Q1",GS,Inner Left,SGP Goal,,,,
Brunei,SGPvsBRN_16122025,846.9924147829856,16.004901178994032,SGP DCPA,13,Center Left Attack,WA,Attacking Left Pocket,C,"Circle Edge, Circle Edge","YES, YES",,,"Q1, Q1, Q1, Q1",GA,Inner Middle,SGP Goal,,,,
Brunei,SGPvsBRN_16122025,909.7930948799932,20.30554788197992,SGP DCPA,14,Center Mid Attack,WA,Attacking Left,GA,Circle Edge,YES,,,"Q1, Q1, Q1, Q1","GA, GA","Inner Middle, Inner Left","SGP Miss, SGP Goal",,,,
Brunei,SGPvsBRN_16122025,997.7929108199854,13.306683931014845,SGP DCPA,15,Center Left Attack,WA,Attacking Middle,C,Circle Edge,YES,,,"Q2, Q2, Q2",GS,Inner Middle,SGP Goal,,,,
Brunei,SGPvsBRN_16122025,1057.5929523159848,9.196014350681935,SGP DCPA,16,Center Left Attack,WA,Attacking Left Pocket,GA,Circle Edge,NO,,,"Q2, Q2",,,,,,,
Brunei,SGPvsBRN_16122025,1180.1959337089747,12.301440509010035,SGP DCPA,17,Center Left Attack,GA,Attacking Middle,GA,Circle Edge,YES,,,"Q2, Q2, Q2",GS,Inner Left,SGP Goal,,,,
Brunei,SGPvsBRN_16122025,1216.9916833570103,18.40642291097606,SGP DCPA,18,Center Left Attack,GA,Attacking Left Pocket,WA,Circle Edge,YES,,,"Q2, Q2, Q2",GA,Inner Right,SGP Goal,,,,
Brunei,SGPvsBRN_16122025,1310.4925686389802,11.604754627025613,SGP DCPA,19,Center Left Attack,GA,Attacking Left Pocket,WA,Circle Edge,YES,,,"Q2, Q2, Q2",GA,Inner Left,SGP Goal,,,,
Brunei,SGPvsBRN_16122025,1365.093125156993,11.905529868004805,SGP DCPA,20,Center Left Attack,WD,Attacking Left Pocket,WA,Circle Edge,YES,,,"Q2, Q2, Q2",GA,Outer Middle,SGP Miss,,,,
Brunei,SGPvsBRN_16122025,1458.098501450009,9.599841887973753,SGP DCPA,21,Center Mid Attack,WA,Attacking Middle,GA,Circle Edge,YES,,,"Q2, Q2, Q2",GS,Inner Middle,SGP Goal,,,,
Brunei,SGPvsBRN_16122025,1493.4991219059666,21.597628830025087,SGP DCPA,22,Center Left Attack,GA,"Center Mid Attack, Center Left Attack",WD,Circle Edge,YES,,,"Q2, Q2, Q2",GS,Inner Middle,SGP Goal,,,,
Brunei,SGPvsBRN_16122025,1537.892726718994,15.80491206200054,SGP DCPA,23,Center Right Attack,WA,Center Right Attack,WD,Circle Edge,YES,,,"Q2, Q2, Q2",GS,Inner Right,SGP Goal,,,,
Brunei,SGPvsBRN_16122025,1611.6927347109904,12.405638923999732,SGP DCPA,24,Center Left Attack,WA,Attacking D,GA,"Outside Circle, Circle Edge","YES, YES",,,"Q2, Q2, Q2, Q2",GA,Outer Left,SGP Miss,,,,
Brunei,SGPvsBRN_16122025,1732.9932810989771,12.617218901022852,SGP DCPA,25,Center Left Attack,GA,Attacking Middle,WA,Circle Edge,YES,,,"Q2, Q2, Q2, Q2",GS,"Outer Right, Inner Right",SGP Goal,,,,
Brunei,SGPvsBRN_16122025,1780.4925075239973,29.906091693977487,SGP DCPA,26,Center Left Attack,WA,Attacking Middle,GA,"Circle Edge, Circle Edge, Inside Circle","YES, YES, YES",,,"Q2, Q2, Q2, Q2, Q2, Q2","GS, GS","Inner Left, Inner Middle","SGP Miss, SGP Goal",,,,
Brunei,SGPvsBRN_16122025,1835.8038461449794,11.39367627100296,SGP DCPA,27,Center Left Attack,WA,Attacking Left Pocket,GA,Circle Edge,YES,,,"Q2, Q2, Q2",GS,Inner Middle,SGP Goal,,,,
Brunei,SGPvsBRN_16122025,1881.2920535879834,11.00641146,SGP DCPA,28,Center Right Attack,WA,Attacking Right Pocket,GA,Circle Edge,YES,,,"Q2, Q2, Q2",GS,Inner Middle,SGP Goal,,,,
Brunei,SGPvsBRN_16122025,1939.5893163609912,12.32986141678657,SGP DCPA,29,"Center Mid Attack, Center Left Attack",GA,Attacking Left Pocket,C,Circle Edge,YES,,,"Q2, Q2",,,,,,,
Brunei,SGPvsBRN_16122025,2060.0925651229713,13.705596227997376,SGP DCPA,30,Center Mid Attack,WA,Attacking Right Pocket,GA,Outside Circle,YES,,,"Q3, Q3, Q3",GS,Inner Left,SGP Goal,,,,
Brunei,SGPvsBRN_16122025,2102.9922388289633,17.60555041100588,SGP DCPA,31,Center Left Attack,WD,Attacking Left,C,"Outside Circle, Inside Circle","YES, YES",,,"Q3, Q3, Q3, Q3",GS,Inner Right,SGP Goal,,,,
Brunei,SGPvsBRN_16122025,2142.794003152989,13.20458202100508,SGP DCPA,32,Center Left Attack,GA,Attacking Left Pocket,WA,Circle Edge,YES,,,"Q3, Q3, Q3",GS,Inner Left,SGP Goal,,,,
Brunei,SGPvsBRN_16122025,2194.5911800439817,14.306061911003326,SGP DCPA,33,Center Mid Attack,WA,"Attacking Middle, Center Mid Attack",C,Outside Circle,YES,,,"Q3, Q3, Q3",GS,Inner Right,SGP Goal,,,,
Brunei,SGPvsBRN_16122025,2260.8928717849926,15.104650963985023,SGP DCPA,34,Center Right Attack,GA,Center Mid Attack,WD,"Outside Circle, Inside Circle","YES, YES",,,"Q3, Q3, Q3, Q3",GA,Outer Middle,SGP Goal,,,,
Brunei,SGPvsBRN_16122025,2323.9980381869664,20.800667660018007,SGP DCPA,35,Center Left Attack,WA,Center Left Attack,WD,Circle Edge,YES,,,"Q3, Q3, Q3",GS,Inner Middle,SGP Goal,,,,
Brunei,SGPvsBRN_16122025,2380.4955291399897,16.801704440998947,SGP DCPA,36,Center Right Attack,WD,Attacking Right,GS,Circle Edge,YES,,,"Q3, Q3, Q3",GS,Inner Left,SGP Goal,,,,
Brunei,SGPvsBRN_16122025,2442.693993362973,14.488184414804891,SGP DCPA,37,Center Mid Attack,WA,Attacking D,GA,"Outside Circle, Circle Edge","YES, YES",,,"Q3, Q3, Q3, Q3",GA,Inner Right,SGP Goal,,,,
Brunei,SGPvsBRN_16122025,2483.7914591189824,15.205992531991342,SGP DCPA,38,Center Mid Attack,WA,Attacking Middle,GS,Circle Edge,YES,,,"Q3, Q3, Q3",GS,Outer Right,SGP Goal,,,,
Brunei,SGPvsBRN_16122025,2529.5981439519965,12.800420827002654,SGP DCPA,39,Center Right Attack,WA,Attacking Right,GA,Circle Edge,YES,,,"Q3, Q3, Q3",GS,Inner Middle,SGP Goal,,,,
Brunei,SGPvsBRN_16122025,2568.191977271996,18.70440807796649,SGP DCPA,40,Center Mid Attack,WA,,Not Taken,"Circle Edge, Inside Circle","YES, YES",,,"Q3, Q3, Q3, Q3",GS,Inner Right,SGP Goal,,,,
Brunei,SGPvsBRN_16122025,2640.4951539239933,11.40063411500887,SGP DCPA,41,Center Mid Attack,WA,Attacking Middle,GA,Outside Circle,YES,,,"Q3, Q3, Q3",GS,Inner Right,SGP Goal,,,,
Brunei,SGPvsBRN_16122025,2689.1939055879807,14.805101623013798,SGP DCPA,42,"Center Left Attack, Center Mid Attack",GA,Attacking Middle,WA,Circle Edge,YES,,,"Q3, Q3, Q3",GA,Inner Right,SGP Goal,,,,
Brunei,SGPvsBRN_16122025,2788.093646891997,20.905792115986515,SGP DCPA,43,Center Mid Attack,WA,Attacking Middle,GS,"Circle Edge, Circle Edge","YES, YES",,,"Q3, Q3, Q3, Q3, Q3","GS, GS","Outer Left, Inner Left","SGP Miss, SGP Goal",,,,
Brunei,SGPvsBRN_16122025,2876.5896891179887,15.609453481993569,SGP DCPA,44,Center Mid Attack,GA,Attacking Middle,C,Outside Circle,YES,,,"Q3, Q3, Q3",GS,Outer Middle,SGP Goal,,,,
Brunei,SGPvsBRN_16122025,2953.1929247449934,14.806847206992188,SGP DCPA,45,Center Left Attack,WA,Attacking Middle,C,Circle Edge,YES,,,"Q4, Q4, Q4",GS,Outer Middle,SGP Goal,,,,
Brunei,SGPvsBRN_16122025,3005.593659454985,15.004956549984854,SGP DCPA,46,Center Mid Attack,WA,Attacking Middle,GA,"Circle Edge, Inside Circle","YES, YES",,,"Q4, Q4, Q4, Q4",GS,Inner Middle,SGP Goal,,,,
Brunei,SGPvsBRN_16122025,3102.393889822974,10.904773912010569,SGP DCPA,47,Center Left Attack,WA,Attacking Left,GA,Outside Circle,YES,,,"Q4, Q4, Q4",GS,Inner Right,SGP Goal,,,,
Brunei,SGPvsBRN_16122025,3156.591240999987,17.80552566667984,SGP DCPA,48,Center Left Attack,WA,Center Mid Attack,GD,Circle Edge,YES,,,"Q4, Q4, Q4",GS,Outer Middle,SGP Miss,,,,
Brunei,SGPvsBRN_16122025,3262.193365766999,12.705783778985733,SGP DCPA,49,Center Left Attack,WA,Attacking Left,GA,Circle Edge,YES,,,"Q4, Q4, Q4",GS,Inner Left,SGP Goal,,,,
Brunei,SGPvsBRN_16122025,3333.694509923001,12.50276376299962,SGP DCPA,50,Center Mid Attack,WD,Attacking Left,WA,Circle Edge,YES,,,"Q4, Q4, Q4",GS,Inner Right,SGP Goal,,,,
Brunei,SGPvsBRN_16122025,3403.8912091269985,18.007874459009145,SGP DCPA,51,Center Left Attack,Not Taken,,,"Outside Circle, Circle Edge","YES, YES",,,"Q4, Q4, Q4, Q4",GS,Inner Right,SGP Goal,,,,
Brunei,SGPvsBRN_16122025,3467.593060465993,18.205087299992556,SGP DCPA,52,Center Right Attack,GD,Center Right Attack,C,Circle Edge,YES,,,"Q4, Q4, Q4",GS,Outer Left,SGP Goal,,,,
Brunei,SGPvsBRN_16122025,3545.5946604179685,21.90352452804018,SGP DCPA,53,Center Left Attack,WA,Attacking Left,C,,,,,"Q4, Q4",GS,Inner Middle,SGP Goal,,,,
Brunei,SGPvsBRN_16122025,3629.5924876319923,34.30571740199457,SGP DCPA,54,,Not Taken,,,"Circle Edge, Circle Edge, Circle Edge","YES, NO, YES",,,"Q4, Q4, Q4, Q4, Q4",GS,Outer Left,SGP Goal,,,,
Brunei,SGPvsBRN_16122025,3693.4959147859768,22.302598227002818,SGP DCPA,55,Center Left Attack,WD,Attacking Left,WA,"Circle Edge, Circle Edge","YES, YES",,,"Q4, Q4, Q4, Q4, Q4","GA, GS","Outer Middle, Inner Middle","SGP Miss, SGP Goal",,,,
Brunei,SGPvsBRN_16122025,3765.2962183639675,11.373170524921534,SGP DCPA,56,Center Mid Attack,WA,Attacking Left,GA,Circle Edge,YES,,,"Q4, Q4, Q4",GS,Outer Middle,SGP Goal,,,,
Brunei,SGPvsBRN_16122025,3806.2911256630046,23.307383765975374,SGP DCPA,57,Center Left Attack,WA,,Not Taken,"Outside Circle, Circle Edge","NO, YES",,,"Q4, Q4, Q4, Q4",GS,Inner Left,SGP Goal,,,,
Brunei,SGPvsBRN_16122025,32.99122116,5.119472980018749,SGP Feed,1,,,,,Circle Edge,YES,,Amandeep Chahal,Q1,,,,,,,
Brunei,SGPvsBRN_16122025,37.989929517981224,5.144296012987894,SGP Feed,2,,,,,Circle Edge,YES,,Tan Yi Jie,Q1,,,,,,,
Brunei,SGPvsBRN_16122025,96.79166615100728,5.106001532994114,SGP Feed,3,,,,,Circle Edge,YES,,Goh Wei Ping,Q1,,,,,,,
Brunei,SGPvsBRN_16122025,139.39666122397216,5.103671805019928,SGP Feed,4,,,,,Circle Edge,YES,,Tan Yi Jie,Q1,,,,,,,
Brunei,SGPvsBRN_16122025,175.39510833798937,5.084075434982623,SGP Feed,5,,,,,Circle Edge,YES,,Angelina Lim,Q1,,,,,,,
Brunei,SGPvsBRN_16122025,192.79428629597638,5.196454928998918,SGP Feed,6,,,,,Outside Circle,YES,,Angelina Lim,Q1,,,,,,,
Brunei,SGPvsBRN_16122025,249.2930573119837,4.988283900020178,SGP Feed,7,,,,,Circle Edge,YES,,Angelina Lim,Q1,,,,,,,
Brunei,SGPvsBRN_16122025,249.6918491109836,5.308086764003349,SGP Feed,8,,,,,Circle Edge,YES,,Angelina Lim,Q1,,,,,,,
Brunei,SGPvsBRN_16122025,290.7944852019876,5.30198211,SGP Feed,9,,,,,Circle Edge,YES,,Tan Yi Jie,Q1,,,,,,,
Brunei,SGPvsBRN_16122025,310.2933106,4.989290597004583,SGP Feed,10,,,,,Outside Circle,YES,,Goh Wei Ping,Q1,,,,,,,
Brunei,SGPvsBRN_16122025,312.99727777777775,5,SGP Feed,11,,,,,Inside Circle,NO,,Amandeep Chahal,Q1,,,,,,,
Brunei,SGPvsBRN_16122025,315.5934345259864,5.204926935997719,SGP Feed,12,,,,,Circle Edge,YES,,Tan Yi Jie,Q1,,,,,,,
Brunei,SGPvsBRN_16122025,320.86322222222225,5,SGP Feed,13,,,,,Inside Circle,YES,,Goh Wei Ping,Q1,,,,,,,
Brunei,SGPvsBRN_16122025,373.0934580639835,5.113783801,SGP Feed,14,,,,,Circle Edge,YES,,Tan Yi Jie,Q1,,,,,,,
Brunei,SGPvsBRN_16122025,374.09454176998975,5.199057078997896,SGP Feed,15,,,,,Circle Edge,YES,,Angelina Lim,Q1,,,,,,,
Brunei,SGPvsBRN_16122025,531.2923979570002,4.974558197980514,SGP Feed,16,,,,,Circle Edge,YES,,Amandeep Chahal,Q1,,,,,,,
Brunei,SGPvsBRN_16122025,594.9915050010011,5.131173596001531,SGP Feed,17,,,,,Outside Circle,YES,,Angelina Lim,Q1,,,,,,,
Brunei,SGPvsBRN_16122025,598.1954006910054,5.306156778968784,SGP Feed,18,,,,,Inside Circle,YES,,Amandeep Chahal,Q1,,,,,,,
Brunei,SGPvsBRN_16122025,639.0904529119929,5.119771471011745,SGP Feed,19,,,,,Outside Circle,YES,,Rachel Ling,Q1,,,,,,,
Brunei,SGPvsBRN_16122025,684.7966250819958,5.101792015,SGP Feed,20,,,,,Circle Edge,YES,,Rachel Ling,Q1,,,,,,,
Brunei,SGPvsBRN_16122025,687.5900479429846,5.307252386021787,SGP Feed,21,,,,,Circle Edge,YES,,Rachel Ling,Q1,,,,,,,
Brunei,SGPvsBRN_16122025,721.6965769840122,5.185294312980659,SGP Feed,22,,,,,Outside Circle,YES,,Goh Wei Ping,Q1,,,,,,,
Brunei,SGPvsBRN_16122025,772.2933014059697,5.203858769025146,SGP Feed,23,,,,,Outside Circle,NO,,Goh Wei Ping,Q1,,,,,,,
Brunei,SGPvsBRN_16122025,782.7922380589629,5.195141992029221,SGP Feed,24,,,,,Circle Edge,YES,,Rachel Ling,Q1,,,,,,,
Brunei,SGPvsBRN_16122025,783.8983985919781,5.195278982997593,SGP Feed,25,,,,,Circle Edge,YES,,Rachel Ling,Q1,,,,,,,
Brunei,SGPvsBRN_16122025,799.2631777777777,5,SGP Feed,26,,,,,Circle Edge,YES,,Rachel Ling,Q1,,,,,,,
Brunei,SGPvsBRN_16122025,808.2918007,5.102000708985315,SGP Feed,27,,,,,Circle Edge,YES,,Rachel Ling,Q1,,,,,,,
Brunei,SGPvsBRN_16122025,850.4973910339745,5.100231499,SGP Feed,28,,,,,Circle Edge,YES,,Rachel Ling,Q1,,,,,,,
Brunei,SGPvsBRN_16122025,851.7925080469848,5.128422021,SGP Feed,29,,,,,Circle Edge,YES,,Rachel Ling,Q1,,,,,,,
Malaysia_final,SGP vs MAS_final_17122025,1008.8956128129677,19.903101517037044,SGP CPA,14,Center Left Attack,GA,Center Mid Attack,C,"Circle Edge, Inside Circle, Inside Circle","YES, YES, YES",,,"Q2, Q2, Q2, Q2, Q2",GS,Inner Middle,SGP Goal,,,,
Brunei,SGPvsBRN_16122025,897.5936533900143,5.117224001981754,SGP Feed,31,,,,,Circle Edge,YES,,Angelina Lim,Q1,,,,,,,
Brunei,SGPvsBRN_16122025,915.0516888888889,5,SGP Feed,32,,,,,Circle Edge,YES,,Angelina Lim,Q1,,,,,,,
Brunei,SGPvsBRN_16122025,953.2937961289742,5.131535762032286,SGP Feed,33,,,,,Circle Edge,YES,,Angelina Lim,Q1,,,,,,,
Brunei,SGPvsBRN_16122025,1001.6932556199899,5.067210373019634,SGP Feed,34,,,,,Circle Edge,YES,,Rachel Ling,Q2,,,,,,,
Brunei,SGPvsBRN_16122025,1046.6979984089887,5.192771852998021,SGP Feed,35,,,,,Circle Edge,YES,,Amandeep Chahal,Q2,,,,,,,
Brunei,SGPvsBRN_16122025,1061.0320111111112,5,SGP Feed,36,,,,,Circle Edge,NO,,Amandeep Chahal,Q2,,,,,,,
Brunei,SGPvsBRN_16122025,1096.8972666666666,5,SGP Feed,37,,,,,Circle Edge,YES,,Amandeep Chahal,Q2,,,,,,,
Brunei,SGPvsBRN_16122025,1100.9297888888889,5,SGP Feed,38,,,,,Circle Edge,YES,,Goh Wei Ping,Q2,,,,,,,
Brunei,SGPvsBRN_16122025,1103.9881560989713,5.140108122030597,SGP Feed,39,,,,,Circle Edge,YES,,Goh Wei Ping,Q2,,,,,,,
Brunei,SGPvsBRN_16122025,1153.992201738992,5.1962773380012095,SGP Feed,40,,,,,Outside Circle,YES,,Goh Wei Ping,Q2,,,,,,,
Brunei,SGPvsBRN_16122025,1183.0904208809845,5.2026896130118985,SGP Feed,41,,,,,Circle Edge,YES,,Goh Wei Ping,Q2,,,,,,,
Brunei,SGPvsBRN_16122025,1199.9112222222222,5,SGP Feed,42,,,,,Outside Circle,YES,,Goh Wei Ping,Q2,,,,,,,
Brunei,SGPvsBRN_16122025,1202.593320404989,5.209262152987321,SGP Feed,43,,,,,Inside Circle,YES,,Lee Pei Shan,Q2,,,,,,,
Brunei,SGPvsBRN_16122025,1225.292682485988,5.123910423983489,SGP Feed,44,,,,,Circle Edge,YES,,Goh Wei Ping,Q2,,,,,,,
Brunei,SGPvsBRN_16122025,1280.3936567949922,5.004183818,SGP Feed,45,,,,,Outside Circle,YES,,Goh Wei Ping,Q2,,,,,,,
Brunei,SGPvsBRN_16122025,1283.194799599994,5.196170149978343,SGP Feed,46,,,,,Inside Circle,YES,,Amandeep Chahal,Q2,,,,,,,
Brunei,SGPvsBRN_16122025,1313.0949218709914,5.101044851013739,SGP Feed,47,,,,,Circle Edge,YES,,Goh Wei Ping,Q2,,,,,,,
Brunei,SGPvsBRN_16122025,1351.2933019299855,5.1330264129801435,SGP Feed,48,,,,,Outside Circle,YES,,Amandeep Chahal,Q2,,,,,,,
Brunei,SGPvsBRN_16122025,1368.2365777777777,5,SGP Feed,49,,,,,Circle Edge,YES,,Goh Wei Ping,Q2,,,,,,,
Brunei,SGPvsBRN_16122025,1399.691961149981,4.997094949008897,SGP Feed,50,,,,,Circle Edge,YES,,Goh Wei Ping,Q2,,,,,,,
Brunei,SGPvsBRN_16122025,1459.1294444444445,5,SGP Feed,51,,,,,Circle Edge,YES,,Amandeep Chahal,Q2,,,,,,,
Brunei,SGPvsBRN_16122025,1504.791105828994,5.132531417995779,SGP Feed,52,,,,,Circle Edge,YES,,Rachel Ling,Q2,,,,,,,
Brunei,SGPvsBRN_16122025,1543.5978459799921,5.063761924984192,SGP Feed,53,,,,,Circle Edge,YES,,Rachel Ling,Q2,,,,,,,
Brunei,SGPvsBRN_16122025,1600.289130108969,5.003852657,SGP Feed,54,,,,,Circle Edge,YES,,Amandeep Chahal,Q2,,,,,,,
Brunei,SGPvsBRN_16122025,1611.595011111111,5,SGP Feed,55,,,,,Outside Circle,YES,,Goh Wei Ping,Q2,,,,,,,
Brunei,SGPvsBRN_16122025,1613.9436777777778,5,SGP Feed,56,,,,,Circle Edge,YES,,Rachel Ling,Q2,,,,,,,
Brunei,SGPvsBRN_16122025,1722.193352675995,5.200699663003661,SGP Feed,57,,,,,Circle Edge,YES,,Tan Yi Jie,Q2,,,,,,,
Brunei,SGPvsBRN_16122025,1734.694540727983,5.132880345026479,SGP Feed,58,,,,,Circle Edge,YES,,Goh Wei Ping,Q2,,,,,,,
Brunei,SGPvsBRN_16122025,1784.1108,5,SGP Feed,59,,,,,Circle Edge,YES,,Goh Wei Ping,Q2,,,,,,,
Brunei,SGPvsBRN_16122025,1799.006673,5,SGP Feed,60,,,,,Circle Edge,YES,,Goh Wei Ping,Q2,,,,,,,
Brunei,SGPvsBRN_16122025,1800.7930980710044,5.1135308529769645,SGP Feed,61,,,,,Inside Circle,YES,,Amandeep Chahal,Q2,,,,,,,
Brunei,SGPvsBRN_16122025,1837.9918597679884,4.996605446998728,SGP Feed,62,,,,,Circle Edge,YES,,Amandeep Chahal,Q2,,,,,,,
Brunei,SGPvsBRN_16122025,1866.2784666666666,5,SGP Feed,63,,,,,Circle Edge,YES,,Tan Yi Jie,Q2,,,,,,,
Malaysia_final,SGP vs MAS_final_17122025,1008.8956128129677,19.903101517037044,SGP DCPA,14,Center Left Attack,GA,Center Mid Attack,C,"Circle Edge, Inside Circle, Inside Circle","YES, YES, YES",,,"Q2, Q2, Q2, Q2, Q2",GS,Inner Middle,SGP Goal,,,,
Brunei,SGPvsBRN_16122025,1882.8890888888889,5,SGP Feed,65,,,,,Circle Edge,YES,,Amandeep Chahal,Q2,,,,,,,
Brunei,SGPvsBRN_16122025,1920.5953528989817,5.140732524009081,SGP Feed,66,,,,,Outside Circle,YES,,Amandeep Chahal,Q2,,,,,,,
Brunei,SGPvsBRN_16122025,1928.2939804379876,5.2011597139953665,SGP Feed,67,,,,,Circle Edge,YES,,Goh Wei Ping,Q2,,,,,,,
Brunei,SGPvsBRN_16122025,1944.4946681289923,5.0874570340101855,SGP Feed,68,,,,,Circle Edge,YES,,Tan Yi Jie,Q2,,,,,,,
Brunei,SGPvsBRN_16122025,2022.692320294973,5.203634596,SGP Feed,69,,,,,Outside Circle,NO,,Tan Yi Jie,Q3,,,,,,,
Brunei,SGPvsBRN_16122025,2038.000611111111,5,SGP Feed,70,,,,,Circle Edge,NO,,Rachel Ling,Q3,,,,,,,
Brunei,SGPvsBRN_16122025,2039.8924133049816,5.104735349999828,SGP Feed,71,,,,,Circle Edge,YES,,Tan Yi Jie,Q3,,,,,,,
Brunei,SGPvsBRN_16122025,2045.3186999999998,5,SGP Feed,72,,,,,Circle Edge,YES,,Rachel Ling,Q3,,,,,,,
Brunei,SGPvsBRN_16122025,2046.2982494960042,5.305649720968631,SGP Feed,73,,,,,Circle Edge,YES,,Rachel Ling,Q3,,,,,,,
Brunei,SGPvsBRN_16122025,2063.1976628879806,5.098347457016189,SGP Feed,74,,,,,Outside Circle,YES,,Goh Wei Ping,Q3,,,,,,,
Brunei,SGPvsBRN_16122025,2106.5965333333334,5,SGP Feed,75,,,,,Outside Circle,YES,,Tan Yi Jie,Q3,,,,,,,
Brunei,SGPvsBRN_16122025,2109.993925078992,5.197762015,SGP Feed,76,,,,,Inside Circle,YES,,Goh Wei Ping,Q3,,,,,,,
Brunei,SGPvsBRN_16122025,2146.297656594984,5.096196122018682,SGP Feed,77,,,,,Circle Edge,YES,,Rachel Ling,Q3,,,,,,,
Brunei,SGPvsBRN_16122025,2182.792437968979,5.136039352007174,SGP Feed,78,,,,,Circle Edge,YES,,Tan Yi Jie,Q3,,,,,,,
Brunei,SGPvsBRN_16122025,2199.692366944967,5.110464016002879,SGP Feed,79,,,,,Outside Circle,YES,,Goh Wei Ping,Q3,,,,,,,
Brunei,SGPvsBRN_16122025,2247.4903127150055,5.131256658,SGP Feed,80,,,,,Circle Edge,YES,,Tan Yi Jie,Q3,,,,,,,
Brunei,SGPvsBRN_16122025,2263.760366666667,5,SGP Feed,81,,,,,Outside Circle,YES,,Rachel Ling,Q3,,,,,,,
Brunei,SGPvsBRN_16122025,2264.793866666667,5,SGP Feed,82,,,,,Inside Circle,YES,,Lee Pei Shan,Q3,,,,,,,
Brunei,SGPvsBRN_16122025,2289.6631222222222,5,SGP Feed,83,,,,,Outside Circle,YES,,Rachel Ling,Q3,,,,,,,
Brunei,SGPvsBRN_16122025,2291.5964795839914,5.199404090998087,SGP Feed,84,,,,,Inside Circle,YES,,Lee Pei Shan,Q3,,,,,,,
Brunei,SGPvsBRN_16122025,2304.692642084966,5.196891021005285,SGP Feed,85,,,,,Circle Edge,YES,,Rachel Ling,Q3,,,,,,,
Brunei,SGPvsBRN_16122025,2334.148711111111,5,SGP Feed,86,,,,,Circle Edge,YES,,Rachel Ling,Q3,,,,,,,
Brunei,SGPvsBRN_16122025,2387.993346418985,5.321673761018701,SGP Feed,87,,,,,Circle Edge,YES,,Rachel Ling,Q3,,,,,,,
Brunei,SGPvsBRN_16122025,2423.652077777778,5,SGP Feed,88,,,,,Circle Edge,YES,,Khor Ting Fang,Q3,,,,,,,
Brunei,SGPvsBRN_16122025,2426.6929252009922,5.397997815010513,SGP Feed,89,,,,,Circle Edge,YES,,Khor Ting Fang,Q3,,,,,,,
Brunei,SGPvsBRN_16122025,2445.488388888889,5,SGP Feed,90,,,,,Outside Circle,YES,,Rachel Ling,Q3,,,,,,,
Brunei,SGPvsBRN_16122025,2448.2952233019923,5.202695528986169,SGP Feed,91,,,,,Circle Edge,YES,,Rachel Ling,Q3,,,,,,,
Brunei,SGPvsBRN_16122025,2468.6379666666667,5,SGP Feed,92,,,,,Circle Edge,YES,,Rachel Ling,Q3,,,,,,,
Malaysia_final,SGP vs MAS_final_17122025,1150.1895291549852,5.304386041,SGP Feed,30,,,,,Circle Edge,YES,,Rachel Ling,Q2,,,,,,,
Brunei,SGPvsBRN_16122025,2472.1968012529737,5.317677034000553,SGP Feed,94,,,,,Circle Edge,YES,,Khor Ting Fang,Q3,,,,,,,
Brunei,SGPvsBRN_16122025,2488.395811989979,4.9832980450300965,SGP Feed,95,,,,,Circle Edge,YES,,Rachel Ling,Q3,,,,,,,
Brunei,SGPvsBRN_16122025,2532.592737873005,5.096233568979187,SGP Feed,96,,,,,Circle Edge,YES,,Khor Ting Fang,Q3,,,,,,,
Brunei,SGPvsBRN_16122025,2555.7941284889876,5.101554881020093,SGP Feed,97,,,,,Circle Edge,YES,,Khor Ting Fang,Q3,,,,,,,
Brunei,SGPvsBRN_16122025,2576.794002449962,5.137343313000201,SGP Feed,98,,,,,Circle Edge,YES,,Khor Ting Fang,Q3,,,,,,,
Brunei,SGPvsBRN_16122025,2578.491957000972,5.210412632003681,SGP Feed,99,,,,,Inside Circle,YES,,Goh Wei Ping,Q3,,,,,,,
Brunei,SGPvsBRN_16122025,2625.995713694989,5.0978308379976625,SGP Feed,100,,,,,Circle Edge,YES,,Goh Wei Ping,Q3,,,,,,,
Brunei,SGPvsBRN_16122025,2641.603811111111,5,SGP Feed,101,,,,,Outside Circle,YES,,Goh Wei Ping,Q3,,,,,,,
Brunei,SGPvsBRN_16122025,2690.6668027210885,5,SGP Feed,102,,,,,Circle Edge,YES,,Rachel Ling,Q3,,,,,,,
Brunei,SGPvsBRN_16122025,2693.3858444444445,5,SGP Feed,103,,,,,Circle Edge,YES,,Rachel Ling,Q3,,,,,,,
Brunei,SGPvsBRN_16122025,2776.0976395619796,5.295717704020717,SGP Feed,104,,,,,Circle Edge,YES,,Rachel Ling,Q3,,,,,,,
Brunei,SGPvsBRN_16122025,2792.3930380819847,5.078844907989151,SGP Feed,105,,,,,Circle Edge,YES,,Khor Ting Fang,Q3,,,,,,,
Brunei,SGPvsBRN_16122025,2793.5955555555556,5,SGP Feed,106,,,,,Circle Edge,YES,,Khor Ting Fang,Q3,,,,,,,
Brunei,SGPvsBRN_16122025,2798.4420666666665,5,SGP Feed,107,,,,,Inside Circle,YES,,Goh Wei Ping,Q3,,,,,,,
Brunei,SGPvsBRN_16122025,2864.0932220089844,5.095523591021447,SGP Feed,108,,,,,Circle Edge,YES,,Khor Ting Fang,Q3,,,,,,,
Brunei,SGPvsBRN_16122025,2882.194908767987,5.2024949829933576,SGP Feed,109,,,,,Outside Circle,YES,,Rachel Ling,Q3,,,,,,,
Brunei,SGPvsBRN_16122025,2941.672788888889,5,SGP Feed,110,,,,,Outside Circle,YES,,Angelina Lim,Q4,,,,,,,
Brunei,SGPvsBRN_16122025,2957.393134973994,5.003842378995614,SGP Feed,111,,,,,Circle Edge,YES,,Tan Yi Jie,Q4,,,,,,,
Brunei,SGPvsBRN_16122025,2986.875088888889,5,SGP Feed,112,,,,,Outside Circle,YES,,Angelina Lim,Q4,,,,,,,
Brunei,SGPvsBRN_16122025,2989.598004934985,5.097881776016038,SGP Feed,113,,,,,Inside Circle,YES,,Amandeep Chahal,Q4,,,,,,,
Brunei,SGPvsBRN_16122025,3009.493778500998,4.992406538978685,SGP Feed,114,,,,,Circle Edge,YES,,Tan Yi Jie,Q4,,,,,,,
Brunei,SGPvsBRN_16122025,3011.790876466973,5.145054545035691,SGP Feed,115,,,,,Inside Circle,YES,,Amandeep Chahal,Q4,,,,,,,
Brunei,SGPvsBRN_16122025,3089.5822222222223,5,SGP Feed,116,,,,,Outside Circle,YES,,Angelina Lim,Q4,,,,,,,
Brunei,SGPvsBRN_16122025,3091.5921141379963,5.205414716,SGP Feed,117,,,,,Inside Circle,YES,,Amandeep Chahal,Q4,,,,,,,
Brunei,SGPvsBRN_16122025,3104.2931738500033,5.128555128967946,SGP Feed,118,,,,,Outside Circle,YES,,Amandeep Chahal,Q4,,,,,,,
Brunei,SGPvsBRN_16122025,3165.0015555555556,5,SGP Feed,119,,,,,Circle Edge,YES,,Angelina Lim,Q4,,,,,,,
Brunei,SGPvsBRN_16122025,3264.797369448997,5.140052530009598,SGP Feed,120,,,,,Circle Edge,YES,,Tan Yi Jie,Q4,,,,,,,
Brunei,SGPvsBRN_16122025,3315.003938,5,SGP Feed,121,,,,,Circle Edge,YES,,Angelina Lim,Q4,,,,,,,
Brunei,SGPvsBRN_16122025,3336.893179561987,5.133638594993954,SGP Feed,122,,,,,Circle Edge,YES,,Amandeep Chahal,Q4,,,,,,,
Brunei,SGPvsBRN_16122025,3384.289806,5.196630074976838,SGP Feed,123,,,,,Circle Edge,YES,,Angelina Lim,Q4,,,,,,,
Brunei,SGPvsBRN_16122025,3386.494738189973,5.295955817008235,SGP Feed,124,,,,,Circle Edge,YES,,Angelina Lim,Q4,,,,,,,
Brunei,SGPvsBRN_16122025,3408.990911111111,5,SGP Feed,125,,,,,Outside Circle,YES,,Angelina Lim,Q4,,,,,,,
Brunei,SGPvsBRN_16122025,3411.1936936069833,5.182613178019437,SGP Feed,126,,,,,Circle Edge,YES,,Angelina Lim,Q4,,,,,,,
Brunei,SGPvsBRN_16122025,3450.8948990079816,5.134634575,SGP Feed,127,,,,,Circle Edge,YES,,Angelina Lim,Q4,,,,,,,
Brunei,SGPvsBRN_16122025,3474.5930605849803,5.078164801990624,SGP Feed,128,,,,,Circle Edge,YES,,Tan Yi Jie,Q4,,,,,,,
Brunei,SGPvsBRN_16122025,3528.192982941967,5.299444366038188,SGP Feed,129,,,,,Outside Circle,YES,,Goh Wei Ping,Q4,,,,,,,
Brunei,SGPvsBRN_16122025,3639.7901763000036,4.991030167,SGP Feed,130,,,,,Circle Edge,YES,,Tan Yi Jie,Q4,,,,,,,
Brunei,SGPvsBRN_16122025,3645.0951057269876,5.120103523021044,SGP Feed,131,,,,,Circle Edge,NO,,Tan Yi Jie,Q4,,,,,,,
Brunei,SGPvsBRN_16122025,3653.9931125249745,5.301139927029453,SGP Feed,132,,,,,Circle Edge,YES,,Tan Yi Jie,Q4,,,,,,,
Brunei,SGPvsBRN_16122025,3680.3965620779795,5.204521116025717,SGP Feed,133,,,,,Circle Edge,YES,,Goh Wei Ping,Q4,,,,,,,
Brunei,SGPvsBRN_16122025,3695.3918059439866,5.199197502,SGP Feed,134,,,,,Circle Edge,YES,,Amandeep Chahal,Q4,,,,,,,
Brunei,SGPvsBRN_16122025,3705.993731,5.111424684997928,SGP Feed,135,,,,,Inside Circle,YES,,Goh Wei Ping,Q4,,,,,,,
Brunei,SGPvsBRN_16122025,3768.158496,5,SGP Feed,136,,,,,Circle Edge,YES,,Angelina Lim,Q4,,,,,,,
Brunei,SGPvsBRN_16122025,3807.400111111111,5,SGP Feed,137,,,,,Outside Circle,NO,,Angelina Lim,Q4,,,,,,,
Brunei,SGPvsBRN_16122025,3820.7911309039864,5.302453403010986,SGP Feed,138,,,,,Circle Edge,YES,,Tan Yi Jie,Q4,,,,,,,
Brunei,SGPvsBRN_16122025,36.79824475899353,11.200653767993238,SGP Shot,1,,,,,,,,Amandeep Chahal,Q1,GS,Inner Left,SGP Goal,,,,
Brunei,SGPvsBRN_16122025,95.17802373898766,11.119513957006362,SGP Shot,2,,,,,,,,Amandeep Chahal,Q1,GS,Inner Left,SGP Goal,,,,
Brunei,SGPvsBRN_16122025,138.19658419600597,11.001052664973571,SGP Shot,3,,,,,,,,Amandeep Chahal,Q1,GS,Inner Left,SGP Goal,,,,
Brunei,SGPvsBRN_16122025,177.3975080019767,10.998799733022253,SGP Shot,4,,,,,,,,Amandeep Chahal,Q1,GS,Inner Left,SGP Goal,,,,
Brunei,SGPvsBRN_16122025,191.29730729699799,11.000554197989317,SGP Shot,5,,,,,,,,Amandeep Chahal,Q1,GS,Inner Right,SGP Goal,,,,
Brunei,SGPvsBRN_16122025,250.08648769298992,11.311816388992725,SGP Shot,6,,,,,,,,Goh Wei Ping,Q1,GA,Outer Right,SGP Goal,,,,
Brunei,SGPvsBRN_16122025,296.0992628889754,11.098399022009858,SGP Shot,7,,,,,,,,Amandeep Chahal,Q1,GS,Inner Middle,SGP Goal,,,,
Brunei,SGPvsBRN_16122025,314.55587777777777,10,SGP Shot,8,,,,,,,,Amandeep Chahal,Q1,GS,Inner Middle,SGP Miss,,,,
Brunei,SGPvsBRN_16122025,319.0969800679671,11.001007041023286,SGP Shot,9,,,,,,,,Amandeep Chahal,Q1,GS,Inner Middle,SGP Goal,,,,
Brunei,SGPvsBRN_16122025,379.0769120959936,11.323156129994175,SGP Shot,10,,,,,,,,Amandeep Chahal,Q1,GS,Outer Right,SGP Goal,,,,
Brunei,SGPvsBRN_16122025,531.1779703549942,11.519474903990954,SGP Shot,11,,,,,,,,Goh Wei Ping,Q1,GA,Inner Middle,SGP Goal,,,,
Brunei,SGPvsBRN_16122025,597.6970612550003,11.000915605002206,SGP Shot,12,,,,,,,,Goh Wei Ping,Q1,GA,Inner Middle,SGP Miss,,,,
Brunei,SGPvsBRN_16122025,638.6973414409993,11.301143461990591,SGP Shot,13,,,,,,,,Amandeep Chahal,Q1,GS,Outer Right,SGP Goal,,,,
Brunei,SGPvsBRN_16122025,687.0971004029863,11.10117771,SGP Shot,14,,,,,,,,Goh Wei Ping,Q1,GA,Inner Left,SGP Goal,,,,
Brunei,SGPvsBRN_16122025,719.6982216,10.79910565199782,SGP Shot,15,,,,,,,,Amandeep Chahal,Q1,GS,Inner Left,SGP Goal,,,,
Brunei,SGPvsBRN_16122025,782.3985858659815,10.899737015983533,SGP Shot,16,,,,,,,,Amandeep Chahal,Q1,GS,Inner Left,SGP Goal,,,,
Brunei,SGPvsBRN_16122025,807.1985484799825,10.89897221000183,SGP Shot,17,,,,,,,,Amandeep Chahal,Q1,GS,Inner Left,SGP Goal,,,,
Brunei,SGPvsBRN_16122025,851.8798826229959,11.117433338983801,SGP Shot,18,,,,,,,,Goh Wei Ping,Q1,GA,Inner Middle,SGP Goal,,,,
Brunei,SGPvsBRN_16122025,896.4884763159758,11.609207702996514,SGP Shot,19,,,,,,,,Goh Wei Ping,Q1,GA,Inner Right,SGP Goal,,,,
Brunei,SGPvsBRN_16122025,914.1142,10,SGP Shot,20,,,,,,,,Goh Wei Ping,Q1,GA,Inner Middle,SGP Miss,,,,
Brunei,SGPvsBRN_16122025,918.3978846649769,11.700758096996196,SGP Shot,21,,,,,,,,Goh Wei Ping,Q1,GA,Inner Left,SGP Goal,,,,
Brunei,SGPvsBRN_16122025,952.4974381300065,11.100058430966783,SGP Shot,22,,,,,,,,Amandeep Chahal,Q1,GS,Inner Left,SGP Goal,,,,
Brunei,SGPvsBRN_16122025,1000.1979995409648,10.901595210035453,SGP Shot,23,,,,,,,,Lee Pei Shan,Q2,GS,Inner Middle,SGP Goal,,,,
Brunei,SGPvsBRN_16122025,1045.1000846569916,10.998716478983397,SGP Shot,24,,,,,,,,Lee Pei Shan,Q2,GS,Inner Middle,SGP Goal,,,,
Brunei,SGPvsBRN_16122025,1101.8861,10,SGP Shot,25,,,,,,,,Lee Pei Shan,Q2,GS,Inner Left,SGP Miss,,,,
Brunei,SGPvsBRN_16122025,1105.8976042050072,11.000778592963343,SGP Shot,26,,,,,,,,Lee Pei Shan,Q2,GS,Inner Left,SGP Goal,,,,
Brunei,SGPvsBRN_16122025,1152.4981218199753,10.900346935015705,SGP Shot,27,,,,,,,,Amandeep Chahal,Q2,GA,Outer Left,SGP Goal,,,,
Brunei,SGPvsBRN_16122025,1181.3973283799999,11.100045837984908,SGP Shot,28,,,,,,,,Lee Pei Shan,Q2,GS,Inner Left,SGP Goal,,,,
Brunei,SGPvsBRN_16122025,1202.299472620004,11.198154189993147,SGP Shot,29,,,,,,,,Amandeep Chahal,Q2,GA,Inner Left,SGP Goal,,,,
Brunei,SGPvsBRN_16122025,1223.7987012159927,11.599405051993699,SGP Shot,30,,,,,,,,Amandeep Chahal,Q2,GA,Inner Right,SGP Goal,,,,
Brunei,SGPvsBRN_16122025,1282.6982946789833,11.600163209001948,SGP Shot,31,,,,,,,,Lee Pei Shan,Q2,GS,Inner Middle,SGP Goal,,,,
Brunei,SGPvsBRN_16122025,1311.0994145149748,10.997908751030991,SGP Shot,32,,,,,,,,Amandeep Chahal,Q2,GA,Inner Left,SGP Goal,,,,
Brunei,SGPvsBRN_16122025,1350.1771211879945,11.520278983990693,SGP Shot,33,,,,,,,,Lee Pei Shan,Q2,GS,Inner Right,SGP Goal,,,,
Brunei,SGPvsBRN_16122025,1366.1489333333334,10,SGP Shot,34,,,,,,,,Amandeep Chahal,Q2,GA,Outer Middle,SGP Miss,,,,
Malaysia,SGPvsMAS_15122025,1175.8959014539855,5.197649100001854,SGP Feed,23,,,,,Circle Edge,YES,,Toh Kai Wei,Q2,,,,,,,
Brunei,SGPvsBRN_16122025,1456.898397762998,10.799945574984804,SGP Shot,36,,,,,,,,Lee Pei Shan,Q2,GS,Inner Middle,SGP Goal,,,,
Brunei,SGPvsBRN_16122025,1504.0960487449822,11.000701991009464,SGP Shot,37,,,,,,,,Lee Pei Shan,Q2,GS,Inner Middle,SGP Goal,,,,
Brunei,SGPvsBRN_16122025,1542.5982936679873,11.099345113007303,SGP Shot,38,,,,,,,,Lee Pei Shan,Q2,GS,Inner Right,SGP Goal,,,,
Brunei,SGPvsBRN_16122025,1598.8814217779932,10.916984414997614,SGP Shot,39,,,,,,,,Lee Pei Shan,Q2,GS,Inner Left,SGP Goal,,,,
Brunei,SGPvsBRN_16122025,1612.9389222222221,10,SGP Shot,40,,,,,,,,Amandeep Chahal,Q2,GA,Outer Left,SGP Miss,,,,
Brunei,SGPvsBRN_16122025,1677.1878333369914,10.909791312006519,SGP Shot,41,,,,,,,,Lee Pei Shan,Q2,GS,Inner Middle,SGP Goal,,,,
Brunei,SGPvsBRN_16122025,1721.298278942003,10.899725666007953,SGP Shot,42,,,,,,,,Lee Pei Shan,Q2,GS,Inner Left,SGP Goal,,,,
Brunei,SGPvsBRN_16122025,1733.0985617219926,12.511938278007392,SGP Shot,43,,,,,,,,Lee Pei Shan,"Q2, Q2",GS,Inner Right,SGP Goal,,,,
Brunei,SGPvsBRN_16122025,1783.4146888888888,10,SGP Shot,44,,,,,,,,Lee Pei Shan,Q2,GS,Inner Left,SGP Miss,,,,
Brunei,SGPvsBRN_16122025,1799.0987629039766,11.299836313998185,SGP Shot,45,,,,,,,,Lee Pei Shan,Q2,GS,Inner Middle,SGP Goal,,,,
Brunei,SGPvsBRN_16122025,1836.2994054959688,10.898116920013535,SGP Shot,46,,,,,,,,Lee Pei Shan,Q2,GS,Inner Middle,SGP Goal,,,,
Brunei,SGPvsBRN_16122025,1868.0736096669812,11.724191381002584,SGP Shot,47,,,,,,,,Amandeep Chahal,Q2,GA,Outer Middle,SGP Goal,,,,
Brunei,SGPvsBRN_16122025,1881.4985456959869,10.799919350010668,SGP Shot,48,,,,,,,,Lee Pei Shan,Q2,GS,Inner Middle,SGP Goal,,,,
Brunei,SGPvsBRN_16122025,1927.5976657309875,11.099777776992596,SGP Shot,49,,,,,,,,Lee Pei Shan,Q2,GS,Inner Right,SGP Goal,,,,
Brunei,SGPvsBRN_16122025,2045.533211111111,10,SGP Shot,50,,,,,,,,Goh Wei Ping,Q3,GA,Inner Middle,SGP Goal,,,,
Brunei,SGPvsBRN_16122025,2062.597961498987,11.200199851981779,SGP Shot,51,,,,,,,,Lee Pei Shan,Q3,GS,Inner Left,SGP Goal,,,,
Brunei,SGPvsBRN_16122025,2109.277369549998,11.320419689971004,SGP Shot,52,,,,,,,,Lee Pei Shan,Q3,GS,Inner Right,SGP Goal,,,,
Brunei,SGPvsBRN_16122025,2144.897227147991,11.10135803,SGP Shot,53,,,,,,,,Lee Pei Shan,Q3,GS,Inner Left,SGP Goal,,,,
Brunei,SGPvsBRN_16122025,2181.3968753339936,11.002255732968024,SGP Shot,54,,,,,,,,Lee Pei Shan,Q3,GS,Inner Left,SGP Goal,,,,
Brunei,SGPvsBRN_16122025,2197.7982880989834,11.098953856001572,SGP Shot,55,,,,,,,,Lee Pei Shan,Q3,GS,Inner Right,SGP Goal,,,,
Brunei,SGPvsBRN_16122025,2246.576671644994,11.021245872005238,SGP Shot,56,,,,,,,,Lee Pei Shan,Q3,GS,Inner Right,SGP Goal,,,,
Brunei,SGPvsBRN_16122025,2264.8975444899797,11.099978258997908,SGP Shot,57,,,,,,,,Goh Wei Ping,Q3,GA,Outer Middle,SGP Goal,,,,
Brunei,SGPvsBRN_16122025,2291.693911111111,10,SGP Shot,58,,,,,,,,Goh Wei Ping,Q3,GA,Outer Left,SGP Miss,,,,
Brunei,SGPvsBRN_16122025,2304.498240842994,10.900290073972883,SGP Shot,59,,,,,,,,Lee Pei Shan,Q3,GS,Inner Middle,SGP Goal,,,,
Brunei,SGPvsBRN_16122025,2333.676458572973,11.122247274011443,SGP Shot,60,,,,,,,,Amandeep Chahal,Q3,GS,Inner Middle,SGP Goal,,,,
Brunei,SGPvsBRN_16122025,2386.3941637109674,10.903069870021227,SGP Shot,61,,,,,,,,Amandeep Chahal,Q3,GS,Inner Left,SGP Goal,,,,
Brunei,SGPvsBRN_16122025,2430.4769947679874,11.220434138987912,SGP Shot,62,,,,,,,,Goh Wei Ping,Q3,GA,Inner Right,SGP Goal,,,,
Brunei,SGPvsBRN_16122025,2447.1821777777777,10,SGP Shot,63,,,,,,,,Goh Wei Ping,Q3,GA,Inner Right,SGP Goal,,,,
Brunei,SGPvsBRN_16122025,2471.975080142968,11.422701518041777,SGP Shot,64,,,,,,,,Goh Wei Ping,Q3,GA,Inner Left,SGP Goal,,,,
Brunei,SGPvsBRN_16122025,2487.998527934988,10.998923715985711,SGP Shot,65,,,,,,,,Amandeep Chahal,Q3,GS,Outer Right,SGP Goal,,,,
Brunei,SGPvsBRN_16122025,2531.2982443650126,11.100320413986537,SGP Shot,66,,,,,,,,Amandeep Chahal,Q3,GS,Inner Middle,SGP Goal,,,,
Brunei,SGPvsBRN_16122025,2554.497336525974,11.099938176000705,SGP Shot,67,,,,,,,,Goh Wei Ping,Q3,GA,Outer Middle,SGP Goal,,,,
Brunei,SGPvsBRN_16122025,2575.597296097975,11.29908925198788,SGP Shot,68,,,,,,,,Amandeep Chahal,Q3,GS,Inner Right,SGP Goal,,,,
Brunei,SGPvsBRN_16122025,2624.2991199430035,10.99865028099748,SGP Shot,69,,,,,,,,Amandeep Chahal,Q3,GS,Inner Left,SGP Goal,,,,
Brunei,SGPvsBRN_16122025,2640.897499073983,10.998288965019128,SGP Shot,70,,,,,,,,Amandeep Chahal,Q3,GS,Inner Right,SGP Goal,,,,
Brunei,SGPvsBRN_16122025,2692.6772795709717,11.32172764,SGP Shot,71,,,,,,,,Goh Wei Ping,Q3,GA,Inner Right,SGP Goal,,,,
Brunei,SGPvsBRN_16122025,2774.5918555555554,10,SGP Shot,72,,,,,,,,Goh Wei Ping,Q3,GA,Outer Left,SGP Goal,,,,
Brunei,SGPvsBRN_16122025,2792.941477777778,10,SGP Shot,73,,,,,,,,Amandeep Chahal,Q3,GS,Outer Left,SGP Miss,,,,
Brunei,SGPvsBRN_16122025,2796.798238106972,12.201200901011816,SGP Shot,74,,,,,,,,Amandeep Chahal,Q3,GS,Inner Left,SGP Goal,,,,
Brunei,SGPvsBRN_16122025,2863.5995084589786,11.09830081,SGP Shot,75,,,,,,,,Amandeep Chahal,Q3,GS,Inner Right,SGP Goal,,,,
Brunei,SGPvsBRN_16122025,2881.274118809014,10.925023790968226,SGP Shot,76,,,,,,,,Amandeep Chahal,Q3,GS,Outer Middle,SGP Goal,,,,
Brunei,SGPvsBRN_16122025,2940.598471714012,10.99992108096103,SGP Shot,77,,,,,,,,Amandeep Chahal,Q4,GA,Outer Middle,SGP Goal,,,,
Brunei,SGPvsBRN_16122025,2957.074088530997,10.925683420988662,SGP Shot,78,,,,,,,,Amandeep Chahal,Q4,GA,Outer Middle,SGP Goal,,,,
Brunei,SGPvsBRN_16122025,2990.1499555555556,10,SGP Shot,79,,,,,,,,Lee Pei Shan,Q4,GA,Inner Middle,SGP Goal,,,,
Brunei,SGPvsBRN_16122025,3009.561553675984,11.037062328985485,SGP Shot,80,,,,,,,,Lee Pei Shan,Q4,GS,Inner Middle,SGP Goal,,,,
Brunei,SGPvsBRN_16122025,3088.975049790992,11.023528849998456,SGP Shot,81,,,,,,,,Lee Pei Shan,Q4,GS,Inner Middle,SGP Goal,,,,
Brunei,SGPvsBRN_16122025,3102.396956945967,10.90170678901768,SGP Shot,82,,,,,,,,Lee Pei Shan,Q4,GS,Inner Right,SGP Goal,,,,
Brunei,SGPvsBRN_16122025,3163.2585777777776,10,SGP Shot,83,,,,,,,,Lee Pei Shan,Q4,GS,Outer Middle,SGP Miss,,,,
Brunei,SGPvsBRN_16122025,3263.8986315879843,11.000517958000273,SGP Shot,84,,,,,,,,Lee Pei Shan,Q4,GS,Inner Left,SGP Goal,,,,
Brunei,SGPvsBRN_16122025,3314.363122222222,10,SGP Shot,85,,,,,,,,Amandeep Chahal,Q4,GA,Outer Right,SGP Miss,,,,
Brunei,SGPvsBRN_16122025,3318.597551775993,11.09645330499825,SGP Shot,86,,,,,,,,Lee Pei Shan,Q4,GS,Inner Left,SGP Goal,,,,
Brunei,SGPvsBRN_16122025,3335.098145847963,11.099127838037475,SGP Shot,87,,,,,,,,Lee Pei Shan,Q4,GS,Inner Right,SGP Goal,,,,
Brunei,SGPvsBRN_16122025,3387.47654,11.421523919968422,SGP Shot,88,,,,,,,,Amandeep Chahal,Q4,GA,Outer Middle,SGP Goal,,,,
Brunei,SGPvsBRN_16122025,3410.476377843965,11.42270574204258,SGP Shot,89,,,,,,,,Lee Pei Shan,Q4,GS,Inner Right,SGP Goal,,,,
Brunei,SGPvsBRN_16122025,3449.7370444444446,11.161590438538951,SGP Shot,90,,,,,,,,Amandeep Chahal,Q4,GS,Outer Middle,SGP Miss,,,,
Brunei,SGPvsBRN_16122025,3454.5971952349987,11.102255819986567,SGP Shot,91,,,,,,,,Goh Wei Ping,Q4,GA,Inner Right,SGP Goal,,,,
Brunei,SGPvsBRN_16122025,3474.9966986429727,10.801449123012844,SGP Shot,92,,,,,,,,Amandeep Chahal,Q4,GS,Outer Left,SGP Goal,,,,
Brunei,SGPvsBRN_16122025,3526.376045966975,11.42178194702501,SGP Shot,93,,,,,,,,Amandeep Chahal,Q4,GS,Inner Left,SGP Goal,,,,
Brunei,SGPvsBRN_16122025,3556.297943595982,11.200241350026772,SGP Shot,94,,,,,,,,Amandeep Chahal,Q4,GS,Inner Middle,SGP Goal,,,,
Brunei,SGPvsBRN_16122025,3614.0759916389884,11.220322482009124,SGP Shot,95,,,,,,,,Amandeep Chahal,Q4,GS,Inner Left,SGP Goal,,,,
Malaysia,SGPvsMAS_15122025,1190.7932062279895,5.000417580013163,OPP Feed,34,,,,,Circle Edge,YES,,,Q2,,,,,,,
Brunei,SGPvsBRN_16122025,3681.9000701049877,10.997387853990858,SGP Shot,97,,,,,,,,Amandeep Chahal,Q4,GS,Inner Left,SGP Goal,,,,
Brunei,SGPvsBRN_16122025,3698.5867108449893,12.211851697992188,SGP Shot,98,,,,,,,,Goh Wei Ping,Q4,GA,Outer Middle,SGP Miss,,,,
Brunei,SGPvsBRN_16122025,3704.7770717249728,11.021441288006827,SGP Shot,99,,,,,,,,Amandeep Chahal,Q4,GS,Inner Middle,SGP Goal,,,,
Brunei,SGPvsBRN_16122025,3766.669388888889,10,SGP Shot,100,,,,,,,,Amandeep Chahal,Q4,GS,Outer Middle,SGP Goal,,,,
Brunei,SGPvsBRN_16122025,3818.6985434679955,10.899965960984446,SGP Shot,101,,,,,,,,Amandeep Chahal,Q4,GS,Inner Left,SGP Goal,,,,
Brunei,SGPvsBRN_16122025,49.39502412799442,43.367964760894466,SGP CPD,1,Center Left Defense,GD,,Not Taken,"Circle Edge, Inside Circle","YES, YES",,,"Q1, Q1, Q1, Q1",GS,Outer Left,OPP Goal,,,,
Brunei,SGPvsBRN_16122025,109.43945936597883,25.259293108008094,SGP CPD,2,Center Left Defense,GD,Attacking Left,WA,"Outside Circle, Inside Circle","YES, YES",,,"Q1, Q1, Q1, Q1",GS,Inner Left,OPP Goal,,,,
Brunei,SGPvsBRN_16122025,149.7962726729864,38.60003506201255,SGP CPD,3,Center Left Defense,WA,Center Mid Attack,GA,"Outside Circle, Circle Edge, Circle Edge","YES, YES, YES",,,"Q1, Q1, Q1, Q1, Q1, Q1, Q1","GA, GS","Inner Left, Inner Left","OPP Miss, SGP Goal",,,,
Brunei,SGPvsBRN_16122025,204.1977646489817,41.99921574201031,SGP CPD,4,Center Mid Defense,WA,Center Mid Defense,WA,"Outside Circle, Circle Edge","YES, YES",,,"Q1, Q1, Q1, Q1",GS,Outer Right,OPP Goal,,,,
Brunei,SGPvsBRN_16122025,262.28673333333336,44.91092857765187,SGP CPD,5,Center Mid Attack,GA,Center Right Attack,C,Circle Edge,YES,,,"Q1, Q1, Q1, Q1",GS,Inner Middle,SGP Goal,,,,
Brunei,SGPvsBRN_16122025,331.9937178409713,32.10440878903421,SGP CPD,6,Center Mid Defense,WD,Center Right Defense,C,Circle Edge,YES,,,"Q1, Q1, Q1",GS,Outer Middle,OPP Goal,,,,
Brunei,SGPvsBRN_16122025,400.2928399149773,33.706407492017036,SGP CPD,7,Center Mid Attack,GA,Center Mid Attack,WA,"Outside Circle, Inside Circle, Inside Circle","YES, YES, NO",,,"Q1, Q1, Q1, Q1, Q1",GS,Outer Left,OPP Goal,,,,
Brunei,SGPvsBRN_16122025,506.1950707869851,18.40261948900155,SGP CPD,8,Center Right Attack,GA,Center Mid Attack,C,Outside Circle,YES,,,"Q1, Q1, Q1",GS,Inner Right,OPP Goal,,,,
Brunei,SGPvsBRN_16122025,543.2946117549961,23.304249952983582,SGP CPD,9,Center Right Attack,GA,Center Mid Attack,C,Outside Circle,YES,,,"Q1, Q1, Q1",GS,Inner Right,OPP Goal,,,,
Brunei,SGPvsBRN_16122025,651.7939373279937,46.40434078001374,SGP CPD,10,,Not Taken,,,"Circle Edge, Circle Edge","YES, YES",,,"Q1, Q1, Q1, Q1, Q1",GA,Inner Left,SGP Goal,,,,
Brunei,SGPvsBRN_16122025,731.6732555555556,61.62506732640952,SGP CPD,11,Center Mid Attack,GA,Center Mid Attack,C,"Outside Circle, Circle Edge, Circle Edge","NO, YES, YES",,,"Q1, Q1, Q1, Q1, Q1, Q1, Q1, Q1",GS,Inner Left,SGP Goal,,,,
Brunei,SGPvsBRN_16122025,819.7944668769832,26.603250724011332,SGP CPD,12,Center Mid Defense,GD,Center Right Defense,GA,"Circle Edge, Circle Edge","YES, YES",,,"Q1, Q1, Q1, Q1",GS,Inner Middle,OPP Goal,,,,
Brunei,SGPvsBRN_16122025,864.2929245199899,43.804759498982435,SGP CPD,13,Center Mid Attack,GA,Center Left Attack,C,"Outside Circle, Circle Edge","YES, YES",,,"Q1, Q1, Q1, Q1, Q1, Q1","GS, GA","Outer Middle, Inner Right","OPP Miss, SGP Goal",,,,
Brunei,SGPvsBRN_16122025,931.1976704589857,32.399826101987514,SGP CPD,14,Center Left Defense,GD,Center Mid Defense,C,"Outside Circle, Circle Edge","YES, YES",,,"Q1, Q1, Q1, Q1, Q1",GS,Inner Left,SGP Goal,,,,
Brunei,SGPvsBRN_16122025,1012.8938296829957,43.204971452979294,SGP CPD,15,Center Right Attack,WA,,Not Taken,Circle Edge,YES,,,"Q2, Q2, Q2, Q2",GS,Inner Middle,SGP Goal,,,,
Brunei,SGPvsBRN_16122025,1120.092709701985,43.305759053005886,SGP CPD,16,Center Left Attack,WD,Attacking Left,Not Taken,Outside Circle,YES,,,"Q2, Q2, Q2, Q2",GA,Outer Left,SGP Goal,,,,
Brunei,SGPvsBRN_16122025,1193.5983052350073,19.899321574989926,SGP CPD,17,Center Mid Attack,GA,,,"Outside Circle, Inside Circle","YES, YES",,,"Q2, Q2, Q2, Q2, Q2",GA,Inner Left,SGP Goal,,,,
Brunei,SGPvsBRN_16122025,1236.7898366099978,57.50862127798746,SGP CPD,18,Center Right Defense,WD,Center Right Attack,GA,"Outside Circle, Inside Circle","YES, YES",,,"Q2, Q2, Q2, Q2, Q2",GS,Inner Middle,SGP Goal,,,,
Brunei,SGPvsBRN_16122025,1324.5925501429906,37.10485002899463,SGP CPD,19,Center Mid Attack,GA,Center Left Attack,WD,"Circle Edge, Outside Circle","NO, YES",,,"Q2, Q2, Q2, Q2, Q2",GS,Inner Right,SGP Goal,,,,
Brunei,SGPvsBRN_16122025,1419.2912416970037,37.15125830299644,SGP CPD,20,Center Mid Defense,GA,Center Mid Attack,C,Circle Edge,YES,,,"Q2, Q2, Q2",GS,Outer Left,OPP Goal,,,,
Brunei,SGPvsBRN_16122025,1470.4928461109898,23.405728042981764,SGP CPD,21,Center Right Attack,GA,Attacking Right,GS,"Outside Circle, Inside Circle","YES, YES",,,"Q2, Q2, Q2, Q2",GS,Inner Left,OPP Goal,,,,
Brunei,SGPvsBRN_16122025,1517.1923042600006,19.905751116966485,SGP CPD,22,Center Left Attack,WA,Attacking Left Pocket,GS,"Outside Circle, Circle Edge, Inside Circle","YES, YES, YES",,,"Q2, Q2, Q2, Q2, Q2",GS,Outer Left,OPP Goal,,,,
Brunei,SGPvsBRN_16122025,1555.1923706679843,54.60603552500652,SGP CPD,23,Center Left Attack,WD,Center Left Defense,GD,"Circle Edge, Circle Edge, Circle Edge","YES, YES, YES",,,"Q2, Q2, Q2, Q2, Q2, Q2, Q2","GS, GS","Outer Middle, Inner Left","OPP Miss, SGP Goal",,,,
Brunei,SGPvsBRN_16122025,1696.4930563500088,35.704948258002105,SGP CPD,24,Center Mid Attack,Not Taken,,,"Circle Edge, Circle Edge","NO, YES",,,"Q2, Q2, Q2, Q2, Q2",GS,Inner Left,SGP Goal,,,,
Brunei,SGPvsBRN_16122025,1745.991221933964,34.10810854000238,SGP CPD,25,Center Left Defense,GD,Center Left Attack,C,Outside Circle,YES,,,"Q2, Q2, Q2",GS,Inner Right,OPP Goal,,,,
Brunei,SGPvsBRN_16122025,1398.3978509949895,10.999976868013846,SGP Shot,35,,,,,,,,Amandeep Chahal,Q2,GA,Inner Left,SGP Goal,,,,
Brunei,SGPvsBRN_16122025,1849.0933518939892,30.704449153994574,SGP CPD,27,Center Right Attack,WA,Attacking Right,GA,"Circle Edge, Circle Edge","YES, YES",,,"Q2, Q2, Q2, Q2, Q2",GA,Outer Middle,SGP Goal,,,,
Brunei,SGPvsBRN_16122025,1894.3930083289792,44.30443517900085,SGP CPD,28,Center Left Attack,WD,Attacking Left,GA,"Outside Circle, Outside Circle, Circle Edge","YES, YES, YES",,,"Q2, Q2, Q2, Q2, Q2, Q2",GS,Inner Right,SGP Goal,,,,
Brunei,SGPvsBRN_16122025,1972.7963701579752,82.73684095313592,SGP CPD,29,Center Right Defense,Not Taken,,,"Circle Edge, Circle Edge, Outside Circle, Circle Edge, Circle Edge, Circle Edge, Circle Edge","YES, YES, NO, NO, YES, YES, YES",,,"Q3, Q3, Q3, Q3, Q3, Q3, Q3, Q3, Q3, Q3, Q3","GS, GA","Outer Middle, Inner Middle","OPP Miss, SGP Goal",,,,
Brunei,SGPvsBRN_16122025,2074.7937353929883,27.90600373,SGP CPD,30,Center Mid Attack,WA,Attacking Left,GS,"Outside Circle, Inside Circle","YES, YES",,,"Q3, Q3, Q3, Q3",GS,Inner Right,OPP Goal,,,,
Brunei,SGPvsBRN_16122025,2122.1936437979894,17.45055620201083,SGP CPD,31,Center Left Defense,WD,Center Left Attack,GA,Circle Edge,YES,,,"Q3, Q3, Q3",GS,Outer Middle,OPP Goal,,,,
Brunei,SGPvsBRN_16122025,2157.694032761994,34.70509830496758,SGP CPD,32,Center Left Attack,Not Taken,,,Circle Edge,YES,,,"Q3, Q3, Q3, Q3",GS,Inner Left,SGP Goal,,,,
Thailand,SGPvsTHA_141225,1644.9929128959673,5.129617271032885,SGP Feed,36,,,,,Circle Edge,YES,,Rachel Ling,Q2,,,,,,,
Brunei,SGPvsBRN_16122025,2279.6940244690045,35.70450644796256,SGP CPD,34,Center Right Attack,WA,,Not Taken,"Outside Circle, Outside Circle, Inside Circle, Circle Edge","NO, YES, YES, YES",,,"Q3, Q3, Q3, Q3, Q3, Q3, Q3, Q3","GA, GS","Outer Left, Inner Middle","SGP Miss, SGP Goal",,,,
Brunei,SGPvsBRN_16122025,2349.9663333333333,30.531368895668493,SGP CPD,35,,Not Taken,,,"Outside Circle, Inside Circle","YES, YES",,,"Q3, Q3, Q3, Q3",GA,Inner Right,OPP Goal,,,,
Brunei,SGPvsBRN_16122025,2399.0933077449868,42.60412116198859,SGP CPD,36,Center Mid Defense,WD,Center Left Defense,GD,"Circle Edge, Circle Edge","YES, YES",,,"Q3, Q3, Q3, Q3, Q3",GA,Inner Right,SGP Goal,,,,
Brunei,SGPvsBRN_16122025,2460.6899912479726,22.70779041,SGP CPD,37,Center Left Attack,GA,,Not Taken,"Circle Edge, Circle Edge, Circle Edge","YES, YES, YES",,,"Q3, Q3, Q3, Q3, Q3, Q3",GA,Inner Left,SGP Goal,,,,
Brunei,SGPvsBRN_16122025,2501.293278,26.90494637698339,SGP CPD,38,Center Left Attack,WD,Attacking Left,GS,"Outside Circle, Inside Circle","YES, YES",,,"Q3, Q3, Q3, Q3",GA,Inner Left,OPP Goal,,,,
Brunei,SGPvsBRN_16122025,2544.0935743720024,21.503700329972162,SGP CPD,39,Center Mid Attack,WA,Attacking Right,GA,Circle Edge,YES,,,"Q3, Q3, Q3, Q3",GA,Outer Middle,SGP Goal,,,,
Brunei,SGPvsBRN_16122025,2588.5907512479966,46.70701897600429,SGP CPD,40,Center Right Defense,GD,Center Right Defense,WA,"Circle Edge, Circle Edge","YES, YES",,,"Q3, Q3, Q3, Q3, Q3, Q3","GS, GS","Outer Right, Inner Left","OPP Miss, SGP Goal",,,,
Brunei,SGPvsBRN_16122025,2654.1978073739765,33.49722503699513,SGP CPD,41,Center Mid Attack,WA,Center Right Attack,C,"Circle Edge, Circle Edge","YES, YES",,,"Q3, Q3, Q3, Q3",GS,Inner Left,OPP Goal,,,,
Brunei,SGPvsBRN_16122025,2712.2909597160037,72.30089583955169,SGP CPD,42,Center Right Defense,GA,Center Mid Defense,C,"Circle Edge, Inside Circle, Circle Edge","NO, YES, YES",,,"Q3, Q3, Q3, Q3, Q3, Q3, Q3","GA, GA","Inner Left, Outer Left","OPP Miss, SGP Goal",,,,
Brunei,SGPvsBRN_16122025,2809.394187550005,65.30362172198329,SGP CPD,43,Center Left Defense,GD,Center Mid Defense,C,"Outside Circle, Circle Edge","YES, YES",,,"Q3, Q3, Q3, Q3, Q3",GS,Inner Right,SGP Goal,,,,
Brunei,SGPvsBRN_16122025,2918.9942682080036,32.60412458696919,SGP CPD,44,Center Right Attack,GA,Attacking Middle,C,Outside Circle,YES,,,"Q4, Q4, Q4, Q4",GA,Outer Middle,SGP Goal,,,,
Brunei,SGPvsBRN_16122025,2968.9886260489875,31.16132950656811,SGP CPD,45,Center Left Attack,Not Taken,,,"Outside Circle, Inside Circle","YES, YES",,,"Q4, Q4, Q4, Q4, Q4",GA,Inner Middle,SGP Goal,,,,
Brunei,SGPvsBRN_16122025,3022.6971126149824,77.30146602600826,SGP CPD,46,Center Right Attack,GA,Center Right Attack,WA,"Outside Circle, Inside Circle","YES, YES",,,"Q4, Q4, Q4, Q4, Q4",GS,Inner Middle,SGP Goal,,,,
Brunei,SGPvsBRN_16122025,3116.3626082499973,40.73481552898738,SGP CPD,47,Center Left Attack,WD,Center Left Attack,GA,Outside Circle,YES,,,"Q4, Q4, Q4",GS,Inner Middle,OPP Goal,,,,
Brunei,SGPvsBRN_16122025,3237.4935957430052,22.747170923661542,SGP CPD,48,Center Right Defense,GD,Center Right Attack,C,"Circle Edge, Circle Edge","YES, YES",,,"Q4, Q4, Q4, Q4",GA,Inner Middle,OPP Goal,,,,
Brunei,SGPvsBRN_16122025,3277.7975405989855,51.89646448200574,SGP CPD,49,Center Left Attack,GD,Center Mid Attack,C,"Circle Edge, Circle Edge","NO, YES",,,"Q4, Q4, Q4, Q4, Q4, Q4","GS, GS","Outer Right, Inner Left","SGP Miss, SGP Goal",,,,
Brunei,SGPvsBRN_16122025,3349.400179087982,49.49788434398624,SGP CPD,50,Center Mid Attack,WA,,Not Taken,"Outside Circle, Circle Edge, Circle Edge, Circle Edge","NO, NO, YES, YES",,,"Q4, Q4, Q4, Q4, Q4, Q4, Q4, Q4, Q4",GS,Outer Middle,SGP Goal,,,,
Brunei,SGPvsBRN_16122025,3432.5975987029683,33.10185235201698,SGP CPD,51,Center Left Attack,WD,Center Left Attack,WA,"Circle Edge, Circle Edge","YES, YES",,,"Q4, Q4, Q4, Q4, Q4, Q4","GS, GA","Outer Middle, Inner Right","SGP Miss, SGP Goal",,,,
Brunei,SGPvsBRN_16122025,3486.7934465269923,51.004381387007925,SGP CPD,52,Center Right Attack,WA,Center Left Attack,GD,"Circle Edge, Outside Circle","YES, YES",,,"Q4, Q4, Q4, Q4, Q4, Q4","GS, GS","Outer Left, Inner Left","OPP Miss, SGP Goal",,,,
Brunei,SGPvsBRN_16122025,3576.1931271169883,49.103187004009214,SGP CPD,53,Center Right Attack,GA,Center Right Attack,WA,"Outside Circle, Circle Edge, Circle Edge, Circle Edge","YES, YES, YES, YES",,,"Q4, Q4, Q4, Q4, Q4, Q4, Q4, Q4","GS, GS","Inner Left, Inner Left","OPP Miss, SGP Goal",,,,
Brunei,SGPvsBRN_16122025,3667.1899931949692,25.707464764009273,SGP CPD,54,Center Mid Defense,GD,Center Right Defense,WA,Circle Edge,YES,,,"Q4, Q4, Q4, Q4",GS,Inner Left,SGP Goal,,,,
Brunei,SGPvsBRN_16122025,3718.3932940209856,45.230994867903064,SGP CPD,55,Center Left Defense,GD,Center Left Defense,WD,"Circle Edge, Circle Edge","YES, YES",,,"Q4, Q4, Q4, Q4",GS,Inner Left,OPP Goal,,,,
Brunei,SGPvsBRN_16122025,3781.5912303259925,25.004936033978083,SGP CPD,56,Center Mid Attack,GA,,Not Taken,"Circle Edge, Circle Edge, Inside Circle","YES, YES, YES",,,"Q4, Q4, Q4, Q4, Q4",GS,Inner Right,OPP Goal,,,,
Brunei,SGPvsBRN_16122025,3831.0965641529624,34.84816918037086,SGP CPD,57,Center Mid Attack,GA,Center Mid Attack,C,Circle Edge,YES,,,"Q4, Q4",,,,,,,
Brunei,SGPvsBRN_16122025,49.39502412799442,43.367964760894466,SGP DCPD,1,Center Left Defense,GD,,Not Taken,"Circle Edge, Inside Circle","YES, YES",,,"Q1, Q1, Q1, Q1",GS,Outer Left,OPP Goal,,,,
Brunei,SGPvsBRN_16122025,109.43945936597883,25.259293108008094,SGP DCPD,2,Center Left Defense,GD,Attacking Left,WA,"Outside Circle, Inside Circle","YES, YES",,,"Q1, Q1, Q1, Q1",GS,Inner Left,OPP Goal,,,,
Brunei,SGPvsBRN_16122025,149.7962726729864,20.063293993680276,SGP DCPD,3,Center Left Defense,WA,Center Mid Attack,GA,"Outside Circle, Circle Edge","YES, YES",,,"Q1, Q1, Q1, Q1",GA,Inner Left,OPP Miss,,,,
Brunei,SGPvsBRN_16122025,204.1977646489817,41.99921574201031,SGP DCPD,4,Center Mid Defense,WA,Center Mid Defense,WA,"Outside Circle, Circle Edge","YES, YES",,,"Q1, Q1, Q1, Q1",GS,Outer Right,OPP Goal,,,,
Brunei,SGPvsBRN_16122025,262.28673333333336,15.311016798656624,SGP DCPD,5,Center Mid Attack,GA,Center Right Attack,C,,,,,Q1,,,,,,,
Brunei,SGPvsBRN_16122025,331.9937178409713,32.10440878903421,SGP DCPD,6,Center Mid Defense,WD,Center Right Defense,"WD, C",Circle Edge,YES,,,"Q1, Q1, Q1",GS,Outer Middle,OPP Goal,,,,
Brunei,SGPvsBRN_16122025,400.2928399149773,33.706407492017036,SGP DCPD,7,Center Mid Attack,GA,Center Mid Attack,WA,"Outside Circle, Inside Circle, Inside Circle","YES, YES, NO",,,"Q1, Q1, Q1, Q1, Q1",GS,Outer Left,OPP Goal,,,,
Brunei,SGPvsBRN_16122025,506.1950707869851,18.40261948900155,SGP DCPD,8,Center Right Attack,GA,Center Mid Attack,C,Outside Circle,YES,,,"Q1, Q1, Q1",GS,Inner Right,OPP Goal,,,,
Brunei,SGPvsBRN_16122025,543.2946117549961,23.304249952983582,SGP DCPD,9,Center Right Attack,GA,Center Mid Attack,C,Outside Circle,YES,,,"Q1, Q1, Q1",GS,Inner Right,OPP Goal,,,,
Brunei,SGPvsBRN_16122025,651.7939373279937,27.104806953992238,SGP DCPD,10,,Not Taken,,,,,,,Q1,,,,,,,
Brunei,SGPvsBRN_16122025,731.6732555555556,31.125226970419817,SGP DCPD,11,Center Mid Attack,GA,Center Mid Attack,C,,,,,Q1,,,,,,,
Brunei,SGPvsBRN_16122025,819.7944668769832,26.603250724011332,SGP DCPD,12,Center Mid Defense,GD,Center Right Defense,GA,"Circle Edge, Circle Edge","YES, YES",,,"Q1, Q1, Q1, Q1",GS,Inner Middle,OPP Goal,,,,
Brunei,SGPvsBRN_16122025,864.2929245199899,31.505215414975623,SGP DCPD,13,Center Mid Attack,GA,Center Left Attack,C,Outside Circle,YES,,,"Q1, Q1, Q1",GS,Outer Middle,OPP Miss,,,,
Brunei,SGPvsBRN_16122025,931.1976704589857,18.454296207680954,SGP DCPD,14,Center Left Defense,GD,Center Mid Defense,C,Outside Circle,YES,,,"Q1, Q1",,,,,,,
Brunei,SGPvsBRN_16122025,1012.8938296829957,23.504909431990768,SGP DCPD,15,Center Right Attack,WA,,Not Taken,,,,,Q2,,,,,,,
Brunei,SGPvsBRN_16122025,1120.092709701985,7.4459680757927345,SGP DCPD,16,Center Left Attack,WD,Attacking Left,Not Taken,,,,,Q2,,,,,,,
Brunei,SGPvsBRN_16122025,1193.5983052350073,7.525928098325949,SGP DCPD,17,Center Mid Attack,GA,,,,,,,Q2,,,,,,,
Brunei,SGPvsBRN_16122025,1236.7898366099978,38.408746668979575,SGP DCPD,18,Center Right Defense,WD,Center Right Attack,GA,,,,,Q2,,,,,,,
Brunei,SGPvsBRN_16122025,1324.5925501429906,20.584325291985124,SGP DCPD,19,Center Mid Attack,GA,Center Left Attack,WD,Circle Edge,NO,,,"Q2, Q2",,,,,,,
Brunei,SGPvsBRN_16122025,1419.2912416970037,37.15125830299644,SGP DCPD,20,Center Mid Defense,GA,Center Mid Attack,C,Circle Edge,YES,,,"Q2, Q2, Q2",GS,Outer Left,OPP Goal,,,,
Brunei,SGPvsBRN_16122025,1470.4928461109898,23.405728042981764,SGP DCPD,21,Center Right Attack,GA,Attacking Right,GS,"Outside Circle, Inside Circle","YES, YES",,,"Q2, Q2, Q2, Q2",GS,Inner Left,OPP Goal,,,,
Brunei,SGPvsBRN_16122025,1517.1923042600006,19.905751116966485,SGP DCPD,22,Center Left Attack,WA,Attacking Left Pocket,GS,"Outside Circle, Circle Edge, Inside Circle","YES, YES, YES",,,"Q2, Q2, Q2, Q2, Q2",GS,Outer Left,OPP Goal,,,,
Brunei,SGPvsBRN_16122025,1555.1923706679843,30.50498041297965,SGP DCPD,23,Center Left Attack,WD,Center Left Defense,GD,"Circle Edge, Circle Edge","YES, YES",,,"Q2, Q2, Q2, Q2",GS,Outer Middle,OPP Miss,,,,
Brunei,SGPvsBRN_16122025,1696.4930563500088,18.10550927097188,SGP DCPD,24,Center Mid Attack,Not Taken,,,Circle Edge,NO,,,"Q2, Q2",,,,,,,
Brunei,SGPvsBRN_16122025,1745.991221933964,34.10810854000238,SGP DCPD,25,Center Left Defense,GD,Center Left Attack,C,Outside Circle,YES,,,"Q2, Q2, Q2",GS,Inner Right,OPP Goal,,,,
Malaysia,SGPvsMAS_15122025,1741.989554192987,29.406971298016742,SGP CPD,28,Center Left Attack,GA,Attacking Middle,Not Taken,Circle Edge,YES,,,"Q2, Q2, Q2",GA,Inner Right,OPP Goal,,,,
Brunei,SGPvsBRN_16122025,1849.0933518939892,14.321903661566466,SGP DCPD,27,Center Right Attack,WA,Attacking Right,GA,,,,,Q2,,,,,,,
Brunei,SGPvsBRN_16122025,1894.3930083289792,24.462902782131778,SGP DCPD,28,Center Left Attack,WD,Attacking Left,GA,Outside Circle,YES,,,"Q2, Q2",,,,,,,
Brunei,SGPvsBRN_16122025,1972.7963701579752,40.921907619802596,SGP DCPD,29,Center Right Defense,Not Taken,,,"Circle Edge, Circle Edge","YES, YES",,,"Q3, Q3, Q3, Q3",GS,Outer Middle,OPP Miss,,,,
Brunei,SGPvsBRN_16122025,2074.7937353929883,27.90600373,SGP DCPD,30,Center Mid Attack,WA,Attacking Left,GS,"Outside Circle, Inside Circle","YES, YES",,,"Q3, Q3, Q3, Q3",GS,Inner Right,OPP Goal,,,,
Brunei,SGPvsBRN_16122025,2122.1936437979894,17.45055620201083,SGP DCPD,31,Center Left Defense,WD,"Center Left Defense, Center Left Attack",GA,Circle Edge,YES,,,"Q3, Q3, Q3",GS,Outer Middle,OPP Goal,,,,
Brunei,SGPvsBRN_16122025,2157.694032761994,6.9402561268948375,SGP DCPD,32,Center Left Attack,Not Taken,,,,,,,Q3,,,,,,,
Malaysia,SGPvsMAS_15122025,1741.989554192987,29.406971298016742,SGP DCPD,28,Center Left Attack,GA,Attacking Middle,Not Taken,Circle Edge,YES,,,"Q2, Q2, Q2",GA,Inner Right,OPP Goal,,,,
Brunei,SGPvsBRN_16122025,2279.6940244690045,8.625042198,SGP DCPD,34,Center Right Attack,WA,,Not Taken,Outside Circle,NO,,,"Q3, Q3",,,,,,,
Brunei,SGPvsBRN_16122025,2349.9663333333333,30.531368895668493,SGP DCPD,35,,Not Taken,,,"Outside Circle, Inside Circle","YES, YES",,,"Q3, Q3, Q3, Q3",GA,Inner Right,OPP Goal,,,,
Brunei,SGPvsBRN_16122025,2399.0933077449868,17.71150336612436,SGP DCPD,36,Center Mid Defense,WD,Center Left Defense,GD,,,,,Q3,,,,,,,
Brunei,SGPvsBRN_16122025,2460.6899912479726,6.597553196471836,SGP DCPD,37,Center Left Attack,GA,,Not Taken,,,,,Q3,,,,,,,
Brunei,SGPvsBRN_16122025,2501.293278,26.90494637698339,SGP DCPD,38,Center Left Attack,WD,Attacking Left,GS,"Outside Circle, Inside Circle","YES, YES",,,"Q3, Q3, Q3, Q3",GA,Inner Left,OPP Goal,,,,
Brunei,SGPvsBRN_16122025,2544.0935743720024,7.894125628,SGP DCPD,39,Center Mid Attack,WA,Attacking Right,GA,,,,,Q3,,,,,,,
Brunei,SGPvsBRN_16122025,2588.5907512479966,36.308357336992685,SGP DCPD,40,Center Right Defense,GD,Center Right Defense,WA,Circle Edge,YES,,,"Q3, Q3, Q3",GS,Outer Right,OPP Miss,,,,
Brunei,SGPvsBRN_16122025,2654.1978073739765,33.49722503699513,SGP DCPD,41,Center Mid Attack,WA,Center Right Attack,C,"Circle Edge, Circle Edge","YES, YES",,,"Q3, Q3, Q3, Q3",GS,Inner Left,OPP Goal,,,,
Brunei,SGPvsBRN_16122025,2712.2909597160037,48.70703291297559,SGP DCPD,42,Center Right Defense,GA,Center Mid Defense,C,"Circle Edge, Inside Circle","NO, YES",,,"Q3, Q3, Q3, Q3",GA,Inner Left,OPP Miss,,,,
Brunei,SGPvsBRN_16122025,2809.394187550005,50.35400133888379,SGP DCPD,43,Center Left Defense,GD,Center Mid Defense,C,Outside Circle,YES,,,"Q3, Q3",,,,,,,
Brunei,SGPvsBRN_16122025,2918.9942682080036,11.806542903107584,SGP DCPD,44,Center Right Attack,GA,Attacking Middle,C,,,,,Q4,,,,,,,
Brunei,SGPvsBRN_16122025,2968.9886260489875,9.309216668989848,SGP DCPD,45,Center Left Attack,Not Taken,,,,,,,Q4,,,,,,,
Brunei,SGPvsBRN_16122025,3022.6971126149824,67.09893182946189,SGP DCPD,46,Center Right Attack,GA,Center Right Attack,WA,,,,,Q4,,,,,,,
Brunei,SGPvsBRN_16122025,3116.3626082499973,40.73481552898738,SGP DCPD,47,Center Left Attack,WD,Center Left Attack,GA,Outside Circle,YES,,,"Q4, Q4, Q4",GS,Inner Middle,OPP Goal,,,,
Brunei,SGPvsBRN_16122025,3237.4935957430052,22.747170923661542,SGP DCPD,48,Center Right Defense,GD,Center Right Attack,C,"Circle Edge, Circle Edge","YES, YES",,,"Q4, Q4, Q4, Q4",GA,Inner Middle,OPP Goal,,,,
Brunei,SGPvsBRN_16122025,3277.7975405989855,26.179587798012562,SGP DCPD,49,Center Left Attack,GD,Center Mid Attack,C,Circle Edge,NO,,,"Q4, Q4",,,,,,,
Brunei,SGPvsBRN_16122025,3349.400179087982,21.077320912017967,SGP DCPD,50,Center Mid Attack,WA,,Not Taken,Outside Circle,NO,,,"Q4, Q4",,,,,,,
Brunei,SGPvsBRN_16122025,3432.5975987029683,13.319634630364817,SGP DCPD,51,Center Left Attack,WD,Center Left Attack,WA,Circle Edge,YES,,,"Q4, Q4",,,,,,,
Brunei,SGPvsBRN_16122025,3486.7934465269923,26.305383345997598,SGP DCPD,52,Center Right Attack,WA,Center Left Attack,GD,Circle Edge,YES,,,"Q4, Q4, Q4",GS,Outer Left,OPP Miss,,,,
Brunei,SGPvsBRN_16122025,3576.1931271169883,31.003474184975857,SGP DCPD,53,Center Right Attack,GA,Center Right Attack,WA,"Outside Circle, Circle Edge, Circle Edge","YES, YES, YES",,,"Q4, Q4, Q4, Q4, Q4",GS,Inner Left,OPP Miss,,,,
Brunei,SGPvsBRN_16122025,3667.1899931949692,11.535017916141896,SGP DCPD,54,Center Mid Defense,GD,Center Right Defense,WA,,,,,Q4,,,,,,,
Brunei,SGPvsBRN_16122025,3718.3932940209856,45.230994867903064,SGP DCPD,55,Center Left Defense,GD,Center Left Defense,WD,"Circle Edge, Circle Edge","YES, YES",,,"Q4, Q4, Q4, Q4",GS,Inner Left,OPP Goal,,,,
Brunei,SGPvsBRN_16122025,3781.5912303259925,25.004936033978083,SGP DCPD,56,Center Mid Attack,GA,,Not Taken,"Circle Edge, Circle Edge, Inside Circle","YES, YES, YES",,,"Q4, Q4, Q4, Q4, Q4",GS,Inner Right,OPP Goal,,,,
Brunei,SGPvsBRN_16122025,3831.0965641529624,34.84816918037086,SGP DCPD,57,Center Mid Attack,GA,Center Mid Attack,C,Circle Edge,YES,,,"Q4, Q4",,,,,,,
Brunei,SGPvsBRN_16122025,82.67591111,5,OPP Feed,1,,,,,Circle Edge,YES,,,Q1,,,,,,,
Brunei,SGPvsBRN_16122025,85.09554631200736,5.100028617984535,OPP Feed,2,,,,,Inside Circle,YES,,,Q1,,,,,,,
Brunei,SGPvsBRN_16122025,118.79609889896578,5.10583437,OPP Feed,3,,,,,Outside Circle,YES,,,Q1,,,,,,,
Brunei,SGPvsBRN_16122025,120.49290648998607,5.114640953995064,OPP Feed,4,,,,,Inside Circle,YES,,,Q1,,,,,,,
Brunei,SGPvsBRN_16122025,158.71152222222221,5,OPP Feed,5,,,,,Outside Circle,YES,,,Q1,,,,,,,
Brunei,SGPvsBRN_16122025,160.19745763399607,5.185918649007533,OPP Feed,6,,,,,Circle Edge,YES,,,Q1,,,,,,,
Brunei,SGPvsBRN_16122025,222.8013,5,OPP Feed,7,,,,,Outside Circle,YES,,,Q1,,,,,,,
Brunei,SGPvsBRN_16122025,227.2932264339837,5.203276610010107,OPP Feed,8,,,,,Circle Edge,YES,,,Q1,,,,,,,
Brunei,SGPvsBRN_16122025,352.79484471999024,5.138036037979305,OPP Feed,9,,,,,Circle Edge,YES,,,Q1,,,,,,,
Brunei,SGPvsBRN_16122025,407.0532888888889,5,OPP Feed,10,,,,,Outside Circle,YES,,,Q1,,,,,,,
Brunei,SGPvsBRN_16122025,409.4681888888889,5,OPP Feed,11,,,,,Inside Circle,YES,,,Q1,,,,,,,
Brunei,SGPvsBRN_16122025,412.4930894529857,5.197694291981975,OPP Feed,12,,,,,Inside Circle,NO,,,Q1,,,,,,,
Brunei,SGPvsBRN_16122025,514.0931096639786,5.104718931007255,OPP Feed,13,,,,,Outside Circle,YES,,,Q1,,,,,,,
Brunei,SGPvsBRN_16122025,553.5976947559906,5.196296347994689,OPP Feed,14,,,,,Outside Circle,YES,,,Q1,,,,,,,
Brunei,SGPvsBRN_16122025,834.7703444444444,5,OPP Feed,15,,,,,Circle Edge,YES,,,Q1,,,,,,,
Brunei,SGPvsBRN_16122025,835.3930438129673,5.117243216018096,OPP Feed,16,,,,,Circle Edge,YES,,,Q1,,,,,,,
Brunei,SGPvsBRN_16122025,875.8072,5,OPP Feed,17,,,,,Outside Circle,YES,,,Q1,,,,,,,
Brunei,SGPvsBRN_16122025,938.4020222222222,5,OPP Feed,18,,,,,Outside Circle,YES,,,Q1,,,,,,,
Brunei,SGPvsBRN_16122025,1086.4469777777779,5,OPP Feed,19,,,,,Outside Circle,YES,,,Q2,,,,,,,
Brunei,SGPvsBRN_16122025,1337.2919394559974,5.199082408978711,OPP Feed,20,,,,,Circle Edge,NO,,,Q2,,,,,,,
Brunei,SGPvsBRN_16122025,1389.7979610949815,5.124386236018381,OPP Feed,21,,,,,Circle Edge,NO,,,Q2,,,,,,,
Brunei,SGPvsBRN_16122025,1445.5970496319612,5.198157321016197,OPP Feed,22,,,,,Circle Edge,YES,,,Q2,,,,,,,
Brunei,SGPvsBRN_16122025,1481.0464,5,OPP Feed,23,,,,,Outside Circle,YES,,,Q2,,,,,,,
Brunei,SGPvsBRN_16122025,1482.7931276709664,5.133404186007283,OPP Feed,24,,,,,Inside Circle,YES,,,Q2,,,,,,,
Brunei,SGPvsBRN_16122025,1523.3229,5,OPP Feed,25,,,,,Outside Circle,YES,,,Q2,,,,,,,
Brunei,SGPvsBRN_16122025,1524.4922347750053,5.287559369994142,OPP Feed,26,,,,,Circle Edge,YES,,,Q2,,,,,,,
Brunei,SGPvsBRN_16122025,1527.2350888888889,5,OPP Feed,27,,,,,Inside Circle,YES,,,Q2,,,,,,,
Brunei,SGPvsBRN_16122025,1569.8878471349874,5.202042715008929,OPP Feed,28,,,,,Circle Edge,YES,,,Q2,,,,,,,
Brunei,SGPvsBRN_16122025,1577.2834555555555,5,OPP Feed,29,,,,,Circle Edge,YES,,,Q2,,,,,,,
Brunei,SGPvsBRN_16122025,1645.9306777777779,5,OPP Feed,30,,,,,Outside Circle,YES,,,Q2,,,,,,,
Brunei,SGPvsBRN_16122025,1650.2354777777778,5,OPP Feed,31,,,,,Circle Edge,YES,,,Q2,,,,,,,
Brunei,SGPvsBRN_16122025,1707.8919238989868,5.133868915984522,OPP Feed,32,,,,,Circle Edge,NO,,,Q2,,,,,,,
Brunei,SGPvsBRN_16122025,1761.7546444444445,5,OPP Feed,33,,,,,Outside Circle,YES,,,Q2,,,,,,,
Brunei,SGPvsBRN_16122025,1823.041688888889,5,OPP Feed,34,,,,,Circle Edge,YES,,,Q2,,,,,,,
Thailand,SGPvsTHA_141225,1807.8956568909834,5.196313099005465,OPP Feed,30,,,,,Outside Circle,YES,,,Q2,,,,,,,
Brunei,SGPvsBRN_16122025,1999.450111111111,5,OPP Feed,36,,,,,Circle Edge,YES,,,Q3,,,,,,,
Brunei,SGPvsBRN_16122025,2004.5932036289773,5.196069981027222,OPP Feed,37,,,,,Circle Edge,YES,,,Q3,,,,,,,
Brunei,SGPvsBRN_16122025,2090.1426555555554,5,OPP Feed,38,,,,,Outside Circle,YES,,,Q3,,,,,,,
Brunei,SGPvsBRN_16122025,2092.1954467409705,5.119985303035264,OPP Feed,39,,,,,Inside Circle,YES,,,Q3,,,,,,,
Brunei,SGPvsBRN_16122025,2131.8972352809674,5.122180919,OPP Feed,40,,,,,Circle Edge,YES,,,Q3,,,,,,,
Brunei,SGPvsBRN_16122025,2239.4885,5,OPP Feed,41,,,,,Circle Edge,NO,,,Q3,,,,,,,
Brunei,SGPvsBRN_16122025,2282.8350111111113,5,OPP Feed,42,,,,,Outside Circle,NO,,,Q3,,,,,,,
Brunei,SGPvsBRN_16122025,2368.0825333333332,5,OPP Feed,43,,,,,Outside Circle,YES,,,Q3,,,,,,,
Brunei,SGPvsBRN_16122025,2370.091774888983,5.100688529991658,OPP Feed,44,,,,,Inside Circle,YES,,,Q3,,,,,,,
Brunei,SGPvsBRN_16122025,2515.0454222222224,5,OPP Feed,45,,,,,Outside Circle,YES,,,Q3,,,,,,,
Brunei,SGPvsBRN_16122025,2517.5980799749987,5.3139736549746885,OPP Feed,46,,,,,Inside Circle,YES,,,Q3,,,,,,,
Brunei,SGPvsBRN_16122025,2615.1632555555557,5,OPP Feed,47,,,,,Circle Edge,YES,,,Q3,,,,,,,
Brunei,SGPvsBRN_16122025,2663.5077,5,OPP Feed,48,,,,,Circle Edge,YES,,,Q3,,,,,,,
Brunei,SGPvsBRN_16122025,2677.997690706965,5.186432073021024,OPP Feed,49,,,,,Circle Edge,YES,,,Q3,,,,,,,
Brunei,SGPvsBRN_16122025,2724.516722222222,5,OPP Feed,50,,,,,Circle Edge,NO,,,Q3,,,,,,,
Brunei,SGPvsBRN_16122025,2750.3945885439957,5.211491069988824,OPP Feed,51,,,,,Inside Circle,YES,,,Q3,,,,,,,
Brunei,SGPvsBRN_16122025,2828.517477777778,5,OPP Feed,52,,,,,Outside Circle,YES,,,Q3,,,,,,,
Brunei,SGPvsBRN_16122025,3146.0944666949927,5.202858971991191,OPP Feed,53,,,,,Outside Circle,YES,,,Q4,,,,,,,
Brunei,SGPvsBRN_16122025,3192.4720888888887,5,OPP Feed,54,,,,,Circle Edge,YES,,,Q4,,,,,,,
Brunei,SGPvsBRN_16122025,3213.802811111111,5,OPP Feed,55,,,,,Outside Circle,YES,,,Q4,,,,,,,
Brunei,SGPvsBRN_16122025,3215.4920666666667,5,OPP Feed,56,,,,,Circle Edge,YES,,,Q4,,,,,,,
Brunei,SGPvsBRN_16122025,3248.607466666667,5,OPP Feed,57,,,,,Circle Edge,YES,,,Q4,,,,,,,
Brunei,SGPvsBRN_16122025,3249.991865732971,5.101908780021404,OPP Feed,58,,,,,Circle Edge,YES,,,Q4,,,,,,,
Brunei,SGPvsBRN_16122025,3296.491033417993,5.401574206980968,OPP Feed,59,,,,,Circle Edge,NO,,,Q4,,,,,,,
Brunei,SGPvsBRN_16122025,3363.890551486995,5.307174806998319,OPP Feed,60,,,,,Outside Circle,NO,,,Q4,,,,,,,
Brunei,SGPvsBRN_16122025,3375.1368,5,OPP Feed,61,,,,,Circle Edge,NO,,,Q4,,,,,,,
Brunei,SGPvsBRN_16122025,3439.388933333333,5,OPP Feed,62,,,,,Circle Edge,YES,,,Q4,,,,,,,
Brunei,SGPvsBRN_16122025,3503.3882222222223,5,OPP Feed,63,,,,,Circle Edge,YES,,,Q4,,,,,,,
Brunei,SGPvsBRN_16122025,3593.357811111111,5,OPP Feed,64,,,,,Outside Circle,YES,,,Q4,,,,,,,
Brunei,SGPvsBRN_16122025,3596.5089,5,OPP Feed,65,,,,,Circle Edge,YES,,,Q4,,,,,,,
Brunei,SGPvsBRN_16122025,3598.5933153719816,5.116445456006204,OPP Feed,66,,,,,Circle Edge,YES,,,Q4,,,,,,,
Brunei,SGPvsBRN_16122025,3750.253111111111,5,OPP Feed,67,,,,,Circle Edge,YES,,,Q4,,,,,,,
Brunei,SGPvsBRN_16122025,3754.1934008929875,5.289422254984402,OPP Feed,68,,,,,Circle Edge,YES,,,Q4,,,,,,,
Brunei,SGPvsBRN_16122025,3791.5883777777776,5,OPP Feed,69,,,,,Circle Edge,YES,,,Q4,,,,,,,
Brunei,SGPvsBRN_16122025,3793.0908712750056,5.322239548987454,OPP Feed,70,,,,,Circle Edge,YES,,,Q4,,,,,,,
Brunei,SGPvsBRN_16122025,3795.693039542973,5.189323839025292,OPP Feed,71,,,,,Inside Circle,YES,,,Q4,,,,,,,
Brunei,SGPvsBRN_16122025,3858.708,5,OPP Feed,72,,,,,Circle Edge,YES,,,Q4,,,,,,,
Brunei,SGPvsBRN_16122025,82.76298888888888,10,OPP Shot,1,,,,,,,,,Q1,GS,Outer Left,OPP Goal,,,,
Brunei,SGPvsBRN_16122025,123.69850067500352,11.000251798983413,OPP Shot,2,,,,,,,,,Q1,GS,Inner Left,OPP Goal,,,,
Brunei,SGPvsBRN_16122025,159.42783333333333,10,OPP Shot,3,,,,,,,,,Q1,GA,Inner Left,OPP Miss,,,,
Brunei,SGPvsBRN_16122025,234.9780196329777,11.218960758014305,OPP Shot,4,,,,,,,,,Q1,GS,Outer Right,OPP Goal,,,,
Brunei,SGPvsBRN_16122025,353.09803109598704,11.000095534018499,OPP Shot,5,,,,,,,,,Q1,GS,Outer Middle,OPP Goal,,,,
Brunei,SGPvsBRN_16122025,422.89840837199966,11.100839034994692,OPP Shot,6,,,,,,,,,Q1,GS,Outer Left,OPP Goal,,,,
Brunei,SGPvsBRN_16122025,482.1986635709735,11.099773697014086,OPP Shot,7,,,,,,,,,Q1,GS,Outer Right,OPP Goal,,,,
Brunei,SGPvsBRN_16122025,513.5000792759923,11.097610999994345,OPP Shot,8,,,,,,,,,Q1,GS,Inner Right,OPP Goal,,,,
Brunei,SGPvsBRN_16122025,555.2851494929864,11.313712214993302,OPP Shot,9,,,,,,,,,Q1,GS,Inner Right,OPP Goal,,,,
Brunei,SGPvsBRN_16122025,835.4972515319877,10.900466069006825,OPP Shot,10,,,,,,,,,Q1,GS,Inner Middle,OPP Goal,,,,
Brunei,SGPvsBRN_16122025,883.8252444444445,10,OPP Shot,11,,,,,,,,,Q1,GS,Outer Middle,OPP Miss,,,,
Brunei,SGPvsBRN_16122025,1446.4425,10,OPP Shot,12,,,,,,,,,Q2,GS,Outer Left,OPP Goal,,,,
Brunei,SGPvsBRN_16122025,1482.675463858982,11.22311029498951,OPP Shot,13,,,,,,,,,Q2,GS,Inner Left,OPP Goal,,,,
Brunei,SGPvsBRN_16122025,1526.0982278119704,10.999827564996622,OPP Shot,14,,,,,,,,,Q2,GS,Outer Left,OPP Goal,,,,
Brunei,SGPvsBRN_16122025,1575.3035111111112,10,OPP Shot,15,,,,,,,,,Q2,GS,Outer Middle,OPP Miss,,,,
Brunei,SGPvsBRN_16122025,1653.610211111111,10,OPP Shot,16,,,,,,,,,Q2,GS,Outer Right,OPP Miss,,,,
Brunei,SGPvsBRN_16122025,1768.8986108589802,11.200719614986156,OPP Shot,17,,,,,,,,,Q2,GS,Inner Right,OPP Goal,,,,
Brunei,SGPvsBRN_16122025,1823.3877972019836,11.509724612011269,OPP Shot,18,,,,,,,,,Q2,GA,Inner Right,OPP Goal,,,,
Brunei,SGPvsBRN_16122025,2003.0359222222223,10,OPP Shot,19,,,,,,,,,Q3,GS,Outer Middle,OPP Miss,,,,
Brunei,SGPvsBRN_16122025,2091.197655238008,11.502083888987727,OPP Shot,20,,,,,,,,,Q3,GS,Inner Right,OPP Goal,,,,
Brunei,SGPvsBRN_16122025,2129.6442,10,OPP Shot,21,,,,,,,,,Q3,GS,Outer Middle,OPP Goal,,,,
Brunei,SGPvsBRN_16122025,2369.496647899983,11.001054329018643,OPP Shot,22,,,,,,,,,Q3,GA,Inner Right,OPP Goal,,,,
Brunei,SGPvsBRN_16122025,2517.0971891169775,11.101035613005934,OPP Shot,23,,,,,,,,,Q3,GA,Inner Left,OPP Goal,,,,
Brunei,SGPvsBRN_16122025,2613.4933333333333,10,OPP Shot,24,,,,,,,,,Q3,GS,Outer Right,OPP Miss,,,,
Brunei,SGPvsBRN_16122025,2676.6982489789857,10.996783431985932,OPP Shot,25,,,,,,,,,Q3,GS,Inner Left,OPP Goal,,,,
Brunei,SGPvsBRN_16122025,2748.9477,10,OPP Shot,26,,,,,,,,,Q3,GA,Inner Left,OPP Miss,,,,
Brunei,SGPvsBRN_16122025,3145.8985258129696,11.19889796601501,OPP Shot,27,,,,,,,,,Q4,GS,Inner Middle,OPP Goal,,,,
Brunei,SGPvsBRN_16122025,3196.1865333333335,10,OPP Shot,28,,,,,,,,,Q4,GS,Outer Left,OPP Miss,,,,
Brunei,SGPvsBRN_16122025,3215.677611111111,10.496411111111229,OPP Shot,29,,,,,,,,,"Q4, Q4",GS,"Outer Left, Outer Left",OPP Miss,,,,
Brunei,SGPvsBRN_16122025,3220.2979313419796,10.998036152026543,OPP Shot,30,,,,,,,,,Q4,GA,Inner Left,OPP Goal,,,,
Brunei,SGPvsBRN_16122025,3250.240766666667,10,OPP Shot,31,,,,,,,,,Q4,GA,Inner Middle,OPP Goal,,,,
Brunei,SGPvsBRN_16122025,3501.9025,10,OPP Shot,32,,,,,,,,,Q4,GS,Outer Left,OPP Miss,,,,
Brunei,SGPvsBRN_16122025,3596.5580555555557,10,OPP Shot,33,,,,,,,,,Q4,GS,Inner Left,OPP Miss,,,,
Brunei,SGPvsBRN_16122025,3753.6242888888887,10,OPP Shot,34,,,,,,,,,Q4,GS,Inner Left,OPP Goal,,,,
Brunei,SGPvsBRN_16122025,3795.5975161559827,10.998650203987836,OPP Shot,35,,,,,,,,,Q4,GS,Inner Right,OPP Goal,,,,
Brunei,SGPvsBRN_16122025,162.85956666666667,25.536741068332276,SGP Gains,1,,,,,Circle Edge,YES,Missed Rebound,Reena Divya,"Q1, Q1, Q1",GS,Inner Left,SGP Goal,Defensive D,,,
Brunei,SGPvsBRN_16122025,270.5977501,36.59991177899525,SGP Gains,2,,,,,Circle Edge,YES,Pass Out of Bounds,,"Q1, Q1, Q1",GS,Inner Middle,SGP Goal,Defensive Left Pocket,,,
Brunei,SGPvsBRN_16122025,586.5986113659961,23.296777768000993,SGP Gains,3,,,,,"Outside Circle, Inside Circle","YES, YES",Interception,Khor Ting Fang,"Q1, Q1, Q1, Q1",GA,Inner Middle,SGP Miss,Defensive Right,,,
Brunei,SGPvsBRN_16122025,623.2973865669801,26.70109833600975,SGP Gains,4,,,,,Outside Circle,YES,Pass Out of Bounds,,"Q1, Q1, Q1",GS,Outer Right,SGP Goal,Defensive Left,,,
Brunei,SGPvsBRN_16122025,671.8987443,26.299533826021502,SGP Gains,5,,,,,"Circle Edge, Circle Edge","YES, YES",Held,,"Q1, Q1, Q1, Q1",GA,Inner Left,SGP Goal,Defensive Middle,,,
Brunei,SGPvsBRN_16122025,709.3991951229968,21.098132152981975,SGP Gains,6,,,,,Outside Circle,YES,Pass Out of Bounds,,"Q1, Q1, Q1",GS,Inner Left,SGP Goal,Attacking Right,,,
Brunei,SGPvsBRN_16122025,755.7984825259754,22.601322223010243,SGP Gains,7,,,,,Outside Circle,NO,Stepping,,"Q1, Q1",,,,Defensive Right,,,
Brunei,SGPvsBRN_16122025,777.5984290739906,15.69989380797449,SGP Gains,8,,,,,"Circle Edge, Circle Edge","YES, YES",Interception,Goh Wei Ping,"Q1, Q1, Q1, Q1",GS,Inner Left,SGP Goal,Attacking Left,,,
Brunei,SGPvsBRN_16122025,888.7981399349655,19.29954408400681,SGP Gains,9,,,,,Circle Edge,YES,Missed Rebound,Mishalenee K,"Q1, Q1, Q1",GA,Inner Right,SGP Goal,Defensive D,,,
Brunei,SGPvsBRN_16122025,942.6519666666667,20.94552989430656,SGP Gains,10,,,,,Circle Edge,YES,Interception,Rachel Ling,"Q1, Q1, Q1",GS,Inner Left,SGP Goal,Defensive Middle,,,
Brunei,SGPvsBRN_16122025,1029.3987391149865,26.700062020988526,SGP Gains,11,,,,,Circle Edge,YES,Stepping,,"Q2, Q2, Q2",GS,Inner Middle,SGP Goal,Defensive Left Pocket,,,
Brunei,SGPvsBRN_16122025,1087.9983765359846,28.900006261985936,SGP Gains,12,,,,,"Circle Edge, Circle Edge, Circle Edge","YES, YES, YES",Stepping,,"Q2, Q2, Q2, Q2, Q2, Q2","GS, GS","Inner Left, Inner Left","SGP Miss, SGP Goal",Defensive D,,,
Brunei,SGPvsBRN_16122025,1120.5386777777778,42.85979097721315,SGP Gains,13,,,,,Outside Circle,YES,Droped Ball,,"Q2, Q2, Q2",GA,Outer Left,SGP Goal,Defensive Right Pocket,,,
Brunei,SGPvsBRN_16122025,1194.1242333333332,19.373393476663978,SGP Gains,14,,,,,"Outside Circle, Inside Circle","YES, YES",Stepping,,"Q2, Q2, Q2, Q2",GA,Inner Left,SGP Goal,Center Mid Defense,,,
Brunei,SGPvsBRN_16122025,1268.1985832789774,26.099874609007884,SGP Gains,15,,,,,"Outside Circle, Inside Circle","YES, YES",Pass Out of Bounds,,"Q2, Q2, Q2, Q2",GS,Inner Middle,SGP Goal,Defensive Right Pocket,,,
Brunei,SGPvsBRN_16122025,1338.1768754349757,23.52052473700951,SGP Gains,16,,,,,Outside Circle,YES,Pass Out of Bounds,,"Q2, Q2, Q2",GS,Inner Right,SGP Goal,Defensive D,,,
Brunei,SGPvsBRN_16122025,1389.6975485089872,19.700279354016175,SGP Gains,17,,,,,Circle Edge,YES,Repossession,,"Q2, Q2, Q2",GA,Inner Left,SGP Goal,Defensive D,,,
Brunei,SGPvsBRN_16122025,1578.697351080964,31.10105511202687,SGP Gains,18,,,,,Circle Edge,YES,Missed Rebound,Mishalenee K,"Q2, Q2, Q2",GS,Inner Left,SGP Goal,Defensive D,,,
Brunei,SGPvsBRN_16122025,1656.610211111111,31.487413537886823,SGP Gains,19,,,,,,,Missed Rebound,Reena Divya,"Q2, Q2",GS,Inner Middle,SGP Goal,Defensive D,,,
Brunei,SGPvsBRN_16122025,1707.5985656209807,24.599438987030226,SGP Gains,20,,,,,Circle Edge,YES,Pass Out of Bounds,,"Q2, Q2, Q2",GS,Inner Left,SGP Goal,Defensive D,,,
Brunei,SGPvsBRN_16122025,1856.4152555555556,23.382545492428108,SGP Gains,21,,,,,"Circle Edge, Circle Edge","YES, YES",Interception,Yew Shu Ning,"Q2, Q2, Q2, Q2",GA,Outer Middle,SGP Goal,Defensive Right,,,
Brunei,SGPvsBRN_16122025,1911.855911111111,26.84153239686907,SGP Gains,22,,,,,"Outside Circle, Circle Edge","YES, YES",Held,,"Q2, Q2, Q2, Q2",GS,Inner Right,SGP Goal,Defensive D,,,
Brunei,SGPvsBRN_16122025,2006.7182777777778,48.81493333333333,SGP Gains,23,,,,,"Outside Circle, Circle Edge, Circle Edge, Circle Edge, Circle Edge","NO, NO, YES, YES, YES",Missed Rebound,Jamie Lim,"Q3, Q3, Q3, Q3, Q3, Q3, Q3",GA,Inner Middle,SGP Goal,Defensive D,,,
Brunei,SGPvsBRN_16122025,2157.634288888889,34.76484217807274,SGP Gains,24,,,,,Circle Edge,YES,Interception,Jamie Lim,"Q3, Q3, Q3",GS,Inner Left,SGP Goal,Center Right Defense,,,
Brunei,SGPvsBRN_16122025,2237.4885,20.10941752,SGP Gains,25,,,,,Circle Edge,YES,Interception,Mishalenee K,"Q3, Q3, Q3",GS,Inner Right,SGP Goal,Defensive D,,,
Brunei,SGPvsBRN_16122025,2281.3190666666665,34.07946425030059,SGP Gains,26,,,,,"Outside Circle, Inside Circle, Circle Edge","YES, YES, YES",Interception,Mishalenee K,"Q3, Q3, Q3, Q3, Q3, Q3","GA, GS","Outer Left, Inner Middle","SGP Miss, SGP Goal",Defensive D,,,
Brunei,SGPvsBRN_16122025,2409.804811111111,31.892617795864226,SGP Gains,27,,,,,"Circle Edge, Circle Edge","YES, YES",Interception,Yew Shu Ning,"Q3, Q3, Q3, Q3",GA,Inner Right,SGP Goal,Center Right Defense,,,
Brunei,SGPvsBRN_16122025,2460.2875444444444,23.110237216565565,SGP Gains,28,,,,,"Circle Edge, Circle Edge, Circle Edge","YES, YES, YES",Interception,Jamie Lim,"Q3, Q3, Q3, Q3, Q3",GA,Inner Left,SGP Goal,Center Right Defense,,,
Brunei,SGPvsBRN_16122025,2544.9877,20.609574701974452,SGP Gains,29,,,,,Circle Edge,YES,Droped Ball,Yew Shu Ning,"Q3, Q3, Q3",GA,Outer Middle,SGP Goal,Defensive Middle,,,
Brunei,SGPvsBRN_16122025,2617.8991085849893,17.398661639011607,SGP Gains,30,,,,,Circle Edge,YES,Missed Rebound,Mishalenee K,"Q3, Q3, Q3",GS,Inner Left,SGP Goal,Defensive D,,,
Brunei,SGPvsBRN_16122025,2753.9979926289793,30.593862926576094,SGP Gains,31,,,,,Circle Edge,YES,Missed Rebound,Reena Divya,"Q3, Q3, Q3",GA,Outer Left,SGP Goal,Defensive D,,,
Brunei,SGPvsBRN_16122025,2852.7481888888888,21.94962038,SGP Gains,32,,,,,Circle Edge,YES,Interception,Rachel Ling,"Q3, Q3, Q3",GS,Inner Right,SGP Goal,Center Right Defense,,,
Brunei,SGPvsBRN_16122025,2923.800811111111,27.79758168386161,SGP Gains,33,,,,,Outside Circle,YES,Held,,"Q4, Q4, Q4",GA,Outer Middle,SGP Goal,Defensive Middle,,,
Brunei,SGPvsBRN_16122025,2971.2978427179773,28.85211283757826,SGP Gains,34,,,,,"Outside Circle, Inside Circle","YES, YES",Pass Out of Bounds,,"Q4, Q4, Q4, Q4",GA,Inner Middle,SGP Goal,Center Right Defense,,,
Brunei,SGPvsBRN_16122025,3082.7960444444443,17.202534196546367,SGP Gains,35,,,,,"Outside Circle, Inside Circle","YES, YES",Interception,Yew Shu Ning,"Q4, Q4, Q4, Q4",GS,Inner Middle,SGP Goal,Defensive Middle,,,
Brunei,SGPvsBRN_16122025,3200.6993979289746,11.398729849001484,SGP Gains,36,,,,,,,Missed Rebound,,Q4,,,,Defensive D,,,
Brunei,SGPvsBRN_16122025,3296.977128396998,32.71687668399318,SGP Gains,37,,,,,Circle Edge,YES,Droped Ball,,"Q4, Q4, Q4, Q4","GS, GS","Outer Right, Inner Left","SGP Miss, SGP Goal",Defensive D,,,
Brunei,SGPvsBRN_16122025,3363.4775,9.729077777778002,SGP Gains,38,,,,,,,Interception,Yew Shu Ning,Q4,,,,Defensive D,,,
Brunei,SGPvsBRN_16122025,3373.1368,25.76126343196802,SGP Gains,39,,,,,"Circle Edge, Circle Edge","YES, YES",Repossession,,"Q4, Q4, Q4, Q4",GS,Outer Middle,SGP Goal,Defensive D,,,
Brunei,SGPvsBRN_16122025,3438.917233333333,26.78221772165216,SGP Gains,40,,,,,Circle Edge,YES,Interception,Khor Ting Fang,"Q4, Q4, Q4, Q4","GS, GA","Outer Middle, Inner Right","SGP Miss, SGP Goal",Defensive Right Pocket,,,
Brunei,SGPvsBRN_16122025,3506.09883,31.698998041010327,SGP Gains,41,,,,,Outside Circle,YES,Missed Rebound,Reena Divya,"Q4, Q4, Q4",GS,Inner Left,SGP Goal,Defensive D,,,
Brunei,SGPvsBRN_16122025,3600.196601301964,25.099712819033357,SGP Gains,42,,,,,Circle Edge,YES,Missed Rebound,Jamie Lim,"Q4, Q4, Q4",GS,Inner Left,SGP Goal,Defensive D,,,
Brunei,SGPvsBRN_16122025,3671.725011111111,21.172446847867377,SGP Gains,43,,,,,Circle Edge,YES,Pass Out of Bounds,,"Q4, Q4, Q4",GS,Inner Left,SGP Goal,Defensive Left,,,
Brunei,SGPvsBRN_16122025,440.2976506490049,53.000786618982715,SGP Turnovers,1,,,,,,,Pass Out of Bounds,Amandeep Chahal,"Q1, Q1",GS,Outer Right,OPP Goal,Attacking Right Pocket,,,
Brunei,SGPvsBRN_16122025,569.4972326870121,24.10137867898402,SGP Turnovers,2,,,,,,,Contact,Angelina Lim,Q1,,,,Attacking Right,,,
Brunei,SGPvsBRN_16122025,1810.8958165629847,24.001705251010208,SGP CPD,26,Center Mid Attack,GA,Center Mid Attack,C,Circle Edge,YES,,,"Q2, Q2, Q2",GA,Inner Right,OPP Goal,,,,
Brunei,SGPvsBRN_16122025,703.1984987929831,13.200696330013784,SGP Turnovers,4,,,,,,,Pass Out of Bounds,Khor Ting Fang,Q1,,,,Attacking Left Pocket,,,
Brunei,SGPvsBRN_16122025,771.3998047489856,13.198624325004971,SGP Turnovers,5,,,,,,,Droped Ball,Amandeep Chahal,Q1,,,,Attacking D,,,
Brunei,SGPvsBRN_16122025,1059.7889666666667,35.209409869317824,SGP Turnovers,6,,,,,Outside Circle,YES,Interception,Amandeep Chahal,"Q2, Q2",,,,Attacking D,,,
Brunei,SGPvsBRN_16122025,1369.9986550249978,26.698893483989423,SGP Turnovers,7,,,,,Circle Edge,NO,Missed Rebound,Amandeep Chahal,"Q2, Q2",,,,Attacking D,,,
Brunei,SGPvsBRN_16122025,1617.0983736349901,46.511837476120945,SGP Turnovers,8,,,,,"Outside Circle, Circle Edge","YES, NO",Shot Out of Bounds,Amandeep Chahal,"Q2, Q2, Q2, Q2",GS,Outer Right,OPP Miss,Attacking D,,,
Brunei,SGPvsBRN_16122025,3167.3967666666667,40.30263126230784,SGP Turnovers,9,,,,,Circle Edge,YES,Missed Rebound,Amandeep Chahal,"Q4, Q4, Q4",GS,Outer Left,OPP Miss,Attacking D,,,
Brunei,SGPvsBRN_16122025,3205.098127777976,26.197839716030103,SGP Turnovers,10,,,,,"Outside Circle, Circle Edge","YES, YES",Over Third,Jamie Lim,"Q4, Q4, Q4, Q4, Q4, Q4","GS, GA","Outer Left, Outer Left, Inner Left","OPP Miss, OPP Goal",Defensive Left,,,
Brunei,SGPvsBRN_16122025,3366.206577777778,13.930222222222255,SGP Turnovers,11,,,,,Circle Edge,NO,Stepping,Yew Shu Ning,"Q4, Q4",,,,Defensive D,,,
Philippines,SGPvsPHI_121225,52.47560825167602,9.404851921002091,SGP CPA,1,Center Mid Attack,WA,Attacking Left Pocket,GA,Circle Edge,YES,,,"Q1, Q1, Q1",GS,Inner Left,SGP Goal,,,,
Philippines,SGPvsPHI_121225,101.97998307368312,20.89971288898414,SGP CPA,2,Center Left Attack,WD,Attacking Left,GA,"Circle Edge, Circle Edge","YES, YES",,,"Q1, Q1, Q1, Q1",GA,Outer Middle,SGP Goal,,,,
Philippines,SGPvsPHI_121225,150.67442156666766,46.30227440199815,SGP CPA,3,Center Right Attack,GA,Attacking Middle,WA,"Circle Edge, Circle Edge","YES, YES",,,"Q1, Q1, Q1, Q1, Q1, Q1, Q1","GS, GS","Inner Right, Inner Middle","SGP Miss, SGP Goal",,,,
Philippines,SGPvsPHI_121225,219.58059542567048,32.49842477,SGP CPA,4,Center Left Attack,GA,Center Left Attack,C,"Circle Edge, Circle Edge","YES, YES",,,"Q1, Q1, Q1, Q1, Q1","GS, GA","Inner Left, Inner Left","SGP Miss, SGP Goal",,,,
Philippines,SGPvsPHI_121225,279.17988141168576,30.400877125977104,SGP CPA,5,Center Right Attack,GA,Attacking Right,WA,"Circle Edge, Inside Circle","NO, YES",,,"Q1, Q1, Q1, Q1",GS,Inner Left,SGP Goal,,,,
Philippines,SGPvsPHI_121225,366.7807876536824,17.199909244003038,SGP CPA,6,Center Mid Attack,WA,Attacking Middle,GS,Outside Circle,YES,,,"Q1, Q1, Q1",GS,Inner Left,SGP Goal,,,,
Philippines,SGPvsPHI_121225,447.2803510416795,57.299443743992015,SGP CPA,7,Center Right Attack,WD,Center Mid Defense,GD,"Circle Edge, Circle Edge","YES, YES",,,"Q1, Q1, Q1, Q1, Q1, Q1, Q1, Q1, Q1","GA, GS","Outer Left, Outer Middle","SGP Miss, SGP Goal",,,,
Philippines,SGPvsPHI_121225,532.0802617,15.600098044954393,SGP CPA,8,Center Mid Attack,WA,Attacking Middle,GA,Circle Edge,YES,,,"Q1, Q1, Q1",GA,Inner Middle,SGP Goal,,,,
Philippines,SGPvsPHI_121225,636.6805748746781,13.100093475004087,SGP CPA,9,Center Left Attack,GA,Attacking Left,C,,,,,"Q1, Q1",GA,Outer Left,SGP Goal,,,,
Philippines,SGPvsPHI_121225,736.0326526836914,109.24683534499104,SGP CPA,10,Center Right Attack,WA,Attacking Right,GS,"Circle Edge, Circle Edge","YES, NO",,,"Q1, Q1, Q1, Q1, Q1, Q1, Q1, Q1, Q1, Q1","GS, GS","Outer Right, Outer Left","SGP Miss, OPP Goal",,,,
Philippines,SGPvsPHI_121225,902.6766271,17.20396112198773,SGP CPA,11,Center Mid Attack,WD,Attacking Right Pocket,WA,"Outside Circle, Inside Circle","YES, YES",,,"Q1, Q1, Q1, Q1",GS,Inner Middle,SGP Goal,,,,
Philippines,SGPvsPHI_121225,1089.7651666666666,46.39967209,SGP CPA,12,Center Mid Attack,GA,Center Mid Attack,C,"Circle Edge, Circle Edge","NO, YES",,,"Q2, Q2, Q2, Q2, Q2",GA,Inner Right,OPP Goal,,,,
Philippines,SGPvsPHI_121225,1161.0642575196734,16.701116391990126,SGP CPA,13,Center Mid Attack,WA,Attacking Left,GS,"Circle Edge, Circle Edge","YES, YES",,,"Q2, Q2, Q2, Q2",GA,Inner Middle,SGP Goal,,,,
Philippines,SGPvsPHI_121225,1225.9643808506817,15.60049128599303,SGP CPA,14,Center Mid Attack,WA,Attacking Middle,GS,"Circle Edge, Circle Edge","YES, YES",,,"Q2, Q2, Q2, Q2",GS,Inner Left,SGP Goal,,,,
Philippines,SGPvsPHI_121225,1283.563505,45.39873890999661,SGP CPA,15,Center Mid Attack,Not Taken,,,"Circle Edge, Inside Circle","YES, YES",,,"Q2, Q2, Q2, Q2, Q2, Q2",GA,Inner Right,SGP Goal,,,,
Philippines,SGPvsPHI_121225,1381.6654758186519,12.598507409998092,SGP CPA,16,Center Mid Attack,GA,Attacking D,GS,,,,,"Q2, Q2",GS,Inner Right,SGP Goal,,,,
Philippines,SGPvsPHI_121225,1407.2645547746738,72.99920730999156,SGP CPA,17,Center Mid Attack,Not Taken,,,"Circle Edge, Circle Edge, Circle Edge","NO, NO, YES",,,"Q2, Q2, Q2, Q2, Q2, Q2, Q2",GA,Outer Right,SGP Goal,,,,
Philippines,SGPvsPHI_121225,1531.363974325654,36.700911511996765,SGP CPA,18,,Not Taken,,,Outside Circle,YES,,,"Q2, Q2, Q2, Q2, Q2",GS,Inner Right,SGP Goal,,,,
Philippines,SGPvsPHI_121225,1612.5650539926664,22.39931186600552,SGP CPA,19,Center Left Attack,WA,Attacking D,GA,Circle Edge,NO,,,"Q2, Q2, Q2",GA,Inner Left,SGP Goal,,,,
Philippines,SGPvsPHI_121225,1672.8606383196602,53.604202164002345,SGP CPA,20,Center Mid Defense,GD,Center Right Defense,C,"Circle Edge, Circle Edge","YES, YES",,,"Q2, Q2, Q2, Q2, Q2, Q2, Q2","GA, GS","Inner Left, Inner Right","SGP Miss, SGP Goal",,,,
Philippines,SGPvsPHI_121225,1773.3648671166457,16.39975711603074,SGP CPA,21,Center Mid Attack,WA,Attacking Right,GA,Outside Circle,YES,,,"Q2, Q2, Q2",GS,Inner Right,SGP Goal,,,,
Philippines,SGPvsPHI_121225,1814.6641753006584,24.500439932001427,SGP CPA,22,Center Left Attack,GA,,Not Taken,,,,,"Q2, Q2, Q2",GS,Inner Middle,OPP Goal,,,,
Philippines,SGPvsPHI_121225,1894.5650592036636,71.59934130798979,SGP CPA,23,Center Right Attack,WD,Attacking Right,GA,Inside Circle,YES,,,"Q2, Q2, Q2, Q2, Q2, Q2","GS, GS","Outer Middle, Inner Left","SGP Miss, SGP Goal",,,,
Philippines,SGPvsPHI_121225,1997.7640744896728,20.29976841401185,SGP CPA,24,Center Left Attack,GA,Attacking Right,C,"Outside Circle, Inside Circle","YES, YES",,,"Q2, Q2, Q2, Q2",GA,Inner Left,SGP Goal,,,,
Philippines,SGPvsPHI_121225,2079.950181405896,19.10281579500588,SGP CPA,25,Center Left Attack,GA,Attacking Left Pocket,WA,Outside Circle,YES,,,"Q3, Q3, Q3",GS,Inner Left,SGP Goal,,,,
Philippines,SGPvsPHI_121225,2116.751640569889,91.70151641100801,SGP CPA,26,Center Right Attack,GA,Center Mid Attack,GD,"Circle Edge, Circle Edge","YES, YES",,,"Q3, Q3, Q3, Q3, Q3, Q3, Q3, Q3","GS, GA","Inner Right, Inner Right","SGP Miss, OPP Goal",,,,
Philippines,SGPvsPHI_121225,2245.654314,51.29848212500565,SGP CPA,27,Center Mid Attack,WA,,Not Taken,,,,,"Q3, Q3, Q3, Q3","GS, GS","Outer Right, Inner Left","OPP Miss, OPP Goal",,,,
Philippines,SGPvsPHI_121225,2327.1546469438945,15.398072407001564,SGP CPA,28,Center Left Attack,WA,Attacking Left,GA,"Outside Circle, Circle Edge","YES, YES",,,"Q3, Q3, Q3, Q3",GA,Inner Left,SGP Goal,,,,
Philippines,SGPvsPHI_121225,2380.2210444444445,15.146366666666836,SGP CPA,29,Center Mid Attack,WA,Attacking D,GS,"Outside Circle, Circle Edge","YES, YES",,,"Q3, Q3, Q3, Q3",GA,Inner Middle,SGP Goal,,,,
Philippines,SGPvsPHI_121225,2492.253597821915,26.69904501097426,SGP CPA,30,Center Left Defense,WD,,Not Taken,Outside Circle,YES,,,"Q3, Q3, Q3",GS,Inner Right,SGP Goal,,,,
Philippines,SGPvsPHI_121225,2557.5538451239263,23.099841917955928,SGP CPA,31,Center Mid Attack,WA,Attacking Middle,GA,,,,,"Q3, Q3",GA,Inner Right,SGP Goal,,,,
Brunei,SGPvsBRN_16122025,1810.8958165629847,24.001705251010208,SGP DCPD,26,Center Mid Attack,GA,Center Mid Attack,C,Circle Edge,YES,,,"Q2, Q2, Q2",GA,Inner Right,OPP Goal,,,,
Philippines,SGPvsPHI_121225,2801.554123010901,11.199447300003158,SGP CPA,33,Center Left Attack,WA,Attacking Left,GA,Outside Circle,YES,,,"Q3, Q3, Q3",GS,Inner Right,SGP Goal,,,,
Philippines,SGPvsPHI_121225,2839.0529520858854,13.600799540028675,SGP CPA,34,Center Left Attack,WA,Attacking D,GS,"Outside Circle, Circle Edge","YES, YES",,,"Q3, Q3, Q3, Q3",GA,Inner Right,SGP Goal,,,,
Philippines,SGPvsPHI_121225,2958.7538610468873,13.200247006026984,SGP CPA,35,Center Mid Attack,WA,Attacking Left Pocket,GA,"Circle Edge, Inside Circle","YES, YES",,,"Q3, Q3, Q3, Q3",GS,Inner Right,SGP Goal,,,,
Philippines,SGPvsPHI_121225,3241.853012966909,16.899535593996916,SGP CPA,36,Center Right Attack,WA,Attacking Right,GA,"Outside Circle, Inside Circle, Inside Circle","YES, YES, YES",,,"Q4, Q4, Q4, Q4, Q4",GS,Inner Right,SGP Goal,,,,
Philippines,SGPvsPHI_121225,3357.5536001088785,25.798572999020507,SGP CPA,37,Center Mid Attack,GD,Center Right Attack,GA,"Outside Circle, Circle Edge","YES, YES",,,"Q4, Q4, Q4, Q4",GS,Inner Right,SGP Goal,,,,
Philippines,SGPvsPHI_121225,3425.7501335009074,17.903956161996575,SGP CPA,38,Center Left Attack,WA,Center Left Attack,C,"Outside Circle, Circle Edge","YES, YES",,,"Q4, Q4, Q4, Q4",GA,Outer Right,SGP Goal,,,,
Philippines,SGPvsPHI_121225,3538.8535606328915,36.50014814699807,SGP CPA,39,Center Mid Attack,GA,,Not Taken,"Circle Edge, Inside Circle","YES, YES",,,"Q4, Q4, Q4, Q4, Q4, Q4",GS,Inner Middle,SGP Goal,,,,
Philippines,SGPvsPHI_121225,3593.753452327899,21.400770539021323,SGP CPA,40,Center Right Defense,GD,,GK,"Outside Circle, Inside Circle","YES, YES",,,"Q4, Q4, Q4, Q4",GA,Inner Left,SGP Goal,,,,
Philippines,SGPvsPHI_121225,3650.7505238299127,13.899854161980329,SGP CPA,41,Center Mid Attack,WA,Attacking Right,GA,Circle Edge,YES,,,"Q4, Q4, Q4",GS,Inner Right,SGP Goal,,,,
Philippines,SGPvsPHI_121225,3688.8529056358975,74.3003492,SGP CPA,42,Center Left Attack,GA,,Not Taken,"Outside Circle, Circle Edge, Circle Edge","NO, YES, YES",,,"Q4, Q4, Q4, Q4, Q4, Q4, Q4",GA,Outer Right,SGP Goal,,,,
Philippines,SGPvsPHI_121225,3810.2538857419113,12.29684162999547,SGP CPA,43,Center Left Attack,WA,,Not Taken,Outside Circle,YES,,,"Q4, Q4, Q4",GS,Inner Right,SGP Goal,,,,
Philippines,SGPvsPHI_121225,3901.8538670688804,30.79971538400514,SGP CPA,44,Center Mid Attack,WA,Attacking Left Pocket,GA,Circle Edge,YES,,,"Q4, Q4, Q4, Q4, Q4, Q4, Q4","GS, GA, GA","Inner Right, Outer Middle, Inner Left","SGP Miss, SGP Miss, SGP Goal",,,,
Philippines,SGPvsPHI_121225,3989.053542346911,19.799583524009904,SGP CPA,45,Center Mid Attack,WA,Attacking D,GA,Circle Edge,YES,,,"Q4, Q4, Q4",GA,Inner Left,SGP Goal,,,,
Philippines,SGPvsPHI_121225,4054.2532566758982,20.69960733200878,SGP CPA,46,Center Mid Attack,GA,Attacking Right,GA,Outside Circle,YES,,,"Q4, Q4, Q4",GS,Inner Right,SGP Goal,,,,
Philippines,SGPvsPHI_121225,4113.854089389886,54.198164858013115,SGP CPA,47,Center Right Attack,WA,Attacking Right,C,"Circle Edge, Circle Edge","YES, YES",,,"Q4, Q4, Q4, Q4",GA,Outer Middle,SGP Goal,,,,
Philippines,SGPvsPHI_121225,52.47560825167602,9.404851921002091,SGP DCPA,1,,,,,Circle Edge,YES,,,"Q1, Q1, Q1",GS,Inner Left,SGP Goal,,,,
Philippines,SGPvsPHI_121225,101.97998307368312,20.89971288898414,SGP DCPA,2,,,,,"Circle Edge, Circle Edge","YES, YES",,,"Q1, Q1, Q1, Q1",GA,Outer Middle,SGP Goal,,,,
Philippines,SGPvsPHI_121225,150.67442156666766,13.905812149016583,SGP DCPA,3,,,,,Circle Edge,YES,,,"Q1, Q1",,,,,,,
Philippines,SGPvsPHI_121225,219.58059542567048,32.49842477,SGP DCPA,4,,,,,"Circle Edge, Circle Edge","YES, YES",,,"Q1, Q1, Q1, Q1, Q1","GS, GA","Inner Left, Inner Left","SGP Miss, SGP Goal",,,,
Philippines,SGPvsPHI_121225,279.17988141168576,30.400877125977104,SGP DCPA,5,,,,,"Circle Edge, Inside Circle","NO, YES",,,"Q1, Q1, Q1, Q1",GS,Inner Left,SGP Goal,,,,
Philippines,SGPvsPHI_121225,366.7807876536824,17.199909244003038,SGP DCPA,6,,,,,Outside Circle,YES,,,"Q1, Q1, Q1",GS,Inner Left,SGP Goal,,,,
Philippines,SGPvsPHI_121225,447.2803510416795,18.201062809991072,SGP DCPA,7,,,,,Circle Edge,YES,,,"Q1, Q1",,,,,,,
Philippines,SGPvsPHI_121225,532.0802617,15.600098044954393,SGP DCPA,8,,,,,Circle Edge,YES,,,"Q1, Q1, Q1",GA,Inner Middle,SGP Goal,,,,
Philippines,SGPvsPHI_121225,636.6805748746781,13.100093475004087,SGP DCPA,9,,,,,,,,,"Q1, Q1",GA,Outer Left,SGP Goal,,,,
Philippines,SGPvsPHI_121225,736.0326526836914,11.547958267964532,SGP DCPA,10,,,,,,,,,Q1,,,,,,,
Philippines,SGPvsPHI_121225,902.6766271,17.20396112198773,SGP DCPA,11,,,,,"Outside Circle, Inside Circle","YES, YES",,,"Q1, Q1, Q1, Q1",GS,Inner Middle,SGP Goal,,,,
Philippines,SGPvsPHI_121225,1089.7651666666666,10.699788200997773,SGP DCPA,12,,,,,,,,,Q2,,,,,,,
Philippines,SGPvsPHI_121225,1161.0642575196734,16.701116391990126,SGP DCPA,13,,,,,"Circle Edge, Circle Edge","YES, YES",,,"Q2, Q2, Q2, Q2",GA,Inner Middle,SGP Goal,,,,
Philippines,SGPvsPHI_121225,1225.9643808506817,15.60049128599303,SGP DCPA,14,,,,,"Circle Edge, Circle Edge","YES, YES",,,"Q2, Q2, Q2, Q2",GS,Inner Left,SGP Goal,,,,
Philippines,SGPvsPHI_121225,1283.563505,7.301613201022519,SGP DCPA,15,,,,,,,,,Q2,,,,,,,
Philippines,SGPvsPHI_121225,1381.6654758186519,12.598507409998092,SGP DCPA,16,,,,,,,,,"Q2, Q2",GS,Inner Right,SGP Goal,,,,
Philippines,SGPvsPHI_121225,1407.2645547746738,23.298949851992347,SGP DCPA,17,,,,,Circle Edge,NO,,,"Q2, Q2",,,,,,,
Philippines,SGPvsPHI_121225,1531.363974325654,25.100072038992494,SGP DCPA,18,,,,,,,,,Q2,,,,,,,
Philippines,SGPvsPHI_121225,1612.5650539926664,22.39931186600552,SGP DCPA,19,,,,,Circle Edge,NO,,,"Q2, Q2, Q2",GA,Inner Left,SGP Goal,,,,
Philippines,SGPvsPHI_121225,1672.8606383196602,27.50310785999227,SGP DCPA,20,,,,,Circle Edge,YES,,,"Q2, Q2, Q2",GA,Inner Left,SGP Miss,,,,
Philippines,SGPvsPHI_121225,1773.3648671166457,16.39975711603074,SGP DCPA,21,,,,,Outside Circle,YES,,,"Q2, Q2, Q2",GS,Inner Right,SGP Goal,,,,
Philippines,SGPvsPHI_121225,1814.6641753006584,6.900688984012049,SGP DCPA,22,,,,,,,,,Q2,,,,,,,
Philippines,SGPvsPHI_121225,1894.5650592036636,21.59968055799345,SGP DCPA,23,,,,,,,,,"Q2, Q2",GS,Outer Middle,SGP Miss,,,,
Philippines,SGPvsPHI_121225,1997.7640744896728,20.29976841401185,SGP DCPA,24,,,,,"Outside Circle, Inside Circle","YES, YES",,,"Q2, Q2, Q2, Q2",GA,Inner Left,SGP Goal,,,,
Philippines,SGPvsPHI_121225,2079.950181405896,19.10281579500588,SGP DCPA,25,,,,,Outside Circle,YES,,,"Q3, Q3, Q3",GS,Inner Left,SGP Goal,,,,
Philippines,SGPvsPHI_121225,2116.751640569889,16.901268919026734,SGP DCPA,26,,,,,,,,,Q3,,,,,,,
Philippines,SGPvsPHI_121225,2245.654314,6.398428509994119,SGP DCPA,27,,,,,,,,,Q3,,,,,,,
Philippines,SGPvsPHI_121225,2327.1546469438945,15.398072407001564,SGP DCPA,28,,,,,"Outside Circle, Circle Edge","YES, YES",,,"Q3, Q3, Q3, Q3",GA,Inner Left,SGP Goal,,,,
Philippines,SGPvsPHI_121225,2380.2210444444445,15.146366666666836,SGP DCPA,29,Center Mid Attack,WA,Attacking D,GS,"Outside Circle, Circle Edge","YES, YES",,,"Q3, Q3, Q3, Q3",GA,Inner Middle,SGP Goal,,,,
Philippines,SGPvsPHI_121225,2492.253597821915,26.69904501097426,SGP DCPA,30,,,,,Outside Circle,YES,,,"Q3, Q3, Q3",GS,Inner Right,SGP Goal,,,,
Philippines,SGPvsPHI_121225,2557.5538451239263,23.099841917955928,SGP DCPA,31,,,,,,,,,"Q3, Q3",GA,Inner Right,SGP Goal,,,,
Malaysia,SGPvsMAS_15122025,1843.8954946709837,15.802403931011213,SGP CPD,30,Center Right Attack,WA,Attacking Right,GA,Outside Circle,YES,,,"Q2, Q2, Q2",GS,Outer Left,OPP Goal,,,,
Philippines,SGPvsPHI_121225,2801.554123010901,11.199447300003158,SGP DCPA,33,,,,,Outside Circle,YES,,,"Q3, Q3, Q3",GS,Inner Right,SGP Goal,,,,
Philippines,SGPvsPHI_121225,2839.0529520858854,13.600799540028675,SGP DCPA,34,,,,,"Outside Circle, Circle Edge","YES, YES",,,"Q3, Q3, Q3, Q3",GA,Inner Right,SGP Goal,,,,
Philippines,SGPvsPHI_121225,2958.7538610468873,13.200247006026984,SGP DCPA,35,,,,,"Circle Edge, Inside Circle","YES, YES",,,"Q3, Q3, Q3, Q3",GS,Inner Right,SGP Goal,,,,
Philippines,SGPvsPHI_121225,3241.853012966909,16.899535593996916,SGP DCPA,36,,,,,"Outside Circle, Inside Circle, Inside Circle","YES, YES, YES",,,"Q4, Q4, Q4, Q4, Q4",GS,Inner Right,SGP Goal,,,,
Philippines,SGPvsPHI_121225,3357.5536001088785,25.798572999020507,SGP DCPA,37,,,,,"Outside Circle, Circle Edge","YES, YES",,,"Q4, Q4, Q4, Q4",GS,Inner Right,SGP Goal,,,,
Philippines,SGPvsPHI_121225,3425.7501335009074,17.903956161996575,SGP DCPA,38,,,,,"Outside Circle, Circle Edge","YES, YES",,,"Q4, Q4, Q4, Q4",GA,Outer Right,SGP Goal,,,,
Philippines,SGPvsPHI_121225,3538.8535606328915,7.596436577998247,SGP DCPA,39,,,,,,,,,Q4,,,,,,,
Philippines,SGPvsPHI_121225,3593.753452327899,21.400770539021323,SGP DCPA,40,,,,,"Outside Circle, Inside Circle","YES, YES",,,"Q4, Q4, Q4, Q4",GA,Inner Left,SGP Goal,,,,
Philippines,SGPvsPHI_121225,3650.7505238299127,13.899854161980329,SGP DCPA,41,,,,,Circle Edge,YES,,,"Q4, Q4, Q4",GS,Inner Right,SGP Goal,,,,
Philippines,SGPvsPHI_121225,3688.8529056358975,41.00091777498619,SGP DCPA,42,,,,,Outside Circle,NO,,,"Q4, Q4",,,,,,,
Philippines,SGPvsPHI_121225,3810.2538857419113,12.29684162999547,SGP DCPA,43,,,,,Outside Circle,YES,,,"Q4, Q4, Q4",GS,Inner Right,SGP Goal,,,,
Philippines,SGPvsPHI_121225,3901.8538670688804,16.29903838003156,SGP DCPA,44,,,,,Circle Edge,YES,,,"Q4, Q4, Q4",GS,Inner Right,SGP Miss,,,,
Philippines,SGPvsPHI_121225,3989.053542346911,19.799583524009904,SGP DCPA,45,,,,,Circle Edge,YES,,,"Q4, Q4, Q4",GA,Inner Left,SGP Goal,,,,
Philippines,SGPvsPHI_121225,4054.2532566758982,20.69960733200878,SGP DCPA,46,,,,,Outside Circle,YES,,,"Q4, Q4, Q4",GS,Inner Right,SGP Goal,,,,
Philippines,SGPvsPHI_121225,4113.854089389886,54.198164858013115,SGP DCPA,47,,,,,"Circle Edge, Circle Edge","YES, YES",,,"Q4, Q4, Q4, Q4",GA,Outer Middle,SGP Goal,,,,
Philippines,SGPvsPHI_121225,37.77549098869008,5.5042563739816615,SGP Feed,1,,,,,Inside Circle,YES,,Toh Kai Wei,Q1,,,,,,,
Philippines,SGPvsPHI_121225,52.37242155967829,5.202498330976141,SGP Feed,2,,,,,Circle Edge,YES,,Toh Kai Wei,Q1,,,,,,,
Philippines,SGPvsPHI_121225,87.97332245568805,5.202606448979168,SGP Feed,3,,,,,Circle Edge,YES,,Angelina Lim,Q1,,,,,,,
Philippines,SGPvsPHI_121225,89.97806787769036,5.298345020974693,SGP Feed,4,,,,,Circle Edge,YES,,Angelina Lim,Q1,,,,,,,
Philippines,SGPvsPHI_121225,106.17528563067049,5.184503562021291,SGP Feed,5,,,,,Circle Edge,YES,,Angelina Lim,Q1,,,,,,,
Philippines,SGPvsPHI_121225,109.37516633266728,5.499448656002187,SGP Feed,6,,,,,Circle Edge,YES,,Angelina Lim,Q1,,,,,,,
Philippines,SGPvsPHI_121225,135.8729675866864,5.200335905977681,SGP Feed,7,,,,,Outside Circle,YES,,Toh Kai Wei,Q1,,,,,,,
Philippines,SGPvsPHI_121225,139.57681635567178,5.302652562996627,SGP Feed,8,,,,,Circle Edge,YES,,Tan Yi Jie,Q1,,,,,,,
Philippines,SGPvsPHI_121225,156.37592723267767,5.197797470009618,SGP Feed,9,,,,,Circle Edge,NO,,Angelina Lim,Q1,,,,,,,
Philippines,SGPvsPHI_121225,178.47808015968008,5.183124262998035,SGP Feed,10,,,,,Circle Edge,YES,,Toh Kai Wei,Q1,,,,,,,
Philippines,SGPvsPHI_121225,182.38105555555555,5,SGP Feed,11,,,,,Circle Edge,YES,,Angelina Lim,Q1,,,,,,,
Philippines,SGPvsPHI_121225,227.1767214436711,5.199209072988879,SGP Feed,12,,,,,Circle Edge,YES,,Angelina Lim,Q1,,,,,,,
Philippines,SGPvsPHI_121225,237.87644843966405,5.297344193003937,SGP Feed,13,,,,,Circle Edge,YES,,Angelina Lim,Q1,,,,,,,
Philippines,SGPvsPHI_121225,261.2757347,5.197773562993916,SGP Feed,14,,,,,Circle Edge,YES,,Tan Yi Jie,Q1,,,,,,,
Philippines,SGPvsPHI_121225,265.07533903968283,5.295025283997347,SGP Feed,15,,,,,Circle Edge,YES,,Angelina Lim,Q1,,,,,,,
Philippines,SGPvsPHI_121225,284.97503504769384,5.198140997991231,SGP Feed,16,,,,,Circle Edge,NO,,Tan Yi Jie,Q1,,,,,,,
Philippines,SGPvsPHI_121225,295.04265555555554,5,SGP Feed,17,,,,,Circle Edge,YES,,Tan Yi Jie,Q1,,,,,,,
Philippines,SGPvsPHI_121225,299.6766125146801,5.498930275,SGP Feed,18,,,,,Inside Circle,YES,,Toh Kai Wei,Q1,,,,,,,
Philippines,SGPvsPHI_121225,352.2763860416885,5.197933870994802,SGP Feed,19,,,,,Circle Edge,YES,,Angelina Lim,Q1,,,,,,,
Philippines,SGPvsPHI_121225,367.97463127465676,5.402288786013514,SGP Feed,20,,,,,Outside Circle,YES,,Amandeep Chahal,Q1,,,,,,,
Philippines,SGPvsPHI_121225,433.3909491979961,5.200090258,SGP Feed,21,,,,,Outside Circle,YES,,Tan Yi Jie,Q1,,,,,,,
Philippines,SGPvsPHI_121225,451.10825555555556,5,SGP Feed,22,,,,,Outside Circle,YES,,Jamie Lim,Q1,,,,,,,
Philippines,SGPvsPHI_121225,457.1756910476729,5.181477282015976,SGP Feed,23,,,,,Circle Edge,YES,,Tan Yi Jie,Q1,,,,,,,
Philippines,SGPvsPHI_121225,485.07599633566656,5.200342861,SGP Feed,24,,,,,Circle Edge,YES,,Tan Yi Jie,Q1,,,,,,,
Philippines,SGPvsPHI_121225,492.22117777777777,5,SGP Feed,25,,,,,Circle Edge,YES,,Angelina Lim,Q1,,,,,,,
Philippines,SGPvsPHI_121225,493.9937522379755,5.201715052017562,SGP Feed,26,,,,,Inside Circle,YES,,Toh Kai Wei,Q1,,,,,,,
Philippines,SGPvsPHI_121225,519.7763444766867,5.315145955968319,SGP Feed,27,,,,,Circle Edge,YES,,Angelina Lim,Q1,,,,,,,
Philippines,SGPvsPHI_121225,535.1941904899795,5.090577358002406,SGP Feed,28,,,,,Circle Edge,YES,,Angelina Lim,Q1,,,,,,,
Philippines,SGPvsPHI_121225,537.3763125836715,5.3030439530148215,SGP Feed,29,,,,,Circle Edge,YES,,Angelina Lim,Q1,,,,,,,
Philippines,SGPvsPHI_121225,588.1751932326763,5.179696238997167,SGP Feed,30,,,,,Circle Edge,YES,,Tan Yi Jie,Q1,,,,,,,
Philippines,SGPvsPHI_121225,621.5924967459945,5.1838056770046705,SGP Feed,31,,,,,Circle Edge,YES,,Angelina Lim,Q1,,,,,,,
Philippines,SGPvsPHI_121225,623.3764001117045,5.210205196994593,SGP Feed,32,,,,,Circle Edge,YES,,Angelina Lim,Q1,,,,,,,
Philippines,SGPvsPHI_121225,637.6706333333333,5,SGP Feed,33,,,,,Outside Circle,YES,,Tan Yi Jie,Q1,,,,,,,
Philippines,SGPvsPHI_121225,684.5774311626571,5.199251912,SGP Feed,34,,,,,Circle Edge,YES,,Tan Yi Jie,Q1,,,,,,,
Philippines,SGPvsPHI_121225,709.7758666696802,5.102292760002911,SGP Feed,35,,,,,Circle Edge,YES,,Angelina Lim,Q1,,,,,,,
Philippines,SGPvsPHI_121225,719.6117555555555,5,SGP Feed,36,,,,,Outside Circle,YES,,Tan Yi Jie,Q1,,,,,,,
Philippines,SGPvsPHI_121225,720.4919365,5.201866682002333,SGP Feed,37,,,,,Inside Circle,YES,,Angelina Lim,Q1,,,,,,,
Philippines,SGPvsPHI_121225,721.7903642639734,5.300035109014516,SGP Feed,38,,,,,Inside Circle,YES,,Angelina Lim,Q1,,,,,,,
Philippines,SGPvsPHI_121225,736.4925107989949,5.2969585659902805,SGP Feed,39,,,,,Outside Circle,NO,,Amandeep Chahal,Q1,,,,,,,
Philippines,SGPvsPHI_121225,764.8808562806669,5.126504975018634,SGP Feed,40,,,,,Circle Edge,YES,,Angelina Lim,Q1,,,,,,,
Philippines,SGPvsPHI_121225,885.8763431376765,5.200458488005779,SGP Feed,41,,,,,Circle Edge,YES,,Angelina Lim,Q1,,,,,,,
Philippines,SGPvsPHI_121225,888.3692850396981,5.296902152,SGP Feed,42,,,,,Circle Edge,YES,,Angelina Lim,Q1,,,,,,,
Philippines,SGPvsPHI_121225,908.7762722436694,5.2992962530015575,SGP Feed,43,,,,,Outside Circle,YES,,Angelina Lim,Q1,,,,,,,
Philippines,SGPvsPHI_121225,910.1729502586757,5.201441047003755,SGP Feed,44,,,,,Inside Circle,YES,,Toh Kai Wei,Q1,,,,,,,
Philippines,SGPvsPHI_121225,948.4564111111112,5,SGP Feed,45,,,,,Outside Circle,YES,,Amandeep Chahal,Q1,,,,,,,
Philippines,SGPvsPHI_121225,1164.2612662606648,5.299759651990371,SGP Feed,46,,,,,Circle Edge,YES,,Tan Yi Jie,Q2,,,,,,,
Philippines,SGPvsPHI_121225,1164.9612923906525,5.320329790015421,SGP Feed,47,,,,,Circle Edge,YES,,Tan Yi Jie,Q2,,,,,,,
Philippines,SGPvsPHI_121225,1206.6597569996497,5.1805622350034355,SGP Feed,48,,,,,Circle Edge,YES,,Angelina Lim,Q2,,,,,,,
Philippines,SGPvsPHI_121225,1212.76098,5.179631767995488,SGP Feed,49,,,,,Circle Edge,YES,,Tan Yi Jie,Q2,,,,,,,
Philippines,SGPvsPHI_121225,1229.4608753436496,5.299196430002667,SGP Feed,50,,,,,Circle Edge,YES,,Tan Yi Jie,Q2,,,,,,,
Philippines,SGPvsPHI_121225,1231.0585808576848,5.301503326992588,SGP Feed,51,,,,,Circle Edge,YES,,Tan Yi Jie,Q2,,,,,,,
Philippines,SGPvsPHI_121225,1265.8395888888888,5,SGP Feed,52,,,,,Outside Circle,YES,,Angelina Lim,Q2,,,,,,,
Philippines,SGPvsPHI_121225,1268.7599976346464,5.305426290002288,SGP Feed,53,,,,,Circle Edge,YES,,Angelina Lim,Q2,,,,,,,
Philippines,SGPvsPHI_121225,1317.5604102226407,5.303233047021422,SGP Feed,54,,,,,Circle Edge,YES,,Angelina Lim,Q2,,,,,,,
Philippines,SGPvsPHI_121225,1319.8567570896485,5.3120472150299065,SGP Feed,55,,,,,Inside Circle,YES,,Amandeep Chahal,Q2,,,,,,,
Philippines,SGPvsPHI_121225,1362.1441444444445,5,SGP Feed,56,,,,,Circle Edge,YES,,Toh Kai Wei,Q2,,,,,,,
Philippines,SGPvsPHI_121225,1366.7627965526463,5.196991094992882,SGP Feed,57,,,,,Circle Edge,YES,,Angelina Lim,Q2,,,,,,,
Philippines,SGPvsPHI_121225,1382.3393666666666,5,SGP Feed,58,,,,,Circle Edge,YES,,Angelina Lim,Q2,,,,,,,
Philippines,SGPvsPHI_121225,1422.4589628966678,5.301824309,SGP Feed,59,,,,,Outside Circle,NO,,Angelina Lim,Q2,,,,,,,
Philippines,SGPvsPHI_121225,1470.8593731836572,5.1218434359889216,SGP Feed,60,,,,,Circle Edge,YES,,Tan Yi Jie,Q2,,,,,,,
Philippines,SGPvsPHI_121225,1494.6639803686821,5.106111893979687,SGP Feed,61,,,,,Circle Edge,YES,,Angelina Lim,Q2,,,,,,,
Philippines,SGPvsPHI_121225,1514.9595171516535,5.196479921,SGP Feed,62,,,,,Circle Edge,YES,,Tan Yi Jie,Q2,,,,,,,
Philippines,SGPvsPHI_121225,1516.6585614906562,5.190589794984589,SGP Feed,63,,,,,Circle Edge,YES,,Angelina Lim,Q2,,,,,,,
Philippines,SGPvsPHI_121225,1557.2302348235548,6.422893707095909,SGP Feed,64,,,,,Outside Circle,YES,,Angelina Lim,Q2,,,,,,,
Philippines,SGPvsPHI_121225,1608.1905222222222,5,SGP Feed,65,,,,,Outside Circle,YES,,Angelina Lim,Q2,,,,,,,
Philippines,SGPvsPHI_121225,1610.2591777777777,5,SGP Feed,66,,,,,Inside Circle,NO,,Toh Kai Wei,Q2,,,,,,,
Philippines,SGPvsPHI_121225,1620.7607943416733,5.400153010000395,SGP Feed,67,,,,,Circle Edge,YES,,Toh Kai Wei,Q2,,,,,,,
Philippines,SGPvsPHI_121225,1688.6619569606573,5.200021509012913,SGP Feed,68,,,,,Circle Edge,YES,,Angelina Lim,Q2,,,,,,,
Philippines,SGPvsPHI_121225,1716.1587671656407,5.189961602010044,SGP Feed,69,,,,,Circle Edge,YES,,Tan Yi Jie,Q2,,,,,,,
Philippines,SGPvsPHI_121225,1761.6603996826661,5.189579577001041,SGP Feed,70,,,,,Circle Edge,YES,,Tan Yi Jie,Q2,,,,,,,
Philippines,SGPvsPHI_121225,1776.4603186546783,5.0997879749866115,SGP Feed,71,,,,,Outside Circle,YES,,Toh Kai Wei,Q2,,,,,,,
Philippines,SGPvsPHI_121225,1868.1612690636407,5.129983170996184,SGP Feed,72,,,,,Circle Edge,YES,,Angelina Lim,Q2,,,,,,,
Philippines,SGPvsPHI_121225,1871.7600419046457,6.562982594006826,SGP Feed,73,,,,,Circle Edge,YES,,Tan Yi Jie,Q2,,,,,,,
Philippines,SGPvsPHI_121225,1941.560385506675,5.300568930984809,SGP Feed,74,,,,,Inside Circle,YES,,Toh Kai Wei,Q2,,,,,,,
Philippines,SGPvsPHI_121225,2001.0608361676507,5.082594349005376,SGP Feed,75,,,,,Outside Circle,YES,,Tan Yi Jie,Q2,,,,,,,
Philippines,SGPvsPHI_121225,2007.359445557647,5.092111659,SGP Feed,76,,,,,Inside Circle,YES,,Amandeep Chahal,Q2,,,,,,,
Philippines,SGPvsPHI_121225,2082.3503541628843,5.116004587036514,SGP Feed,77,,,,,Outside Circle,YES,,Angelina Lim,Q3,,,,,,,
Philippines,SGPvsPHI_121225,2159.8485990509234,5.297647045983467,SGP Feed,78,,,,,Circle Edge,YES,,Angelina Lim,Q3,,,,,,,
Philippines,SGPvsPHI_121225,2233.149857407906,5.2075169499867116,SGP Feed,79,,,,,Circle Edge,YES,,Angelina Lim,Q3,,,,,,,
Malaysia,SGPvsMAS_15122025,1843.8954946709837,15.802403931011213,SGP DCPD,30,Center Right Attack,WA,Attacking Right,GA,Outside Circle,YES,,,"Q2, Q2, Q2",GS,Outer Left,OPP Goal,,,,
Philippines,SGPvsPHI_121225,2332.846347455904,5.191123092006819,SGP Feed,81,,,,,Circle Edge,YES,,Angelina Lim,Q3,,,,,,,
Philippines,SGPvsPHI_121225,2350.6060333333335,5.583817545648799,SGP Feed,82,,,,,Outside Circle,NO,,Angelina Lim,Q3,,,,,,,
Philippines,SGPvsPHI_121225,2379.302288888889,5,SGP Feed,83,,,,,Outside Circle,YES,,Angelina Lim,Q3,,,,,,,
Philippines,SGPvsPHI_121225,2383.0109555555555,5,SGP Feed,84,,,,,Circle Edge,YES,,Angelina Lim,Q3,,,,,,,
Philippines,SGPvsPHI_121225,2429.4485116709047,5.194961572,SGP Feed,85,,,,,Circle Edge,YES,,Toh Kai Wei,Q3,,,,,,,
Philippines,SGPvsPHI_121225,2464.3492078318723,5.129688768027336,SGP Feed,86,,,,,Circle Edge,YES,,Rachel Ling,Q3,,,,,,,
Philippines,SGPvsPHI_121225,2465.1495648098935,5.303345434983385,SGP Feed,87,,,,,Circle Edge,YES,,Rachel Ling,Q3,,,,,,,
Philippines,SGPvsPHI_121225,2508.0520477289137,5.210326682998129,SGP Feed,88,,,,,Outside Circle,YES,,Goh Wei Ping,Q3,,,,,,,
Philippines,SGPvsPHI_121225,2609.5446205099024,5.196442639018642,SGP Feed,89,,,,,Outside Circle,YES,,Toh Kai Wei,Q3,,,,,,,
Philippines,SGPvsPHI_121225,2627.4493102599245,5.187846282959072,SGP Feed,90,,,,,Outside Circle,YES,,Toh Kai Wei,Q3,,,,,,,
Philippines,SGPvsPHI_121225,2711.3435222222224,5,SGP Feed,91,,,,,Circle Edge,YES,,Goh Wei Ping,Q3,,,,,,,
Philippines,SGPvsPHI_121225,2713.200237,5,SGP Feed,92,,,,,Inside Circle,NO,,Lee Pei Shan,Q3,,,,,,,
Philippines,SGPvsPHI_121225,2738.148062181889,5.3185939230006625,SGP Feed,93,,,,,Circle Edge,NO,,Toh Kai Wei,Q3,,,,,,,
Philippines,SGPvsPHI_121225,2742.7483348188935,5.310589702020479,SGP Feed,94,,,,,Circle Edge,YES,,Toh Kai Wei,Q3,,,,,,,
Philippines,SGPvsPHI_121225,2747.0506268109284,5.130413488972408,SGP Feed,95,,,,,Inside Circle,NO,,Goh Wei Ping,Q3,,,,,,,
Philippines,SGPvsPHI_121225,2787.447007351876,5.206310870018569,SGP Feed,96,,,,,Circle Edge,YES,,Rachel Ling,Q3,,,,,,,
Philippines,SGPvsPHI_121225,2788.4536414469076,5.295634165981937,SGP Feed,97,,,,,Inside Circle,YES,,Lee Pei Shan,Q3,,,,,,,
Philippines,SGPvsPHI_121225,2803.251114,5.192206632994385,SGP Feed,98,,,,,Outside Circle,YES,,Goh Wei Ping,Q3,,,,,,,
Philippines,SGPvsPHI_121225,2839.7491370809103,5.200092233009855,SGP Feed,99,,,,,Outside Circle,YES,,Toh Kai Wei,Q3,,,,,,,
Philippines,SGPvsPHI_121225,2842.349886335891,5.188531931008583,SGP Feed,100,,,,,Circle Edge,YES,,Toh Kai Wei,Q3,,,,,,,
Philippines,SGPvsPHI_121225,2889.7492171349095,5.300104232985177,SGP Feed,101,,,,,Circle Edge,YES,,Goh Wei Ping,Q3,,,,,,,
Philippines,SGPvsPHI_121225,2920.2495656219116,5.3083542969870905,SGP Feed,102,,,,,Circle Edge,NO,,Rachel Ling,Q3,,,,,,,
Philippines,SGPvsPHI_121225,2959.548453732922,5.201318079982229,SGP Feed,103,,,,,Circle Edge,YES,,Toh Kai Wei,Q3,,,,,,,
Philippines,SGPvsPHI_121225,2962.2515099289085,5.189792201971613,SGP Feed,104,,,,,Inside Circle,YES,,Goh Wei Ping,Q3,,,,,,,
Philippines,SGPvsPHI_121225,2992.3918137639866,5.302516029996696,SGP Feed,105,,,,,Outside Circle,YES,,Goh Wei Ping,Q3,,,,,,,
Philippines,SGPvsPHI_121225,3244.149622017894,5.200344480033891,SGP Feed,106,,,,,Outside Circle,YES,,Goh Wei Ping,Q4,,,,,,,
Philippines,SGPvsPHI_121225,3245.849824024903,5.1923914829749265,SGP Feed,107,,,,,Inside Circle,YES,,Lee Pei Shan,Q4,,,,,,,
Philippines,SGPvsPHI_121225,3248.6504226818906,5.1938019179979165,SGP Feed,108,,,,,Inside Circle,YES,,Goh Wei Ping,Q4,,,,,,,
Philippines,SGPvsPHI_121225,3336.549218634884,5.201677799021127,SGP Feed,109,,,,,Circle Edge,YES,,Rachel Ling,Q4,,,,,,,
Philippines,SGPvsPHI_121225,3338.1513637539147,5.308720399991216,SGP Feed,110,,,,,Circle Edge,YES,,Rachel Ling,Q4,,,,,,,
Philippines,SGPvsPHI_121225,3370.3496971749028,5.198929076999775,SGP Feed,111,,,,,Outside Circle,YES,,Rachel Ling,Q4,,,,,,,
Philippines,SGPvsPHI_121225,3372.8493688638964,5.303668732002734,SGP Feed,112,,,,,Circle Edge,YES,,Rachel Ling,Q4,,,,,,,
Philippines,SGPvsPHI_121225,3391.3303555555553,5,SGP Feed,113,,,,,Outside Circle,NO,,Lee Pei Shan,Q4,,,,,,,
Philippines,SGPvsPHI_121225,3431.2503418879087,5.120508533972497,SGP Feed,114,,,,,Outside Circle,YES,,Tan Yi Jie,Q4,,,,,,,
Philippines,SGPvsPHI_121225,3433.8500185049006,5.200286513020728,SGP Feed,115,,,,,Circle Edge,YES,,Tan Yi Jie,Q4,,,,,,,
Philippines,SGPvsPHI_121225,3476.847753629888,5.2013185060277465,SGP Feed,116,,,,,Outside Circle,YES,,Goh Wei Ping,Q4,,,,,,,
Philippines,SGPvsPHI_121225,3524.449181083917,5.401534545982031,SGP Feed,117,,,,,Circle Edge,YES,,Tan Yi Jie,Q4,,,,,,,
Philippines,SGPvsPHI_121225,3564.0471505489168,5.194844860988269,SGP Feed,118,,,,,Circle Edge,YES,,Tan Yi Jie,Q4,,,,,,,
Philippines,SGPvsPHI_121225,3565.7493154649046,5.293251533011244,SGP Feed,119,,,,,Inside Circle,YES,,Goh Wei Ping,Q4,,,,,,,
Philippines,SGPvsPHI_121225,3604.548948888915,5.200326584980758,SGP Feed,120,,,,,Outside Circle,YES,,Tan Yi Jie,Q4,,,,,,,
Philippines,SGPvsPHI_121225,3605.545210894884,5.134572019027473,SGP Feed,121,,,,,Inside Circle,YES,,Lee Pei Shan,Q4,,,,,,,
Philippines,SGPvsPHI_121225,3635.8498620688833,5.202279889002057,SGP Feed,122,,,,,Outside Circle,YES,,Tan Yi Jie,Q4,,,,,,,
Philippines,SGPvsPHI_121225,3654.446090574881,5.182667961033076,SGP Feed,123,,,,,Circle Edge,YES,,Rachel Ling,Q4,,,,,,,
Philippines,SGPvsPHI_121225,3720.449531,5.300189555988254,SGP Feed,124,,,,,Outside Circle,NO,,Rachel Ling,Q4,,,,,,,
Brunei,SGPvsBRN_16122025,1868.8907709859895,5.119213432995593,SGP Feed,64,,,,,Circle Edge,YES,,Tan Yi Jie,Q2,,,,,,,
Philippines,SGPvsPHI_121225,3751.9488179879127,5.300729073999719,SGP Feed,126,,,,,Circle Edge,YES,,Rachel Ling,Q4,,,,,,,
Philippines,SGPvsPHI_121225,3797.6496615118876,5.302521516022352,SGP Feed,127,,,,,Circle Edge,YES,,Rachel Ling,Q4,,,,,,,
Philippines,SGPvsPHI_121225,3812.4266437588967,5.121226119,SGP Feed,128,,,,,Outside Circle,YES,,Rachel Ling,Q4,,,,,,,
Philippines,SGPvsPHI_121225,3888.7469569499053,5.1963478489924455,SGP Feed,129,,,,,Outside Circle,YES,,Rachel Ling,Q4,,,,,,,
Philippines,SGPvsPHI_121225,3905.851736437902,5.191432479989089,SGP Feed,130,,,,,Circle Edge,YES,,Rachel Ling,Q4,,,,,,,
Philippines,SGPvsPHI_121225,3914.5655333333334,5,SGP Feed,131,,,,,Circle Edge,YES,,Tan Yi Jie,Q4,,,,,,,
Philippines,SGPvsPHI_121225,3973.852503110884,5.196850954,SGP Feed,132,,,,,Circle Edge,YES,,Rachel Ling,Q4,,,,,,,
Philippines,SGPvsPHI_121225,3986.083722222222,5,SGP Feed,133,,,,,Outside Circle,YES,,Rachel Ling,Q4,,,,,,,
Philippines,SGPvsPHI_121225,3996.9492836478757,5.307052041030147,SGP Feed,134,,,,,Circle Edge,YES,,Rachel Ling,Q4,,,,,,,
Philippines,SGPvsPHI_121225,4057.050112900879,5.199101910016907,SGP Feed,135,,,,,Outside Circle,YES,,Goh Wei Ping,Q4,,,,,,,
Philippines,SGPvsPHI_121225,4087.045281072883,5.197375882022243,SGP Feed,136,,,,,Circle Edge,YES,,Tan Yi Jie,Q4,,,,,,,
Philippines,SGPvsPHI_121225,4099.6520671768885,5.195702231018004,SGP Feed,137,,,,,Circle Edge,YES,,Tan Yi Jie,Q4,,,,,,,
Philippines,SGPvsPHI_121225,4114.288588888889,5,SGP Feed,138,,,,,Outside Circle,YES,,Tan Yi Jie,Q4,,,,,,,
Philippines,SGPvsPHI_121225,4130.853158581902,6.197181580993856,SGP Feed,139,,,,,Circle Edge,YES,,Tan Yi Jie,Q4,,,,,,,
Philippines,SGPvsPHI_121225,4157.449524464888,5.400446983983784,SGP Feed,140,,,,,Circle Edge,YES,,Rachel Ling,Q4,,,,,,,
Philippines,SGPvsPHI_121225,35.68154926767329,11.199306395008534,SGP Shot,1,,,,,,,,Amandeep Chahal,Q1,GS,Inner Left,SGP Miss,,,,
Philippines,SGPvsPHI_121225,41.77989033867948,12.000470647999919,SGP Shot,2,,,,,,,,Amandeep Chahal,Q1,GS,Inner Left,SGP Goal,,,,
Philippines,SGPvsPHI_121225,50.87980785165746,11.000652321020652,SGP Shot,3,,,,,,,,Amandeep Chahal,Q1,GS,Inner Left,SGP Goal,,,,
Philippines,SGPvsPHI_121225,88.97970430268379,11.199901590995523,SGP Shot,4,,,,,,,,Amandeep Chahal,Q1,GS,Outer Left,SGP Goal,,,,
Philippines,SGPvsPHI_121225,111.87975482767933,10.999941134987921,SGP Shot,5,,,,,,,,Toh Kai Wei,Q1,GA,Outer Middle,SGP Goal,,,,
Philippines,SGPvsPHI_121225,137.48114431667022,11.298858520005297,SGP Shot,6,,,,,,,,Amandeep Chahal,Q1,GS,Inner Right,SGP Goal,,,,
Philippines,SGPvsPHI_121225,178.64795044567177,11.031572679014289,SGP Shot,7,,,,,,,,Amandeep Chahal,Q1,GS,Outer Right,SGP Miss,,,,
Philippines,SGPvsPHI_121225,185.78113173268116,11.195564235984648,SGP Shot,8,,,,,,,,Amandeep Chahal,Q1,GS,Inner Middle,SGP Goal,,,,
Philippines,SGPvsPHI_121225,237.38053877668676,11.39928911299944,SGP Shot,9,,,,,,,,Amandeep Chahal,Q1,GS,Outer Left,SGP Miss,,,,
Philippines,SGPvsPHI_121225,241.0804871316716,10.998533066021992,SGP Shot,10,,,,,,,,Toh Kai Wei,Q1,GA,Inner Left,SGP Goal,,,,
Philippines,SGPvsPHI_121225,263.78016072367905,11.000074139985827,SGP Shot,11,,,,,,,,Toh Kai Wei,Q1,GA,Inner Right,SGP Goal,,,,
Philippines,SGPvsPHI_121225,297.9816164746976,11.599142062965257,SGP Shot,12,,,,,,,,Amandeep Chahal,Q1,GS,Inner Left,SGP Goal,,,,
Philippines,SGPvsPHI_121225,353.5801092396862,11.000198876982267,SGP Shot,13,,,,,,,,Amandeep Chahal,Q1,GS,Outer Left,SGP Goal,,,,
Philippines,SGPvsPHI_121225,372.6804776666829,11.30021923100253,SGP Shot,14,,,,,,,,Amandeep Chahal,Q1,GS,Inner Left,SGP Goal,,,,
Philippines,SGPvsPHI_121225,432.0879777777778,10,SGP Shot,15,,,,,,,,Toh Kai Wei,Q1,GA,Outer Left,SGP Goal,,,,
Philippines,SGPvsPHI_121225,484.6803003686755,10.999813240022377,SGP Shot,16,,,,,,,,Toh Kai Wei,Q1,GA,Outer Left,SGP Miss,,,,
Philippines,SGPvsPHI_121225,493.3804158,11.199378942982548,SGP Shot,17,,,,,,,,Amandeep Chahal,Q1,GS,Outer Middle,SGP Goal,,,,
Philippines,SGPvsPHI_121225,518.4819409616714,11.097894890011275,SGP Shot,18,,,,,,,,Amandeep Chahal,Q1,GS,Inner Right,SGP Goal,,,,
Philippines,SGPvsPHI_121225,536.7804544296803,10.899905347981075,SGP Shot,19,,,,,,,,Toh Kai Wei,Q1,GA,Inner Middle,SGP Goal,,,,
Philippines,SGPvsPHI_121225,587.4790778886936,10.900713401985513,SGP Shot,20,,,,,,,,Amandeep Chahal,Q1,GS,Outer Middle,SGP Miss,,,,
Philippines,SGPvsPHI_121225,623.0808812756841,11.19918037500247,SGP Shot,21,,,,,,,,Amandeep Chahal,Q1,GS,Inner Right,SGP Goal,,,,
Philippines,SGPvsPHI_121225,638.7806574746612,11.000010875020962,SGP Shot,22,,,,,,,,Toh Kai Wei,Q1,GA,Outer Left,SGP Goal,,,,
Philippines,SGPvsPHI_121225,721.9803639556822,10.899538969994637,SGP Shot,23,,,,,,,,Amandeep Chahal,Q1,GS,Inner Left,SGP Goal,,,,
Philippines,SGPvsPHI_121225,763.8804127496965,11.099461316998486,SGP Shot,24,,,,,,,,Amandeep Chahal,Q1,GS,Outer Right,SGP Miss,,,,
Philippines,SGPvsPHI_121225,888.4801416,11.598198093005067,SGP Shot,25,,,,,,,,Amandeep Chahal,Q1,GS,Inner Right,SGP Goal,,,,
Philippines,SGPvsPHI_121225,908.9581768306682,10.922411387019565,SGP Shot,26,,,,,,,,Amandeep Chahal,Q1,GS,Inner Middle,SGP Goal,,,,
Philippines,SGPvsPHI_121225,943.6747444444444,10,SGP Shot,27,,,,,,,,Toh Kai Wei,Q1,GA,Inner Right,SGP Miss,,,,
Philippines,SGPvsPHI_121225,1166.9638746616638,10.801499249999779,SGP Shot,28,,,,,,,,Toh Kai Wei,Q2,GA,Inner Middle,SGP Goal,,,,
Philippines,SGPvsPHI_121225,1204.7647839566644,10.999117069000931,SGP Shot,29,,,,,,,,Amandeep Chahal,Q2,GS,Outer Right,SGP Miss,,,,
Philippines,SGPvsPHI_121225,1213.763103,11.201734831952308,SGP Shot,30,,,,,,,,Toh Kai Wei,Q2,GA,Inner Right,SGP Goal,,,,
Philippines,SGPvsPHI_121225,1230.6646947566678,10.90017738000688,SGP Shot,31,,,,,,,,Amandeep Chahal,Q2,GS,Inner Left,SGP Goal,,,,
Philippines,SGPvsPHI_121225,1270.561560095639,10.902660129013384,SGP Shot,32,,,,,,,,Amandeep Chahal,Q2,GS,Inner Left,SGP Goal,,,,
Philippines,SGPvsPHI_121225,1317.8638343326725,11.098409605984216,SGP Shot,33,,,,,,,,Toh Kai Wei,Q2,GA,Inner Right,SGP Goal,,,,
Philippines,SGPvsPHI_121225,1368.0606893006743,11.00402419596594,SGP Shot,34,,,,,,,,Amandeep Chahal,Q2,GS,Inner Left,SGP Goal,,,,
Philippines,SGPvsPHI_121225,1383.264971377649,10.999011851000887,SGP Shot,35,,,,,,,,Amandeep Chahal,Q2,GS,Inner Right,SGP Goal,,,,
Philippines,SGPvsPHI_121225,1469.1640214116678,11.099740672997541,SGP Shot,36,,,,,,,,Toh Kai Wei,Q2,GA,Outer Right,SGP Goal,,,,
Philippines,SGPvsPHI_121225,1493.764063200676,10.89949826197926,SGP Shot,37,,,,,,,,Toh Kai Wei,Q2,GA,Outer Middle,SGP Miss,,,,
Philippines,SGPvsPHI_121225,1515.1626639206397,11.502325991026737,SGP Shot,38,,,,,,,,Amandeep Chahal,Q2,GS,Inner Right,SGP Goal,,,,
Philippines,SGPvsPHI_121225,1557.0647129196668,11.000172917983946,SGP Shot,39,,,,,,,,Amandeep Chahal,Q2,GS,Inner Right,SGP Goal,,,,
Philippines,SGPvsPHI_121225,1623.5650070266656,11.399358832006328,SGP Shot,40,,,,,,,,Toh Kai Wei,Q2,GA,Inner Left,SGP Goal,,,,
Philippines,SGPvsPHI_121225,1687.665050282667,11.000715283987574,SGP Shot,41,,,,,,,,Toh Kai Wei,Q2,GA,Inner Left,SGP Miss,,,,
Philippines,SGPvsPHI_121225,1714.8645887726466,11.600251711015972,SGP Shot,42,,,,,,,,Amandeep Chahal,Q2,GS,Inner Right,SGP Goal,,,,
Philippines,SGPvsPHI_121225,1760.3632437986835,10.901415849988098,SGP Shot,43,,,,,,,,Toh Kai Wei,Q2,GA,Outer Right,SGP Goal,,,,
Philippines,SGPvsPHI_121225,1778.6637088936513,11.10091533902505,SGP Shot,44,,,,,,,,Amandeep Chahal,Q2,GS,Inner Right,SGP Goal,,,,
Philippines,SGPvsPHI_121225,1875.1642393546786,10.89990983197049,SGP Shot,45,,,,,,,,Amandeep Chahal,Q2,GS,Inner Left,SGP Goal,,,,
Philippines,SGPvsPHI_121225,1902.4639873176784,11.000120625974887,SGP Shot,46,,,,,,,,Amandeep Chahal,Q2,GS,Outer Middle,SGP Miss,,,,
Philippines,SGPvsPHI_121225,1955.0642381506598,11.100162360993636,SGP Shot,47,,,,,,,,Amandeep Chahal,Q2,GS,Inner Left,SGP Goal,,,,
Philippines,SGPvsPHI_121225,2006.6650782056724,11.3987647,SGP Shot,48,,,,,,,,Toh Kai Wei,Q2,GA,Inner Left,SGP Goal,,,,
Philippines,SGPvsPHI_121225,2088.0538206638976,10.999176537004132,SGP Shot,49,,,,,,,,Lee Pei Shan,Q3,GS,Inner Left,SGP Goal,,,,
Philippines,SGPvsPHI_121225,2160.2554600728918,10.897452620006334,SGP Shot,50,,,,,,,,Lee Pei Shan,Q3,GS,Inner Right,SGP Miss,,,,
Philippines,SGPvsPHI_121225,2232.151762101912,11.102196503985397,SGP Shot,51,,,,,,,,Lee Pei Shan,Q3,GS,Inner Left,SGP Goal,,,,
Philippines,SGPvsPHI_121225,2331.3528293248946,11.199890026001412,SGP Shot,52,,,,,,,,Goh Wei Ping,Q3,GA,Inner Left,SGP Goal,,,,
Philippines,SGPvsPHI_121225,2385.3674111111113,10,SGP Shot,53,,,,,,,,Goh Wei Ping,Q3,GA,Inner Middle,SGP Goal,,,,
Philippines,SGPvsPHI_121225,2435.8492580568945,11.005593746008344,SGP Shot,54,,,,,,,,Goh Wei Ping,Q3,GA,Inner Right,SGP Miss,,,,
Philippines,SGPvsPHI_121225,2441.353300560878,10.900507834037853,SGP Shot,55,,,,,,,,Lee Pei Shan,Q3,GS,Inner Right,SGP Miss,,,,
Philippines,SGPvsPHI_121225,2468.3545130989014,10.89809422901999,SGP Shot,56,,,,,,,,Goh Wei Ping,Q3,GA,Inner Middle,SGP Miss,,,,
Philippines,SGPvsPHI_121225,2477.952719,11.001501412995822,SGP Shot,57,,,,,,,,Lee Pei Shan,Q3,GS,Inner Left,SGP Goal,,,,
Philippines,SGPvsPHI_121225,2507.752766,11.199877296999148,SGP Shot,58,,,,,,,,Lee Pei Shan,Q3,GS,Inner Right,SGP Goal,,,,
Philippines,SGPvsPHI_121225,2569.4540189629224,11.199668078959803,SGP Shot,59,,,,,,,,Goh Wei Ping,Q3,GA,Inner Right,SGP Goal,,,,
Philippines,SGPvsPHI_121225,2608.453810124908,11.099791796988939,SGP Shot,60,,,,,,,,Lee Pei Shan,Q3,GS,Inner Right,SGP Goal,,,,
Philippines,SGPvsPHI_121225,2626.4528888498935,11.001470264995078,SGP Shot,61,,,,,,,,Lee Pei Shan,Q3,GS,Outer Left,SGP Miss,,,,
Philippines,SGPvsPHI_121225,2662.353833777908,11.099050980981701,SGP Shot,62,,,,,,,,Goh Wei Ping,Q3,GA,Outer Left,SGP Goal,,,,
Philippines,SGPvsPHI_121225,2788.053700234902,10.999527461982325,SGP Shot,63,,,,,,,,Goh Wei Ping,Q3,GA,Inner Left,SGP Goal,,,,
Philippines,SGPvsPHI_121225,2801.653608216917,11.099962093987415,SGP Shot,64,,,,,,,,Lee Pei Shan,Q3,GS,Inner Right,SGP Goal,,,,
Philippines,SGPvsPHI_121225,2841.4524783899005,11.201273236013549,SGP Shot,65,,,,,,,,Goh Wei Ping,Q3,GA,Inner Right,SGP Goal,,,,
Philippines,SGPvsPHI_121225,2889.752947364892,11.199716007030474,SGP Shot,66,,,,,,,,Lee Pei Shan,Q3,GS,Inner Middle,SGP Miss,,,,
Philippines,SGPvsPHI_121225,2961.053548230897,10.900559822017385,SGP Shot,67,,,,,,,,Lee Pei Shan,Q3,GS,Inner Right,SGP Goal,,,,
Philippines,SGPvsPHI_121225,2992.153637786917,10.900866137963021,SGP Shot,68,,,,,,,,Lee Pei Shan,Q3,GS,Outer Left,SGP Goal,,,,
Philippines,SGPvsPHI_121225,3247.652862316879,11.099686244026998,SGP Shot,69,,,,,,,,Lee Pei Shan,Q4,GS,Inner Right,SGP Goal,,,,
Philippines,SGPvsPHI_121225,3342.650596296905,11.102918380990559,SGP Shot,70,,,,,,,,Lee Pei Shan,Q4,GS,Inner Right,SGP Goal,,,,
Philippines,SGPvsPHI_121225,3372.2542971139146,11.097875993984417,SGP Shot,71,,,,,,,,Lee Pei Shan,Q4,GS,Inner Right,SGP Goal,,,,
Philippines,SGPvsPHI_121225,3432.853312500909,10.800777161995029,SGP Shot,72,,,,,,,,Goh Wei Ping,Q4,GA,Outer Right,SGP Goal,,,,
Philippines,SGPvsPHI_121225,3481.453673870885,11.80008145503598,SGP Shot,73,,,,,,,,Goh Wei Ping,Q4,GA,Outer Right,SGP Miss,,,,
Philippines,SGPvsPHI_121225,3523.952192,11.10117306700613,SGP Shot,74,,,,,,,,Goh Wei Ping,Q4,GA,Outer Right,SGP Goal,,,,
Philippines,SGPvsPHI_121225,3564.1500327518934,11.203676027996153,SGP Shot,75,,,,,,,,Lee Pei Shan,Q4,GS,Inner Middle,SGP Goal,,,,
Philippines,SGPvsPHI_121225,3603.953190539889,11.201032327031498,SGP Shot,76,,,,,,,,Goh Wei Ping,Q4,GA,Inner Left,SGP Goal,,,,
Philippines,SGPvsPHI_121225,3635.2541216348945,11.196738317010386,SGP Shot,77,,,,,,,,Goh Wei Ping,Q4,GA,Outer Left,SGP Goal,,,,
Philippines,SGPvsPHI_121225,3653.6535761728965,10.996801818996573,SGP Shot,78,,,,,,,,Lee Pei Shan,Q4,GS,Inner Right,SGP Goal,,,,
Philippines,SGPvsPHI_121225,3751.953846475918,11.199408360976122,SGP Shot,79,,,,,,,,Goh Wei Ping,Q4,GA,Outer Right,SGP Goal,,,,
Philippines,SGPvsPHI_121225,3796.9531942269086,11.099385886992422,SGP Shot,80,,,,,,,,Goh Wei Ping,Q4,GA,Outer Left,SGP Goal,,,,
Philippines,SGPvsPHI_121225,3811.354212692877,11.19651467902986,SGP Shot,81,,,,,,,,Lee Pei Shan,Q4,GS,Inner Right,SGP Goal,,,,
Philippines,SGPvsPHI_121225,3886.952931826926,10.999686967968046,SGP Shot,82,,,,,,,,Goh Wei Ping,Q4,GA,Inner Right,SGP Goal,,,,
Philippines,SGPvsPHI_121225,3906.029641067915,11.123836936984844,SGP Shot,83,,,,,,,,Lee Pei Shan,Q4,GS,Inner Right,SGP Miss,,,,
Philippines,SGPvsPHI_121225,3914.8536660168993,11.000174359991433,SGP Shot,84,,,,,,,,Goh Wei Ping,Q4,GA,Outer Middle,SGP Miss,,,,
Philippines,SGPvsPHI_121225,3921.4513287419077,11.202253710977857,SGP Shot,85,,,,,,,,Goh Wei Ping,Q4,GA,Inner Left,SGP Goal,,,,
Philippines,SGPvsPHI_121225,3974.3526812948785,11.100872888011509,SGP Shot,86,,,,,,,,Goh Wei Ping,Q4,GA,Inner Right,SGP Goal,,,,
Philippines,SGPvsPHI_121225,3997.652870809894,11.200255061026837,SGP Shot,87,,,,,,,,Goh Wei Ping,Q4,GA,Inner Left,SGP Goal,,,,
Philippines,SGPvsPHI_121225,4063.851970670894,11.100893337013076,SGP Shot,88,,,,,,,,Lee Pei Shan,Q4,GS,Inner Right,SGP Goal,,,,
Philippines,SGPvsPHI_121225,4098.454290873911,10.998590096980479,SGP Shot,89,,,,,,,,Goh Wei Ping,Q4,GA,Outer Middle,SGP Goal,,,,
Philippines,SGPvsPHI_121225,4156.453564686899,11.598689561000356,SGP Shot,90,,,,,,,,Goh Wei Ping,Q4,GA,Outer Middle,SGP Goal,,,,
Philippines,SGPvsPHI_121225,19.063390022675776,34.71697096400362,SGP CPD,1,Center Right Defense,WD,,Not Taken,Inside Circle,YES,,,"Q1, Q1, Q1, Q1, Q1","GS, GS","Inner Left, Inner Left","SGP Miss, SGP Goal",,,,
Philippines,SGPvsPHI_121225,63.475338147683715,36.704267745995594,SGP CPD,2,Center Right Attack,WD,Attacking Right,WA,"Circle Edge, Circle Edge","YES, YES",,,"Q1, Q1, Q1, Q1, Q1",GS,Outer Left,SGP Goal,,,,
Philippines,SGPvsPHI_121225,123.47820308168684,25.30179975498868,SGP CPD,3,Center Mid Attack,WA,Attacking Right,GA,"Outside Circle, Circle Edge","YES, YES",,,"Q1, Q1, Q1, Q1, Q1",GS,Inner Right,SGP Goal,,,,
Philippines,SGPvsPHI_121225,197.6806517156815,21.899885312018114,SGP CPD,4,Center Right Attack,Not Taken,,,Outside Circle,YES,,,"Q1, Q1, Q1",GS,Inner Middle,OPP Goal,,,,
Philippines,SGPvsPHI_121225,251.9794714796792,22.800763383985668,SGP CPD,5,Center Left Attack,Not Taken,,,"Circle Edge, Circle Edge","YES, YES",,,"Q1, Q1, Q1, Q1, Q1",GA,Inner Right,SGP Goal,,,,
Philippines,SGPvsPHI_121225,311.7806295836558,52.79967853301264,SGP CPD,6,Center Right Defense,WD,Center Left Defense,C,"Outside Circle, Circle Edge, Circle Edge","YES, YES, YES",,,"Q1, Q1, Q1, Q1, Q1, Q1, Q1","GS, GS","Outer Left, Outer Left","OPP Miss, SGP Goal",,,,
Philippines,SGPvsPHI_121225,390.0511888888889,52.03678888888891,SGP CPD,7,Center Right Attack,WD,Center Right Attack,WA,"Circle Edge, Outside Circle","YES, YES",,,"Q1, Q1, Q1, Q1, Q1",GA,Inner Left,SGP Goal,,,,
Philippines,SGPvsPHI_121225,508.9797719246951,20.60006392698756,SGP CPD,8,Center Left Attack,Not Taken,,,Circle Edge,YES,,,"Q1, Q1, Q1, Q1",GS,Inner Right,SGP Goal,,,,
Philippines,SGPvsPHI_121225,550.1801484356827,84.09991321500388,SGP CPD,9,Center Right Attack,WD,Center Right Attack,GD,"Circle Edge, Circle Edge","YES, YES",,,"Q1, Q1, Q1, Q1, Q1, Q1, Q1, Q1","GS, GS","Outer Middle, Inner Right","SGP Miss, SGP Goal",,,,
Philippines,SGPvsPHI_121225,675.6808928486769,57.19901007699991,SGP CPD,10,,Not Taken,,,"Circle Edge, Circle Edge, Outside Circle","YES, YES, YES",,,"Q1, Q1, Q1, Q1, Q1, Q1, Q1, Q1, Q1, Q1",GS,Inner Left,SGP Goal,,,,
Philippines,SGPvsPHI_121225,848.7796758096611,51.29866387002198,SGP CPD,11,Center Left Attack,WD,,Not Taken,"Circle Edge, Circle Edge","YES, YES",,,"Q1, Q1, Q1, Q1, Q1",GS,Inner Right,SGP Goal,,,,
Philippines,SGPvsPHI_121225,922.3805587956972,42.59954335,SGP CPD,12,Center Right Defense,WD,Center Right Attack,GD,Inside Circle,YES,,,"Q1, Q1, Q1, Q1, Q1",GS,Outer Middle,OPP Miss,,,,
Philippines,SGPvsPHI_121225,1137.8650109216387,21.899380858015775,SGP CPD,13,Center Left Defense,WD,Center Mid Attack,Not Taken,Circle Edge,YES,,,"Q2, Q2, Q2",GS,Outer Left,OPP Goal,,,,
Philippines,SGPvsPHI_121225,1181.965066639665,42.999771277967284,SGP CPD,14,Center Left Attack,GD,Attacking Left,WA,"Outside Circle, Circle Edge, Circle Edge","YES, YES, YES",,,"Q2, Q2, Q2, Q2, Q2, Q2, Q2, Q2","GS, GS, GA","Inner Middle, Outer Right, Inner Right","OPP Miss, SGP Miss, SGP Goal",,,,
Philippines,SGPvsPHI_121225,1247.4635744936468,34.000645731005534,SGP CPD,15,Center Mid Defense,GD,Center Right Attack,WD,Circle Edge,YES,,,"Q2, Q2, Q2, Q2",GS,Inner Left,SGP Goal,,,,
Philippines,SGPvsPHI_121225,1339.8651050156413,39.199608480998904,SGP CPD,16,Center Left Attack,WA,Center Left Attack,WD,"Circle Edge, Circle Edge","YES, YES",,,"Q2, Q2, Q2, Q2, Q2, Q2","GA, GS","Inner Left, Inner Left","OPP Miss, SGP Goal",,,,
Philippines,SGPvsPHI_121225,1394.664760548657,11.400288079006714,SGP CPD,17,Center Left Attack,WA,Attacking Right Pocket,C,Circle Edge,YES,,,"Q2, Q2, Q2",GS,Inner Right,OPP Goal,,,,
Philippines,SGPvsPHI_121225,1485.265644623662,41.39934529,SGP CPD,18,Center Right Defense,WD,Attacking D,Not Taken,"Outside Circle, Circle Edge, Circle Edge, Circle Edge","NO, YES, YES, YES",,,"Q2, Q2, Q2, Q2, Q2, Q2, Q2, Q2, Q2, Q2","GA, GS","Outer Middle, Inner Right","SGP Miss, SGP Goal",,,,
Philippines,SGPvsPHI_121225,1572.265422879661,39.29925017,SGP CPD,19,Center Right Attack,WA,,Not Taken,Inside Circle,NO,,,"Q2, Q2, Q2",GA,Inner Left,OPP Goal,,,,
Philippines,SGPvsPHI_121225,1637.7645933926533,34.299378344003344,SGP CPD,20,Center Mid Defense,WD,Center Mid Attack,Not Taken,"Circle Edge, Inside Circle","YES, YES",,,"Q2, Q2, Q2, Q2",GS,Inner Right,OPP Goal,,,,
Philippines,SGPvsPHI_121225,1728.066523048668,43.198136600003636,SGP CPD,21,Center Left Defense,WD,Center Mid Defense,GD,Circle Edge,YES,,,"Q2, Q2, Q2, Q2",GA,Outer Right,SGP Goal,,,,
Philippines,SGPvsPHI_121225,1792.0650419496615,19.79937420099668,SGP CPD,22,Center Right Defense,WD,Center Mid Defense,GD,Circle Edge,YES,,,"Q2, Q2, Q2",GS,Outer Left,OPP Goal,,,,
Philippines,SGPvsPHI_121225,1844.363987655655,41.70016153099414,SGP CPD,23,Center Right Attack,GA,Center Right Attack,WD,"Circle Edge, Circle Edge","YES, YES",,,"Q2, Q2, Q2, Q2, Q2",GS,Inner Left,SGP Goal,,,,
Philippines,SGPvsPHI_121225,1968.4644942336638,28.799563615004445,SGP CPD,24,,Not Taken,,,Outside Circle,YES,,,"Q2, Q2, Q2",GS,Inner Left,OPP Goal,,,,
Philippines,SGPvsPHI_121225,2019.4641989196618,25.896271508995596,SGP CPD,25,Center Left Attack,Not Taken,,,Circle Edge,YES,,,"Q2, Q2, Q2, Q2",GS,Outer Middle,OPP Miss,,,,
Philippines,SGPvsPHI_121225,2100.2528058108746,15.797416065021025,SGP CPD,26,Center Left Defense,WD,,Not Taken,Circle Edge,YES,,,"Q3, Q3, Q3",GS,Inner Left,OPP Goal,,,,
Philippines,SGPvsPHI_121225,2211.7499012048993,31.504057400998136,SGP CPD,27,,Not Taken,,,Circle Edge,YES,,,"Q3, Q3, Q3, Q3",GS,Inner Left,SGP Goal,,,,
Philippines,SGPvsPHI_121225,2300.2538404749257,25.699750076970304,SGP CPD,28,Center Left Attack,WD,Attacking Left,WA,Circle Edge,YES,,,"Q3, Q3, Q3, Q3","GS, GA","Outer Middle, Inner Right","OPP Miss, OPP Goal",,,,
Philippines,SGPvsPHI_121225,2345.453760080887,34.20027144101459,SGP CPD,29,,Not Taken,,,"Circle Edge, Inside Circle","YES, YES",,,"Q3, Q3, Q3, Q3, Q3, Q3",GS,Inner Right,OPP Goal,,,,
Philippines,SGPvsPHI_121225,2401.0537366609033,87.90048384700276,SGP CPD,30,Center Mid Defense,GD,Center Left Defense,WD,"Circle Edge, Circle Edge, Circle Edge","YES, YES, YES",,,"Q3, Q3, Q3, Q3, Q3, Q3, Q3, Q3, Q3, Q3, Q3","GA, GS, GA, GS","Inner Right, Inner Right, Inner Middle, Inner Left","SGP Miss, SGP Miss, SGP Miss, SGP Goal",,,,
Philippines,SGPvsPHI_121225,2521.0536199879116,34.49972625899409,SGP CPD,31,Center Right Defense,GD,Center Left Attack,C,Circle Edge,YES,,,"Q3, Q3, Q3",GS,Inner Middle,OPP Goal,,,,
Philippines,SGPvsPHI_121225,2588.153424759882,31.400177162015098,SGP CPD,32,Center Right Defense,GD,Center Left Attack,C,Outside Circle,YES,,,"Q3, Q3, Q3, Q3",GS,Inner Right,SGP Goal,,,,
Philippines,SGPvsPHI_121225,2675.7543384468827,123.2988892500016,SGP CPD,33,Center Right Attack,GA,Center Right Attack,GD,"Circle Edge, Circle Edge, Inside Circle, Outside Circle, Circle Edge, Inside Circle","NO, YES, NO, NO, YES, YES",,,"Q3, Q3, Q3, Q3, Q3, Q3, Q3, Q3, Q3, Q3, Q3, Q3, Q3",GA,Inner Left,SGP Goal,,,,
Philippines,SGPvsPHI_121225,2814.450006621885,22.702449273024286,SGP CPD,34,Center Mid Defense,WD,Center Mid Attack,WA,"Circle Edge, Circle Edge","YES, YES",,,"Q3, Q3, Q3, Q3",GS,Inner Right,OPP Goal,,,,
Philippines,SGPvsPHI_121225,2856.453886373909,98.79861579499357,SGP CPD,35,Center Mid Defense,WD,Center Right Defense,C,"Circle Edge, Circle Edge, Outside Circle","YES, YES, YES",,,"Q3, Q3, Q3, Q3, Q3, Q3, Q3, Q3, Q3, Q3","GS, GS","Inner Middle, Inner Middle","SGP Miss, OPP Goal",,,,
Philippines,SGPvsPHI_121225,2975.2539314768883,27.800572447991726,SGP CPD,36,Center Left Attack,WA,Attacking Left,GA,Circle Edge,NO,,,"Q3, Q3, Q3, Q3",GS,Outer Left,SGP Goal,,,,
Philippines,SGPvsPHI_121225,3260.0531238258964,93.70039085199915,SGP CPD,37,,Not Taken,,,"Circle Edge, Circle Edge, Circle Edge, Circle Edge, Circle Edge","YES, YES, YES, YES, YES",,,"Q4, Q4, Q4, Q4, Q4, Q4, Q4, Q4, Q4, Q4, Q4, Q4","GA, GS, GS","Outer Middle, Outer Left, Inner Right","OPP Miss, OPP Miss, SGP Goal",,,,
Philippines,SGPvsPHI_121225,3384.4776666666667,38.10255555555614,SGP CPD,38,Center Right Attack,WA,,"Not Taken, GK","Outside Circle, Circle Edge","YES, YES","Contact, Held, Over Third","Amandeep Chahal, Tan Yi Jie","Q4, Q4, Q4, Q4, Q4, Q4",GS,Inner Right,OPP Goal,"Defensive Right, Attacking Left Pocket, Attacking Right, Attacking Right, Defensive Left",,,
Philippines,SGPvsPHI_121225,3447.5533996568856,87.49996539802032,SGP CPD,39,Center Right Attack,WD,Attacking Right,WA,"Outside Circle, Outside Circle, Circle Edge, Circle Edge","NO, YES, NO, YES",,,"Q4, Q4, Q4, Q4, Q4, Q4, Q4, Q4, Q4, Q4","GA, GA","Outer Right, Outer Right","SGP Miss, SGP Goal",,,,
Philippines,SGPvsPHI_121225,3578.254256235913,14.698763946975305,SGP CPD,40,Center Left Attack,WA,Center Mid Attack,GD,Circle Edge,YES,,,"Q4, Q4, Q4",GS,Inner Right,OPP Goal,,,,
Philippines,SGPvsPHI_121225,3618.5538682229144,27.896991728990542,SGP CPD,41,Center Left Defense,WD,Center Left Attack,GA,Outside Circle,YES,,,"Q4, Q4, Q4, Q4",GA,Outer Left,SGP Goal,,,,
Philippines,SGPvsPHI_121225,3668.9530468299017,20.099123238987886,SGP CPD,42,Center Left Defense,WD,,Not Taken,Circle Edge,YES,,,"Q4, Q4, Q4",GS,Inner Middle,OPP Goal,,,,
Philippines,SGPvsPHI_121225,3766.8552660569067,41.19731406,SGP CPD,43,Center Right Defense,WD,Center Left Attack,C,Circle Edge,YES,,,"Q4, Q4, Q4, Q4",GA,Outer Left,SGP Goal,,,,
Philippines,SGPvsPHI_121225,3824.6537161628767,73.29890263201742,SGP CPD,44,Center Left Defense,WD,Attacking Left,WA,"Outside Circle, Outside Circle","NO, YES",,,"Q4, Q4, Q4, Q4, Q4, Q4","GS, GA","Inner Right, Inner Right","OPP Miss, SGP Goal",,,,
Philippines,SGPvsPHI_121225,3934.5548679168987,50.89868626599127,SGP CPD,45,Center Left Defense,GD,Center Right Defense,WD,"Circle Edge, Circle Edge","YES, YES",,,"Q4, Q4, Q4, Q4, Q4, Q4","GS, GA","Outer Middle, Inner Right","OPP Miss, SGP Goal",,,,
Philippines,SGPvsPHI_121225,4011.3534066068896,40.90086757300287,SGP CPD,46,Center Left Defense,WD,Center Left Attack,GD,Outside Circle,YES,,,"Q4, Q4, Q4",GS,Inner Middle,OPP Goal,,,,
Philippines,SGPvsPHI_121225,4076.7536378778905,32.699243093001314,SGP CPD,47,Center Left Defense,Not Taken,,,"Circle Edge, Circle Edge","YES, YES",,,"Q4, Q4, Q4, Q4, Q4",GA,Outer Middle,SGP Goal,,,,
Philippines,SGPvsPHI_121225,19.063390022675776,15.516533716019921,SGP DCPD,1,,,,,,,,,Q1,,,,,,,
Philippines,SGPvsPHI_121225,63.475338147683715,13.20358467997903,SGP DCPD,2,,,,,,,,,Q1,,,,,,,
Philippines,SGPvsPHI_121225,123.47820308168684,10.102222950993792,SGP DCPD,3,,,,,,,,,Q1,,,,,,,
Philippines,SGPvsPHI_121225,197.6806517156815,21.899885312018114,SGP DCPD,4,,,,,Outside Circle,YES,,,"Q1, Q1, Q1",GS,Inner Middle,OPP Goal,,,,
Philippines,SGPvsPHI_121225,251.9794714796792,5.300185472009844,SGP DCPD,5,,,,,,,,,Q1,,,,,,,
Philippines,SGPvsPHI_121225,311.7806295836558,24.299935557032768,SGP DCPD,6,,,,,"Outside Circle, Circle Edge","YES, YES",,,"Q1, Q1, Q1, Q1",GS,Outer Left,OPP Miss,,,,
Philippines,SGPvsPHI_121225,390.0511888888889,23.96794444444447,SGP DCPD,7,Center Right Attack,WD,Center Right Attack,WA,Circle Edge,YES,,,"Q1, Q1",,,,,,,
Philippines,SGPvsPHI_121225,508.9797719246951,12.599763731005623,SGP DCPD,8,,,,,,,,,Q1,,,,,,,
Philippines,SGPvsPHI_121225,550.1801484356827,20.001517970998748,SGP DCPD,9,,,,,,,,,Q1,,,,,,,
Philippines,SGPvsPHI_121225,675.6808928486769,5.198793544013597,SGP DCPD,10,,,,,,,,,Q1,,,,,,,
Philippines,SGPvsPHI_121225,848.7796758096611,19.30096064702434,SGP DCPD,11,,,,,,,,,Q1,,,,,,,
Philippines,SGPvsPHI_121225,922.3805587956972,22.699730634977414,SGP DCPD,12,,,,,Inside Circle,YES,,,"Q1, Q1, Q1",GS,Outer Middle,OPP Miss,,,,
Philippines,SGPvsPHI_121225,1137.8650109216387,21.899380858015775,SGP DCPD,13,,,,,Circle Edge,YES,,,"Q2, Q2, Q2",GS,Outer Left,OPP Goal,,,,
Philippines,SGPvsPHI_121225,1181.965066639665,23.499891829009357,SGP DCPD,14,,,,,Outside Circle,YES,,,"Q2, Q2, Q2",GS,Inner Middle,OPP Miss,,,,
Philippines,SGPvsPHI_121225,1247.4635744936468,12.601376919008544,SGP DCPD,15,,,,,,,,,Q2,,,,,,,
Philippines,SGPvsPHI_121225,1339.8651050156413,22.899770538998837,SGP DCPD,16,,,,,Circle Edge,YES,,,"Q2, Q2, Q2",GA,Inner Left,OPP Miss,,,,
Philippines,SGPvsPHI_121225,1394.664760548657,11.400288079006714,SGP DCPD,17,,,,,Circle Edge,YES,,,"Q2, Q2, Q2",GS,Inner Right,OPP Goal,,,,
Philippines,SGPvsPHI_121225,1485.265644623662,8.198959933994956,SGP DCPD,18,,,,,Outside Circle,NO,,,"Q2, Q2",,,,,,,
Philippines,SGPvsPHI_121225,1572.265422879661,39.29925017,SGP DCPD,19,,,,,Inside Circle,NO,,,"Q2, Q2, Q2",GA,Inner Left,OPP Goal,,,,
Philippines,SGPvsPHI_121225,1637.7645933926533,34.299378344003344,SGP DCPD,20,,,,,"Circle Edge, Inside Circle","YES, YES",,,"Q2, Q2, Q2, Q2",GS,Inner Right,OPP Goal,,,,
Philippines,SGPvsPHI_121225,1728.066523048668,29.497726799992506,SGP DCPD,21,,,,,,,,,Q2,,,,,,,
Philippines,SGPvsPHI_121225,1792.0650419496615,19.79937420099668,SGP DCPD,22,,,,,Circle Edge,YES,,,"Q2, Q2, Q2",GS,Outer Left,OPP Goal,,,,
Philippines,SGPvsPHI_121225,1844.363987655655,12.100837342013165,SGP DCPD,23,,,,,,,,,Q2,,,,,,,
Philippines,SGPvsPHI_121225,1968.4644942336638,28.799563615004445,SGP DCPD,24,,,,,Outside Circle,YES,,,"Q2, Q2, Q2",GS,Inner Left,OPP Goal,,,,
Philippines,SGPvsPHI_121225,2019.4641989196618,20.399729040992497,SGP DCPD,25,,,,,Circle Edge,YES,,,"Q2, Q2, Q2",GS,Outer Middle,OPP Miss,,,,
Philippines,SGPvsPHI_121225,2100.2528058108746,15.797416065021025,SGP DCPD,26,,,,,Circle Edge,YES,,,"Q3, Q3, Q3",GS,Inner Left,OPP Goal,,,,
Philippines,SGPvsPHI_121225,2211.7499012048993,6.403865770005723,SGP DCPD,27,,,,,,,,,Q3,,,,,,,
Philippines,SGPvsPHI_121225,2300.2538404749257,25.699750076970304,SGP DCPD,28,,,,,Circle Edge,YES,,,"Q3, Q3, Q3, Q3","GS, GA","Outer Middle, Inner Right","OPP Miss, OPP Goal",,,,
Philippines,SGPvsPHI_121225,2345.453760080887,4.8998324880094515,SGP DCPD,29,,,,,,,,,Q3,,,,,,,
Philippines,SGPvsPHI_121225,2401.0537366609033,14.500508209003783,SGP DCPD,30,,,,,,,,,Q3,,,,,,,
Philippines,SGPvsPHI_121225,2521.0536199879116,34.49972625899409,SGP DCPD,31,,,,,Circle Edge,YES,,,"Q3, Q3, Q3",GS,Inner Middle,OPP Goal,,,,
Philippines,SGPvsPHI_121225,2588.153424759882,12.398894411003312,SGP DCPD,32,,,,,,,,,Q3,,,,,,,
Philippines,SGPvsPHI_121225,2675.7543384468827,29.49711279499843,SGP DCPD,33,,,,,,,,,Q3,,,,,,,
Philippines,SGPvsPHI_121225,2814.450006621885,22.702449273024286,SGP DCPD,34,,,,,"Circle Edge, Circle Edge","YES, YES",,,"Q3, Q3, Q3, Q3",GS,Inner Right,OPP Goal,,,,
Philippines,SGPvsPHI_121225,2856.453886373909,28.099119160994633,SGP DCPD,35,,,,,,,,,Q3,,,,,,,
Philippines,SGPvsPHI_121225,2975.2539314768883,20.199639966018367,SGP DCPD,36,,,,,Circle Edge,NO,,,"Q3, Q3",,,,,,,
Philippines,SGPvsPHI_121225,3260.0531238258964,18.501337099997727,SGP DCPD,37,,,,,,,,,Q4,,,,,,,
Philippines,SGPvsPHI_121225,3384.4776666666667,8.460233333333235,SGP DCPD,38,Center Right Attack,WA,,Not Taken,,,,,Q4,,,,,,,
Philippines,SGPvsPHI_121225,3447.5533996568856,16.400751391001904,SGP DCPD,39,,,,,Outside Circle,NO,,,"Q4, Q4",,,,,,,
Philippines,SGPvsPHI_121225,3578.254256235913,14.698763946975305,SGP DCPD,40,,,,,Circle Edge,YES,,,"Q4, Q4, Q4",GS,Inner Right,OPP Goal,,,,
Philippines,SGPvsPHI_121225,3618.5538682229144,11.500493603984069,SGP DCPD,41,,,,,,,,,Q4,,,,,,,
Philippines,SGPvsPHI_121225,3668.9530468299017,20.099123238987886,SGP DCPD,42,,,,,Circle Edge,YES,,,"Q4, Q4, Q4",GS,Inner Middle,OPP Goal,,,,
Philippines,SGPvsPHI_121225,3766.8552660569067,27.197929003983518,SGP DCPD,43,,,,,,,,,Q4,,,,,,,
Philippines,SGPvsPHI_121225,3824.6537161628767,54.900391018020855,SGP DCPD,44,,,,,Outside Circle,NO,,,"Q4, Q4, Q4",GS,Inner Right,OPP Miss,,,,
Philippines,SGPvsPHI_121225,3934.5548679168987,28.497936390004725,SGP DCPD,45,,,,,Circle Edge,YES,,,"Q4, Q4, Q4",GS,Outer Middle,OPP Miss,,,,
Philippines,SGPvsPHI_121225,4011.3534066068896,40.90086757300287,SGP DCPD,46,,,,,Outside Circle,YES,,,"Q4, Q4, Q4",GS,Inner Middle,OPP Goal,,,,
Philippines,SGPvsPHI_121225,4076.7536378778905,7.397587370006477,SGP DCPD,47,,,,,,,,,Q4,,,,,,,
Philippines,SGPvsPHI_121225,210.6737648,5.301353848007238,OPP Feed,1,,,,,Outside Circle,YES,,,Q1,,,,,,,
Philippines,SGPvsPHI_121225,323.17601088965444,5.188754525022887,OPP Feed,2,,,,,Outside Circle,YES,,,Q1,,,,,,,
Philippines,SGPvsPHI_121225,324.8732712076594,5.185311689032233,OPP Feed,3,,,,,Circle Edge,YES,,,Q1,,,,,,,
Philippines,SGPvsPHI_121225,400.56888888888886,5,OPP Feed,4,,,,,Circle Edge,YES,,,Q1,,,,,,,
Philippines,SGPvsPHI_121225,823.6754286826915,5.1797995609786085,OPP Feed,5,,,,,Circle Edge,YES,,,Q1,,,,,,,
Philippines,SGPvsPHI_121225,927.1952729550047,5.099878622974984,OPP Feed,6,,,,,Outside Circle,YES,,,Q1,,,,,,,
Philippines,SGPvsPHI_121225,932.0733781416814,5.203511416,OPP Feed,7,,,,,Inside Circle,YES,,,Q1,,,,,,,
Philippines,SGPvsPHI_121225,1119.659978287656,5.179945394007973,OPP Feed,8,,,,,Circle Edge,NO,,,Q2,,,,,,,
Philippines,SGPvsPHI_121225,1126.7563855906665,5.196110358986516,OPP Feed,9,,,,,Circle Edge,YES,,,Q2,,,,,,,
Philippines,SGPvsPHI_121225,1149.4590957396485,5.318288266018499,OPP Feed,10,,,,,Circle Edge,YES,,,Q2,,,,,,,
Philippines,SGPvsPHI_121225,1192.260695770669,5.314657846998216,OPP Feed,11,,,,,Outside Circle,YES,,,Q2,,,,,,,
Philippines,SGPvsPHI_121225,1347.6617924246648,5.202992839,OPP Feed,12,,,,,Circle Edge,YES,,,Q2,,,,,,,
Philippines,SGPvsPHI_121225,1396.8304191216675,5.1305276729963225,OPP Feed,13,,,,,Circle Edge,YES,,,Q2,,,,,,,
Philippines,SGPvsPHI_121225,1462.8581507886483,5.127690224989237,OPP Feed,14,,,,,Circle Edge,NO,,,Q2,,,,,,,
Philippines,SGPvsPHI_121225,1487.359387054676,5.114384070988308,OPP Feed,15,,,,,Outside Circle,NO,,,Q2,,,,,,,
Philippines,SGPvsPHI_121225,1579.5029666666667,5,OPP Feed,16,,,,,Outside Circle,YES,,,Q2,,,,,,,
Philippines,SGPvsPHI_121225,1592.3604350076585,5.4025317319947135,OPP Feed,17,,,,,Inside Circle,NO,,,Q2,,,,,,,
Philippines,SGPvsPHI_121225,1662.6597593006659,5.401732157996321,OPP Feed,18,,,,,Circle Edge,YES,,,Q2,,,,,,,
Philippines,SGPvsPHI_121225,1663.6650386226493,5.2001597709918315,OPP Feed,19,,,,,Inside Circle,YES,,,Q2,,,,,,,
Philippines,SGPvsPHI_121225,1802.259681335659,5.296047107990944,OPP Feed,20,,,,,Circle Edge,YES,,,Q2,,,,,,,
Philippines,SGPvsPHI_121225,1818.1281444444444,5,OPP Feed,21,,,,,Outside Circle,YES,,,Q2,,,,,,,
Philippines,SGPvsPHI_121225,1987.362195424654,5.201970985027401,OPP Feed,22,,,,,Outside Circle,YES,,,Q2,,,,,,,
Philippines,SGPvsPHI_121225,2028.859443419665,5.200551396975243,OPP Feed,23,,,,,Circle Edge,YES,,,Q2,,,,,,,
Philippines,SGPvsPHI_121225,2106.747952170902,5.202044121977451,OPP Feed,24,,,,,Circle Edge,YES,,,Q3,,,,,,,
Philippines,SGPvsPHI_121225,2199.0509111978818,5.190916058014409,OPP Feed,25,,,,,Circle Edge,YES,,,Q3,,,,,,,
Philippines,SGPvsPHI_121225,2272.8414333333335,5,OPP Feed,26,,,,,Outside Circle,YES,,,Q3,,,,,,,
Philippines,SGPvsPHI_121225,2309.549609926924,5.500450496982921,OPP Feed,27,,,,,Circle Edge,YES,,,Q3,,,,,,,
Philippines,SGPvsPHI_121225,2314.0845555555557,5,OPP Feed,28,,,,,Circle Edge,YES,,,Q3,,,,,,,
Philippines,SGPvsPHI_121225,2362.7439777777777,5,OPP Feed,29,,,,,Circle Edge,YES,,,Q3,,,,,,,
Philippines,SGPvsPHI_121225,2366.548872304912,5.3050796919633285,OPP Feed,30,,,,,Circle Edge,YES,,,Q3,,,,,,,
Philippines,SGPvsPHI_121225,2368.752655349912,5.19455266,OPP Feed,31,,,,,Inside Circle,YES,,,Q3,,,,,,,
Philippines,SGPvsPHI_121225,2544.6479778808844,5.187139773,OPP Feed,32,,,,,Circle Edge,YES,,,Q3,,,,,,,
Philippines,SGPvsPHI_121225,2763.949249223905,5.5005888209980185,OPP Feed,33,,,,,Outside Circle,NO,,,Q3,,,,,,,
Philippines,SGPvsPHI_121225,2823.8487618309046,5.298350412983382,OPP Feed,34,,,,,Circle Edge,YES,,,Q3,,,,,,,
Philippines,SGPvsPHI_121225,2828.250065624902,5.317573655002889,OPP Feed,35,,,,,Circle Edge,YES,,,Q3,,,,,,,
Philippines,SGPvsPHI_121225,2876.425770975057,5,OPP Feed,36,,,,,Outside Circle,NO,,,Q3,,,,,,,
Philippines,SGPvsPHI_121225,2946.549235655896,5.198054108018368,OPP Feed,37,,,,,Outside Circle,YES,,,Q3,,,,,,,
Philippines,SGPvsPHI_121225,2988.648135839877,5.202087260023291,OPP Feed,38,,,,,Circle Edge,NO,,,Q3,,,,,,,
Philippines,SGPvsPHI_121225,3270.8270444444443,5,OPP Feed,39,,,,,Circle Edge,NO,,,Q4,,,,,,,
Philippines,SGPvsPHI_121225,3294.2488076379095,5.317702534995988,OPP Feed,40,,,,,Circle Edge,YES,,,Q4,,,,,,,
Philippines,SGPvsPHI_121225,3304.2882555555557,5,OPP Feed,41,,,,,Outside Circle,YES,,,Q4,,,,,,,
Philippines,SGPvsPHI_121225,3313.3463491279235,5.202062613976523,OPP Feed,42,,,,,Circle Edge,YES,,,Q4,,,,,,,
Philippines,SGPvsPHI_121225,3315.3489436748996,5.299319846975777,OPP Feed,43,,,,,Circle Edge,YES,,,Q4,,,,,,,
Philippines,SGPvsPHI_121225,3409.6901816799873,5.303767348001202,OPP Feed,44,,,,,Outside Circle,YES,,,Q4,,,,,,,
Philippines,SGPvsPHI_121225,3412.2904333333336,5,OPP Feed,45,,,,,Circle Edge,YES,,,Q4,,,,,,,
Philippines,SGPvsPHI_121225,3454.5764555555556,5,OPP Feed,46,,,,,Outside Circle,NO,,,Q4,,,,,,,
Philippines,SGPvsPHI_121225,3507.948262187916,5.185234810996008,OPP Feed,47,,,,,Circle Edge,NO,,,Q4,,,,,,,
Philippines,SGPvsPHI_121225,3583.7498155088806,5.187460970028042,OPP Feed,48,,,,,Outside Circle,YES,,,Q4,,,,,,,
Philippines,SGPvsPHI_121225,3678.9491953889165,5.305609125959563,OPP Feed,49,,,,,Circle Edge,YES,,,Q4,,,,,,,
Philippines,SGPvsPHI_121225,3785.1581333333334,5,OPP Feed,50,,,,,Circle Edge,NO,,,Q4,,,,,,,
Philippines,SGPvsPHI_121225,3830.451377126901,5.298093784002049,OPP Feed,51,,,,,Outside Circle,NO,,,Q4,,,,,,,
Philippines,SGPvsPHI_121225,3838.4745222222223,5,OPP Feed,52,,,,,Circle Edge,NO,,,Q4,,,,,,,
Philippines,SGPvsPHI_121225,3860.335577777778,5,OPP Feed,53,,,,,Circle Edge,YES,,,Q4,,,,,,,
Philippines,SGPvsPHI_121225,3950.848761264917,5.202870721997897,OPP Feed,54,,,,,Circle Edge,YES,,,Q4,,,,,,,
Philippines,SGPvsPHI_121225,4029.449588926903,5.402523627971277,OPP Feed,55,,,,,Outside Circle,YES,,,Q4,,,,,,,
Philippines,SGPvsPHI_121225,208.47909236066675,11.101444667032865,OPP Shot,1,,,,,,,,,Q1,GS,Inner Left,OPP Goal,,,,
Philippines,SGPvsPHI_121225,323.6809322506897,11.400605416985854,OPP Shot,2,,,,,,,,,Q1,GS,Outer Left,OPP Miss,,,,
Philippines,SGPvsPHI_121225,830.8802720776896,14.399215950992811,OPP Shot,3,,,,,,,,,Q1,GS,Outer Left,OPP Goal,,,,
Philippines,SGPvsPHI_121225,931.9784221256602,10.99680773,OPP Shot,4,,,,,,,,,Q1,GS,Outer Middle,OPP Miss,,,,
Philippines,SGPvsPHI_121225,1125.1643745136498,11.000464241017653,OPP Shot,5,,,,,,,,,Q2,GA,Inner Right,OPP Goal,,,,
Philippines,SGPvsPHI_121225,1148.7640053096602,11.000386469994282,OPP Shot,6,,,,,,,,,Q2,GS,Outer Left,OPP Goal,,,,
Philippines,SGPvsPHI_121225,1193.1650420876776,11.100491721988874,OPP Shot,7,,,,,,,,,Q2,GS,Inner Middle,OPP Miss,,,,
Philippines,SGPvsPHI_121225,1350.5649872126487,11.29862232900723,OPP Shot,8,,,,,,,,,Q2,GA,Inner Left,OPP Miss,,,,
Philippines,SGPvsPHI_121225,1395.0653902606591,10.999658367004486,OPP Shot,9,,,,,,,,,Q2,GS,Inner Right,OPP Goal,,,,
Philippines,SGPvsPHI_121225,1600.4639810456501,11.100692008000806,OPP Shot,10,,,,,,,,,Q2,GA,Inner Left,OPP Goal,,,,
Philippines,SGPvsPHI_121225,1661.1652499646561,10.89872177,OPP Shot,11,,,,,,,,,Q2,GS,Inner Right,OPP Goal,,,,
Philippines,SGPvsPHI_121225,1800.864959314652,10.999456836006175,OPP Shot,12,,,,,,,,,Q2,GS,Outer Left,OPP Goal,,,,
Philippines,SGPvsPHI_121225,1828.265115669673,10.899499562986875,OPP Shot,13,,,,,,,,,Q2,GS,Inner Middle,OPP Goal,,,,
Philippines,SGPvsPHI_121225,1986.4640495556762,10.80000829299206,OPP Shot,14,,,,,,,,,Q2,GS,Inner Left,OPP Goal,,,,
Philippines,SGPvsPHI_121225,2027.5635117676622,10.900196132994097,OPP Shot,15,,,,,,,,,Q2,GS,Outer Middle,OPP Miss,,,,
Philippines,SGPvsPHI_121225,2105.0532146679216,10.997007207974093,OPP Shot,16,,,,,,,,,Q3,GS,Inner Left,OPP Goal,,,,
Philippines,SGPvsPHI_121225,2197.453420879903,10.999736100993687,OPP Shot,17,,,,,,,,,Q3,GA,Inner Right,OPP Goal,,,,
Philippines,SGPvsPHI_121225,2280.1526708949104,11.10115432798193,OPP Shot,18,,,,,,,,,Q3,GS,Outer Right,OPP Miss,,,,
Philippines,SGPvsPHI_121225,2284.052871959918,12.899923715987825,OPP Shot,19,,,,,,,,,Q3,GS,Inner Left,OPP Goal,,,,
Philippines,SGPvsPHI_121225,2309.2530209039005,10.900457173004725,OPP Shot,20,,,,,,,,,Q3,GS,Outer Middle,OPP Miss,,,,
Philippines,SGPvsPHI_121225,2315.053003181889,10.900587370007088,OPP Shot,21,,,,,,,,,Q3,GA,Inner Right,OPP Goal,,,,
Philippines,SGPvsPHI_121225,2368.5535882438962,11.100443278005514,OPP Shot,22,,,,,,,,,Q3,GS,Inner Right,OPP Goal,,,,
Philippines,SGPvsPHI_121225,2544.453719989903,11.099626257002456,OPP Shot,23,,,,,,,,,Q3,GS,Inner Middle,OPP Goal,,,,
Philippines,SGPvsPHI_121225,2825.9529253159026,11.199530579006932,OPP Shot,24,,,,,,,,,Q3,GS,Inner Right,OPP Goal,,,,
Philippines,SGPvsPHI_121225,2944.3519048258904,10.900597343012123,OPP Shot,25,,,,,,,,,Q3,GS,Inner Middle,OPP Goal,,,,
Philippines,SGPvsPHI_121225,3294.1526251609066,10.80016838699521,OPP Shot,26,,,,,,,,,Q4,GA,Outer Middle,OPP Miss,,,,
Brunei,SGPvsBRN_16122025,1901.8951044789667,4.999152402,OPP Feed,35,,,,,Outside Circle,YES,,,Q2,,,,,,,
Philippines,SGPvsPHI_121225,3411.9731362150033,10.60708600721955,OPP Shot,28,,,,GK,,,"Contact, Held, Over Third","Amandeep Chahal, Tan Yi Jie",Q4,GS,Inner Right,OPP Goal,"Defensive Right, Attacking Left Pocket, Attacking Right, Attacking Right, Defensive Left",,,
Philippines,SGPvsPHI_121225,3581.853013935901,11.100006246987505,OPP Shot,29,,,,,,,,,Q4,GS,Inner Right,OPP Goal,,,,
Philippines,SGPvsPHI_121225,3677.7528752119033,11.299294856986307,OPP Shot,30,,,,,,,,,Q4,GS,Inner Middle,OPP Goal,,,,
Philippines,SGPvsPHI_121225,3867.1501988128985,11.002580501004559,OPP Shot,31,,,,,,,,,Q4,GS,Inner Right,OPP Miss,,,,
Philippines,SGPvsPHI_121225,3950.2523125119096,11.100658679001754,OPP Shot,32,,,,,,,,,Q4,GS,Outer Middle,OPP Miss,,,,
Philippines,SGPvsPHI_121225,4041.3529747808907,10.9012994,OPP Shot,33,,,,,,,,,Q4,GS,Inner Middle,OPP Goal,,,,
Philippines,SGPvsPHI_121225,27.579923738695697,26.20043725,SGP Gains,1,,,,,Inside Circle,YES,Breaking,,"Q1, Q1, Q1, Q1","GS, GS","Inner Left, Inner Left","SGP Miss, SGP Goal",Center Mid Attack,,,
Philippines,SGPvsPHI_121225,69.67892282766275,30.500683066016563,SGP Gains,2,,,,,"Circle Edge, Circle Edge","YES, YES",Held,,"Q1, Q1, Q1, Q1",GS,Outer Left,SGP Goal,Defensive Right,,,
Philippines,SGPvsPHI_121225,126.5804260326804,22.199576803995114,SGP Gains,3,,,,,"Outside Circle, Circle Edge","YES, YES",Interception,Jamie Lim,"Q1, Q1, Q1, Q1",GS,Inner Right,SGP Goal,Defensive Left,,,
Philippines,SGPvsPHI_121225,161.48098875969026,35.495707208975546,SGP Gains,4,,,,,Circle Edge,YES,Over Third,,"Q1, Q1, Q1, Q1","GS, GS","Inner Right, Inner Middle","SGP Miss, SGP Goal",Defensive Right,,,
Philippines,SGPvsPHI_121225,250.27965695168905,24.500577911975824,SGP Gains,5,,,,,"Circle Edge, Circle Edge","YES, YES",Droped Ball,Tan Yi Jie,"Q1, Q1, Q1, Q1",GA,Inner Right,SGP Goal,Center Right Defense,,,
Philippines,SGPvsPHI_121225,329.0805651406886,35.49974297597987,SGP Gains,6,,,,,Circle Edge,YES,Missed Rebound,Jamie Lim,"Q1, Q1, Q1",GS,Outer Left,SGP Goal,Defensive D,,,
Philippines,SGPvsPHI_121225,407.01913333333334,35.06884444444444,SGP Gains,7,,,,,Outside Circle,YES,Missed Rebound,,"Q1, Q1, Q1",GA,Inner Left,SGP Goal,Defensive D,,,
Philippines,SGPvsPHI_121225,473.6800782586754,24.099125112988986,SGP Gains,8,,,,,Circle Edge,YES,Interception,Jamie Lim,"Q1, Q1, Q1",GA,Outer Left,SGP Miss,Defensive Left,,,
Philippines,SGPvsPHI_121225,492.07937870267415,12.50041608299739,SGP Gains,9,,,,,,,Interception,Angelina Lim,"Q1, Q1",GS,Outer Middle,SGP Goal,Attacking Left,,,
Philippines,SGPvsPHI_121225,509.1294444324981,20.450391419184598,SGP Gains,10,,,,,Circle Edge,YES,Pass Out of Bounds,,"Q1, Q1, Q1",GS,Inner Right,SGP Goal,Center Right Defense,,,
Philippines,SGPvsPHI_121225,563.1816664066814,37.09809919500208,SGP Gains,11,,,,,Circle Edge,YES,Contact,,"Q1, Q1, Q1",GS,Outer Middle,SGP Miss,Defensive Middle,,,
Philippines,SGPvsPHI_121225,603.8802380196787,30.39982363100785,SGP Gains,12,,,,,Circle Edge,YES,Interception,Mishalenee K,"Q1, Q1, Q1",GS,Inner Right,SGP Goal,Defensive D,,,
Philippines,SGPvsPHI_121225,673.8796863926905,19.000653166980328,SGP Gains,13,,,,,Circle Edge,YES,Breaking,,"Q1, Q1",,,,Center Right Attack,,,
Philippines,SGPvsPHI_121225,700.1803696086843,19.795100252996008,SGP Gains,14,,,,,Circle Edge,YES,Interception,Khor Ting Fang,"Q1, Q1",,,,Defensive Left Pocket,,,
Philippines,SGPvsPHI_121225,717.9820504936913,14.897852431985484,SGP Gains,15,,,,,Outside Circle,YES,Interception,Tan Yi Jie,"Q1, Q1, Q1",GS,Inner Left,SGP Goal,Attacking Middle,,,
Philippines,SGPvsPHI_121225,754.1795856056708,23.00031728802651,SGP Gains,16,,,,,Circle Edge,YES,Interception,Mishalenee K,"Q1, Q1, Q1",GS,Outer Right,SGP Miss,Defensive Left Pocket,,,
Philippines,SGPvsPHI_121225,779.6775692076865,19.302236000011135,SGP Gains,17,,,,,,,Interception,Jamie Lim,Q1,,,,Defensive Left Pocket,,,
Philippines,SGPvsPHI_121225,861.0806364566854,38.99770322299764,SGP Gains,18,,,,,"Circle Edge, Circle Edge","YES, YES",Held,,"Q1, Q1, Q1, Q1",GS,Inner Right,SGP Goal,Defensive Right,,,
Philippines,SGPvsPHI_121225,938.0802894306746,21.199714348007547,SGP Gains,19,,,,,,,Shot Out of Bounds,,Q1,,,,Defensive D,,,
Philippines,SGPvsPHI_121225,1198.4649584686745,26.499879448957927,SGP Gains,20,,,,,"Circle Edge, Circle Edge","YES, YES",Missed Rebound,Tan Yi Jie,"Q2, Q2, Q2, Q2, Q2","GS, GA","Outer Right, Inner Right","SGP Miss, SGP Goal",Defensive Middle,,,
Philippines,SGPvsPHI_121225,1253.0649514126553,28.39926881199699,SGP Gains,21,,,,,Circle Edge,YES,Interception,Mishalenee K,"Q2, Q2, Q2",GS,Inner Left,SGP Goal,Defensive D,,,
Philippines,SGPvsPHI_121225,1294.7120354848312,34.25020845382551,SGP Gains,22,,,,,"Circle Edge, Inside Circle","YES, YES",Droped Ball,,"Q2, Q2, Q2, Q2",GA,Inner Right,SGP Goal,Defensive Right,,,
Philippines,SGPvsPHI_121225,1355.7648755546402,23.299837942000067,SGP Gains,23,,,,,Circle Edge,YES,Missed Rebound,Jamie Lim,"Q2, Q2, Q2",GS,Inner Left,SGP Goal,Defensive D,,,
Philippines,SGPvsPHI_121225,1463.1628939966613,17.100868088004063,SGP Gains,24,,,,,Circle Edge,YES,Interception,Jamie Lim,"Q2, Q2, Q2",GA,Outer Right,SGP Goal,Defensive Middle,,,
Philippines,SGPvsPHI_121225,1486.464604557657,20.296740663002765,SGP Gains,25,,,,,Circle Edge,YES,Interception,Jamie Lim,"Q2, Q2, Q2",GA,Outer Middle,SGP Miss,Defensive D,,,
Philippines,SGPvsPHI_121225,1508.3641197216466,18.30087019001985,SGP Gains,26,,,,,"Circle Edge, Circle Edge","YES, YES",Interception,Toh Kai Wei,"Q2, Q2, Q2, Q2",GS,Inner Right,SGP Goal,Center Left Attack,,,
Philippines,SGPvsPHI_121225,1553.0648446076425,15.000041230008264,SGP Gains,27,,,,,Outside Circle,YES,Interception,Khor Ting Fang,"Q2, Q2, Q2",GS,Inner Right,SGP Goal,Center Mid Attack,,,
Philippines,SGPvsPHI_121225,1701.3655414646491,25.099299019013415,SGP Gains,28,,,,,Circle Edge,YES,Interception,Khor Ting Fang,"Q2, Q2, Q2",GS,Inner Right,SGP Goal,Center Left Defense,,,
Philippines,SGPvsPHI_121225,1750.5642498486604,20.70040980001113,SGP Gains,29,,,,,Circle Edge,YES,Interception,Mishalenee K,"Q2, Q2, Q2",GA,Outer Right,SGP Goal,Center Right Defense,,,
Philippines,SGPvsPHI_121225,1846.762428176739,39.301721009910125,SGP Gains,30,,,,,"Circle Edge, Circle Edge","YES, YES",Pass Out of Bounds,,"Q2, Q2, Q2, Q2",GS,Inner Left,SGP Goal,Defensive Right,,,
Philippines,SGPvsPHI_121225,1922.3644963336442,43.79990417800923,SGP Gains,31,,,,,Inside Circle,YES,Droped Ball,,"Q2, Q2, Q2",GS,Inner Left,SGP Goal,Attacking Left,,,
Philippines,SGPvsPHI_121225,2032.8639279606543,11.700249289020576,SGP Gains,32,,,,,,,Missed Rebound,Jamie Lim,Q2,,,,Defensive D,,,
Philippines,SGPvsPHI_121225,2145.350657176912,27.60279396698479,SGP Gains,33,,,,,Circle Edge,YES,Stepping,,"Q3, Q3, Q3",GS,Inner Right,SGP Miss,Center Right Attack,,,
Philippines,SGPvsPHI_121225,2211.153766974905,32.10019163099241,SGP Gains,34,,,,,Circle Edge,YES,Pass Out of Bounds,,"Q3, Q3, Q3",GS,Inner Left,SGP Goal,Center Right Attack,,,
Philippines,SGPvsPHI_121225,2343.3535925688966,15.400338012011161,SGP Gains,35,,,,,,,Breaking,,Q3,,,,Center Right Attack,,,
Philippines,SGPvsPHI_121225,2408.554244869907,45.19943429700015,SGP Gains,36,,,,,Circle Edge,YES,Droped Ball,,"Q3, Q3, Q3, Q3","GA, GS","Inner Right, Inner Right","SGP Miss, SGP Miss",Defensive Left Pocket,,,
Philippines,SGPvsPHI_121225,2450.2527430358987,38.701477472007355,SGP Gains,37,,,,,"Circle Edge, Circle Edge","YES, YES",Interception,Rachel Ling,"Q3, Q3, Q3, Q3, Q3","GA, GS","Inner Middle, Inner Left","SGP Miss, SGP Goal",Center Mid Attack,,,
Philippines,SGPvsPHI_121225,2593.5523191708853,26.001282751011786,SGP Gains,38,,,,,Outside Circle,YES,Pass Out of Bounds,,"Q3, Q3, Q3",GS,Inner Right,SGP Goal,Defensive D,,,
Philippines,SGPvsPHI_121225,2649.9551363318906,23.49774842699935,SGP Gains,39,,,,,,,Interception,Toh Kai Wei,"Q3, Q3",GA,Outer Left,SGP Goal,Attacking Left,,,
Philippines,SGPvsPHI_121225,2698.251451241881,23.101402205024897,SGP Gains,40,,,,,,,Interception,Reena Divya,Q3,,,,Defensive D,,,
Philippines,SGPvsPHI_121225,2724.152908910907,29.50058666,SGP Gains,41,,,,,"Circle Edge, Circle Edge, Inside Circle","NO, YES, NO",Pass Out of Bounds,,"Q3, Q3, Q3, Q3",,,,Defensive Left Pocket,,,
Philippines,SGPvsPHI_121225,2764.0534586258836,34.99976907100063,SGP Gains,42,,,,,"Circle Edge, Inside Circle","YES, YES",Droped Ball,,"Q3, Q3, Q3, Q3",GA,Inner Left,SGP Goal,Defensive D,,,
Philippines,SGPvsPHI_121225,2877.5530055349036,25.100620270995933,SGP Gains,43,,,,,Circle Edge,YES,Droped Ball,Yew Shu Ning,"Q3, Q3, Q3",GS,Inner Middle,SGP Miss,Defensive D,,,
Philippines,SGPvsPHI_121225,2910.053641,19.600156790990695,SGP Gains,44,,,,,Circle Edge,YES,Interception,Goh Wei Ping,"Q3, Q3",,,,Center Mid Attack,,,
Philippines,SGPvsPHI_121225,2988.4535714429067,14.60093248197336,SGP Gains,45,,,,,,,Droped Ball,Rachel Ling,"Q3, Q3",GS,Outer Left,SGP Goal,Defensive Middle,,,
Philippines,SGPvsPHI_121225,3271.554460925894,14.498531772006572,SGP Gains,46,,,,,,,Interception,Reena Divya,Q4,,,,Defensive Right Pocket,,,
Philippines,SGPvsPHI_121225,3319.451268830887,34.302245847008635,SGP Gains,47,,,,,"Circle Edge, Circle Edge","YES, YES",Missed Rebound,Jamie Lim,"Q4, Q4, Q4, Q4",GS,Inner Right,SGP Goal,Defensive D,,,
Philippines,SGPvsPHI_121225,3385.9379,11.610900000000584,SGP Gains,48,,,,,,,Interception,Rachel Ling,Q4,,,,Center Right Defense,,,
Philippines,SGPvsPHI_121225,3456.9541510478875,37.30024681203486,SGP Gains,49,,,,,Outside Circle,YES,Pass Out of Bounds,,"Q4, Q4, Q4",GA,Outer Right,SGP Miss,Defensive D,,,
Philippines,SGPvsPHI_121225,3509.3532852359212,25.700079818984705,SGP Gains,50,,,,,Circle Edge,YES,Interception,Yew Shu Ning,"Q4, Q4, Q4",GA,Outer Right,SGP Goal,Defensive Right,,,
Philippines,SGPvsPHI_121225,3554.353666327903,21.00004245,SGP Gains,51,,,,,"Circle Edge, Inside Circle","YES, YES",Droped Ball,,"Q4, Q4, Q4, Q4",GS,Inner Middle,SGP Goal,Attacking Left,,,
Philippines,SGPvsPHI_121225,3623.0543618268985,23.396498125006474,SGP Gains,52,,,,,Outside Circle,YES,Interception,Jamie Lim,"Q4, Q4, Q4",GA,Outer Left,SGP Goal,Center Right Defense,,,
Philippines,SGPvsPHI_121225,3739.6525422138884,23.50071262300571,SGP Gains,53,,,,,"Circle Edge, Circle Edge","YES, YES",Interception,Reena Divya,"Q4, Q4, Q4, Q4",GA,Outer Right,SGP Goal,Defensive Left Pocket,,,
Philippines,SGPvsPHI_121225,3787.053195,20.999385053010883,SGP Gains,54,,,,,Circle Edge,YES,Contact,,"Q4, Q4, Q4",GA,Outer Left,SGP Goal,Defensive Left Pocket,,,
Philippines,SGPvsPHI_121225,3872.5541071808975,25.39851161399656,SGP Gains,55,,,,,Outside Circle,YES,Missed Rebound,Jamie Lim,"Q4, Q4, Q4",GA,Inner Right,SGP Goal,Defensive D,,,
Philippines,SGPvsPHI_121225,3914.4526546969037,18.200927755981866,SGP Gains,56,,,,,,,Droped Ball,Goh Wei Ping,"Q4, Q4, Q4","GA, GA","Outer Middle, Inner Left","SGP Miss, SGP Goal",Attacking D,,,
Philippines,SGPvsPHI_121225,3956.0528043069035,29.40074987598655,SGP Gains,57,,,,,Circle Edge,YES,Missed Rebound,Reena Divya,"Q4, Q4, Q4",GA,Inner Right,SGP Goal,Defensive D,,,
Philippines,SGPvsPHI_121225,4077.151225247897,32.30165572299484,SGP Gains,58,,,,,"Circle Edge, Circle Edge","YES, YES",Interception,Goh Wei Ping,"Q4, Q4, Q4, Q4",GA,Outer Middle,SGP Goal,Attacking Right,,,
Philippines,SGPvsPHI_121225,157.58023371568424,10.900755044006019,SGP Turnovers,1,,,,,,,Interception,Angelina Lim,Q1,,,,Attacking D,,,
Philippines,SGPvsPHI_121225,458.4814138516706,22.19866441,SGP Turnovers,2,,,,,,,Stepping,Toh Kai Wei,Q1,,,,Attacking D,,,
Philippines,SGPvsPHI_121225,490.7792033716644,8.300175331009768,SGP Turnovers,3,,,,,,,Missed Rebound,Toh Kai Wei,Q1,,,,Attacking D,,,
Philippines,SGPvsPHI_121225,593.2797656016835,17.600472417995206,SGP Turnovers,4,,,,,,,Missed Rebound,Amandeep Chahal,Q1,,,,Attacking D,,,
Philippines,SGPvsPHI_121225,685.8803395596708,21.300030049013458,SGP Turnovers,5,,,,,,,Repossession,Toh Kai Wei,Q1,,,,Attacking D,,,
Philippines,SGPvsPHI_121225,712.9754698616803,12.006580632011037,SGP Turnovers,6,,,,,,,Pass Out of Bounds,Toh Kai Wei,Q1,,,,Attacking Left Pocket,,,
Philippines,SGPvsPHI_121225,740.5806109516559,20.59897465401491,SGP Turnovers,7,,,,,,,Interception,Amandeep Chahal,Q1,,,,Attacking Left Pocket,,,
Philippines,SGPvsPHI_121225,770.1799028936973,16.497666313989157,SGP Turnovers,8,,,,,,,Shot Out of Bounds,Amandeep Chahal,Q1,,,,Attacking D,,,
Philippines,SGPvsPHI_121225,791.9798052076976,53.29968282,SGP Turnovers,9,,,,,Circle Edge,NO,Droped Ball,Tan Yi Jie,"Q1, Q1, Q1",GS,Outer Left,OPP Goal,Attacking Right,,,
Philippines,SGPvsPHI_121225,952.2800037786822,13.599568223991355,SGP Turnovers,10,,,,,,,Missed Rebound,Toh Kai Wei,Q1,,,,Attacking D,,,
Philippines,SGPvsPHI_121225,1093.4649548676643,42.699883887003125,SGP Turnovers,11,,,,,"Circle Edge, Circle Edge","NO, YES",Droped Ball,Amandeep Chahal,"Q2, Q2, Q2, Q2",GA,Inner Right,OPP Goal,Attacking D,,,
Philippines,SGPvsPHI_121225,1283.8651182296826,20.799625516999185,SGP Turnovers,12,,,,,,,Droped Ball,Angelina Lim,Q2,,,,Center Left Attack,,,
Philippines,SGPvsPHI_121225,1423.5635046266661,46.59938936999515,SGP Turnovers,13,,,,,Circle Edge,NO,Droped Ball,Toh Kai Wei,"Q2, Q2",,,,Attacking D,,,
Philippines,SGPvsPHI_121225,1499.7613452206597,15.602774500986925,SGP Turnovers,14,,,,,,,Missed Rebound,Toh Kai Wei,Q2,,,,Attacking D,,,
Philippines,SGPvsPHI_121225,1549.4640463646465,10.600798242996007,SGP Turnovers,15,,,,,,,Obstruction,Amandeep Chahal,Q2,,,,Attacking D,,,
Philippines,SGPvsPHI_121225,1693.3637461796525,15.00179528499666,SGP Turnovers,16,,,,,,,Missed Rebound,Toh Kai Wei,Q2,,,,Attacking D,,,
Philippines,SGPvsPHI_121225,1814.5648642846704,24.599750947989378,SGP Turnovers,17,,,,,,,Interception,Toh Kai Wei,"Q2, Q2",GS,Inner Middle,OPP Goal,Attacking Middle,,,
Philippines,SGPvsPHI_121225,1909.164739761657,20.19975657198779,SGP Turnovers,18,,,,,,,Shot Out of Bounds,Amandeep Chahal,Q2,,,,Attacking D,,,
Philippines,SGPvsPHI_121225,2126.6529094889156,25.697747687996525,SGP Turnovers,19,,,,,,,Pass Out of Bounds,Rachel Ling,Q3,,,,Attacking Right Pocket,,,
Philippines,SGPvsPHI_121225,2165.953451143897,42.499705836999965,SGP Turnovers,20,,,,,Circle Edge,YES,Missed Rebound,Lee Pei Shan,"Q3, Q3, Q3",GA,Inner Right,OPP Goal,Attacking D,,,
Philippines,SGPvsPHI_121225,2245.052742060894,51.90005361501153,SGP Turnovers,21,,,,,,,Stepping,Angelina Lim,"Q3, Q3, Q3","GS, GS","Outer Right, Inner Left","OPP Miss, OPP Goal",Center Right Attack,,,
Philippines,SGPvsPHI_121225,2351.7539305809078,27.90010094099398,SGP Turnovers,22,,,,,"Circle Edge, Inside Circle","YES, YES",Interception,Angelina Lim,"Q3, Q3, Q3, Q3",GS,Inner Right,OPP Goal,Attacking D,,,
Philippines,SGPvsPHI_121225,2446.753679166907,10.49906386899147,SGP Turnovers,23,,,,,,,Missed Rebound,Lee Pei Shan,Q3,,,,Attacking D,,,
Philippines,SGPvsPHI_121225,2631.654001809912,25.301134521978383,SGP Turnovers,24,,,,,,,Shot Out of Bounds,Lee Pei Shan,Q3,,,,Attacking D,,,
Philippines,SGPvsPHI_121225,2714.352853446906,16.80005546400116,SGP Turnovers,25,,,,,,,Droped Ball,Goh Wei Ping,Q3,,,,Attacking Middle,,,
Philippines,SGPvsPHI_121225,2746.653495575888,24.399963049995677,SGP Turnovers,26,,,,,Outside Circle,NO,Droped Ball,Lee Pei Shan,"Q3, Q3",,,,Attacking D,,,
Thailand,SGPvsTHA_141225,1975.895816561005,5.595484432967169,SGP Feed,53,,,,,Inside Circle,NO,,Toh Kai Wei,Q2,,,,,,,
Philippines,SGPvsPHI_121225,2922.6537978309007,32.59870433800188,SGP Turnovers,28,,,,,Outside Circle,YES,Pass Out of Bounds,Goh Wei Ping,"Q3, Q3, Q3",GS,Inner Middle,OPP Goal,Attacking D,,,
Philippines,SGPvsPHI_121225,3279.0529926979007,47.39827613298621,SGP Turnovers,29,,,,,"Circle Edge, Circle Edge, Circle Edge","YES, YES, YES",Interception,Jamie Lim,"Q4, Q4, Q4, Q4, Q4, Q4","GA, GS","Outer Middle, Outer Left","OPP Miss, OPP Miss",Center Mid Defense,,,
Philippines,SGPvsPHI_121225,3390.5488000000005,32.03142222222232,SGP Turnovers,30,,,,GK,"Outside Circle, Circle Edge","YES, YES",Pass Out of Bounds,Lee Pei Shan,"Q4, Q4, Q4, Q4",GS,Inner Right,OPP Goal,Attacking D,,,
Philippines,SGPvsPHI_121225,3487.2543978599224,29.098887375998856,SGP Turnovers,31,,,,,Circle Edge,NO,Missed Rebound,Goh Wei Ping,"Q4, Q4",,,,Attacking D,,,
Philippines,SGPvsPHI_121225,3539.4499972108897,21.903669117013123,SGP Turnovers,32,,,,,,,Pass Out of Bounds,Goh Wei Ping,Q4,,,,Attacking Left Pocket,,,
Philippines,SGPvsPHI_121225,3722.8538234108837,23.798718803004704,SGP Turnovers,33,,,,,,,Pass Out of Bounds,Rachel Ling,Q4,,,,Attacking D,,,
Philippines,SGPvsPHI_121225,3911.152905448912,10.299749247991713,SGP Turnovers,34,,,,,,,Missed Rebound,Lee Pei Shan,Q4,,,,Attacking D,,,
Thailand,SGPvsTHA_141225,253.08815323398596,11.809766185003525,SGP CPA,1,Center Left Attack,WA,Attacking Left,GA,Outside Circle,YES,,,"Q1, Q1, Q1",GS,Inner Left,SGP Goal,,,,
Thailand,SGPvsTHA_141225,329.7898494789904,17.30673517999378,SGP CPA,2,Center Mid Attack,GA,Center Mid Attack,C,Inside Circle,YES,,,"Q1, Q1, Q1",GS,Inner Right,SGP Goal,,,,
Thailand,SGPvsTHA_141225,395.6909765849789,16.307139618017914,SGP CPA,3,Center Left Attack,WA,Attacking D,GA,"Outside Circle, Inside Circle","YES, YES",,,"Q1, Q1, Q1, Q1",GS,Inner Left,SGP Goal,,,,
Thailand,SGPvsTHA_141225,466.89861028100546,9.808034163439004,SGP CPA,4,Center Mid Attack,WA,Attacking D,GA,Outside Circle,YES,,,"Q1, Q1, Q1",GA,Outer Left,SGP Goal,,,,
Thailand,SGPvsTHA_141225,554.9929717609871,14.798529933997315,SGP CPA,5,Center Right Attack,WA,Attacking Right Pocket,GA,Circle Edge,YES,,,"Q1, Q1, Q1",GS,Inner Right,SGP Goal,,,,
Thailand,SGPvsTHA_141225,612.093554,14.102618287995142,SGP CPA,6,Center Mid Attack,GA,Attacking Right Pocket,WA,Circle Edge,YES,,,"Q1, Q1, Q1",GS,Inner Right,SGP Goal,,,,
Thailand,SGPvsTHA_141225,648.7944481339971,35.20347146599215,SGP CPA,7,,Not Taken,,,,,,,"Q1, Q1, Q1",GA,Inner Right,OPP Goal,,,,
Thailand,SGPvsTHA_141225,763.8934357969817,14.804249792001542,SGP CPA,8,Center Left Attack,WA,Attacking D,GA,"Outside Circle, Circle Edge","YES, YES",,,"Q1, Q1, Q1, Q1",GA,Outer Right,SGP Goal,,,,
Thailand,SGPvsTHA_141225,806.0930930739903,14.802140146000397,SGP CPA,9,Center Mid Attack,WA,Attacking D,GA,"Outside Circle, Inside Circle","YES, YES",,,"Q1, Q1, Q1, Q1",GS,Inner Right,SGP Goal,,,,
Thailand,SGPvsTHA_141225,859.9939612770003,24.40472343699787,SGP CPA,10,Center Left Attack,WA,Attacking Middle,C,Circle Edge,YES,,,"Q1, Q1, Q1",GS,Inner Right,SGP Goal,,,,
Thailand,SGPvsTHA_141225,978.3920962069723,14.306391337028344,SGP CPA,11,Center Left Attack,WA,Attacking Left,C,"Outside Circle, Inside Circle","YES, YES",,,"Q1, Q1, Q1, Q1",GS,Inner Right,SGP Goal,,,,
Thailand,SGPvsTHA_141225,1039.5926491629668,85.10517250400994,SGP CPA,12,Center Right Attack,GA,,Not Taken,"Circle Edge, Outside Circle","YES, YES",,,"Q1, Q1, Q1, Q1, Q1, Q1, Q1","GS, GA","Inner Middle, Outer Right","OPP Miss, SGP Goal",,,,
Thailand,SGPvsTHA_141225,1166.098597716007,12.993081314964456,SGP CPA,13,Center Mid Attack,GA,Attacking Right Pocket,WA,Circle Edge,YES,,,"Q2, Q2, Q2",GS,Inner Right,SGP Goal,,,,
Thailand,SGPvsTHA_141225,1218.8122553189642,16.48693501102025,SGP CPA,14,Center Right Attack,WA,Attacking Right,C,Inside Circle,YES,,,"Q2, Q2, Q2",GS,Inner Right,SGP Goal,,,,
Thailand,SGPvsTHA_141225,1270.0934668759967,26.902086992998875,SGP CPA,15,Center Right Attack,GA,,Not Taken,Circle Edge,YES,,,"Q2, Q2, Q2, Q2",GS,Inner Left,OPP Goal,,,,
Thailand,SGPvsTHA_141225,1322.7936090719866,35.70406924000645,SGP CPA,16,Center Mid Attack,WA,Attacking Right,GS,"Inside Circle, Circle Edge","YES, YES",,,"Q2, Q2, Q2, Q2, Q2, Q2, Q2","GA, GA","Inner Right, Inner Right","SGP Miss, SGP Goal",,,,
Thailand,SGPvsTHA_141225,1414.290791351001,19.507405512989635,SGP CPA,17,Center Mid Attack,WA,Attacking D,Not Taken,"Outside Circle, Inside Circle","YES, YES",,,"Q2, Q2, Q2, Q2",GS,Inner Left,SGP Goal,,,,
Thailand,SGPvsTHA_141225,1460.368611111111,24.529386942904694,SGP CPA,18,Center Mid Attack,WA,Center Right Attack,WD,"Outside Circle, Inside Circle","YES, YES",,,"Q2, Q2, Q2, Q2",GS,Inner Left,SGP Goal,,,,
Thailand,SGPvsTHA_141225,1530.2341555555556,20.46372521240778,SGP CPA,19,Center Right Attack,GA,Attacking Right Pocket,WA,Inside Circle,YES,,,"Q2, Q2, Q2",GS,Inner Left,SGP Goal,,,,
Thailand,SGPvsTHA_141225,1568.4940835259886,11.904562978987542,SGP CPA,20,Center Left Attack,GA,Attacking D,GS,Outside Circle,YES,,,"Q2, Q2, Q2",GS,Inner Right,SGP Goal,,,,
Thailand,SGPvsTHA_141225,1610.5937968809894,13.900964338995436,SGP CPA,21,Center Right Attack,WA,Attacking Right Pocket,GA,Circle Edge,YES,,,"Q2, Q2, Q2",GS,Inner Middle,SGP Goal,,,,
Thailand,SGPvsTHA_141225,1658.3924606969867,48.90590645599468,SGP CPA,22,Center Mid Attack,WD,Attacking Right,C,"Circle Edge, Circle Edge, Inside Circle","NO, YES, YES",,,"Q2, Q2, Q2, Q2, Q2, Q2, Q2","GA, GS","Outer Left, Inner Right","SGP Miss, OPP Goal",,,,
Thailand,SGPvsTHA_141225,1778.4933207469849,9.778568141904088,SGP CPA,23,Center Mid Attack,GA,Attacking Left Pocket,WA,"Outside Circle, Inside Circle","YES, YES",,,"Q2, Q2, Q2, Q2",GA,Inner Right,SGP Goal,,,,
Thailand,SGPvsTHA_141225,1816.693238804977,41.805070415003684,SGP CPA,24,Center Right Attack,GA,,Not Taken,,,,,"Q2, Q2, Q2, Q2",GS,Inner Right,SGP Goal,,,,
Thailand,SGPvsTHA_141225,1913.4946584849802,13.603179209024802,SGP CPA,25,Center Mid Attack,WA,Attacking Middle,GA,"Outside Circle, Circle Edge, Inside Circle","YES, YES, YES",,,"Q2, Q2, Q2, Q2, Q2",GS,Inner Right,SGP Goal,,,,
Thailand,SGPvsTHA_141225,1967.3937541939947,49.70317200699492,SGP CPA,26,Center Right Attack,GA,Attacking Right,C,"Outside Circle, Outside Circle, Inside Circle, Outside Circle","YES, YES, NO, YES",,,"Q2, Q2, Q2, Q2, Q2, Q2, Q2, Q2",GA,Outer Left,SGP Goal,,,,
Thailand,SGPvsTHA_141225,2040.993761661985,14.302133736982341,SGP CPA,27,Center Mid Attack,WD,Center Mid Attack,C,"Outside Circle, Circle Edge","YES, YES",,,"Q2, Q2, Q2, Q2",GS,Inner Right,SGP Goal,,,,
Thailand,SGPvsTHA_141225,2084.991836997985,10.474540779792733,SGP CPA,28,Center Mid Attack,WA,,Not Taken,Outside Circle,NO,,,"Q2, Q2, Q2",,,,,,,
Thailand,SGPvsTHA_141225,2193.397469,24.401069206964166,SGP CPA,29,Center Mid Attack,GA,Center Mid Attack,WD,Circle Edge,YES,,,"Q3, Q3, Q3",GA,Inner Right,SGP Goal,,,,
Thailand,SGPvsTHA_141225,2257.1916606169966,25.206927392995567,SGP CPA,30,Center Right Defense,WD,Center Mid Attack,GA,Circle Edge,YES,,,"Q3, Q3, Q3, Q3","GS, GS","Inner Right, Inner Right","SGP Miss, SGP Goal",,,,
Thailand,SGPvsTHA_141225,2325.598113626993,26.00048653000522,SGP CPA,31,Center Right Attack,GA,Attacking Right,WA,"Outside Circle, Inside Circle","YES, YES",,,"Q3, Q3, Q3, Q3",GA,Inner Middle,SGP Goal,,,,
Thailand,SGPvsTHA_141225,2373.2156687129896,13.082836747011243,SGP CPA,32,Center Left Attack,GA,Attacking Left,C,"Circle Edge, Inside Circle","YES, YES",,,"Q3, Q3, Q3, Q3",GA,Inner Middle,SGP Goal,,,,
Thailand,SGPvsTHA_141225,2438.7929905809733,21.004501505016833,SGP CPA,33,Center Left Attack,WA,Center Left Attack,WD,Outside Circle,YES,,,"Q3, Q3, Q3, Q3","GS, GA","Outer Left, Inner Right","SGP Miss, SGP Goal",,,,
Thailand,SGPvsTHA_141225,2490.897822,52.20083492903177,SGP CPA,34,Center Mid Attack,GA,,Not Taken,Circle Edge,YES,,,"Q3, Q3, Q3, Q3",GS,Inner Right,OPP Goal,,,,
Thailand,SGPvsTHA_141225,2586.1950362199827,45.802950600988424,SGP CPA,35,,Not Taken,,,,,,,"Q3, Q3, Q3, Q3",GA,Outer Right,SGP Goal,,,,
Thailand,SGPvsTHA_141225,2662.190265084991,61.50718325899152,SGP CPA,36,Center Mid Attack,WA,Attacking Right,C,"Outside Circle, Circle Edge, Circle Edge","NO, NO, YES",,,"Q3, Q3, Q3, Q3, Q3, Q3, Q3",GA,Outer Left,SGP Goal,,,,
Thailand,SGPvsTHA_141225,2763.088156273985,37.11058457,SGP CPA,37,,Not Taken,,,Circle Edge,YES,,,"Q3, Q3, Q3, Q3, Q3",GA,Outer Right,SGP Goal,,,,
Thailand,SGPvsTHA_141225,2825.4930056259896,15.205519281997113,SGP CPA,38,Center Left Attack,WA,Attacking Left,GA,"Circle Edge, Inside Circle","YES, YES",,,"Q3, Q3, Q3, Q3",GS,Inner Middle,SGP Goal,,,,
Thailand,SGPvsTHA_141225,2863.3916283999906,65.70832439798187,SGP CPA,39,Center Left Defense,WD,Center Left Attack,C,"Outside Circle, Circle Edge, Outside Circle, Circle Edge","YES, YES, NO, YES",,,"Q3, Q3, Q3, Q3, Q3, Q3, Q3, Q3, Q3","GS, GA, GS","Inner Right, Inner Middle, Inner Middle","SGP Miss, SGP Miss, OPP Goal",,,,
Thailand,SGPvsTHA_141225,2950.891770105009,12.605850502967314,SGP CPA,40,Center Left Attack,GA,Attacking Left Pocket,C,Circle Edge,YES,,,"Q3, Q3, Q3",GA,Inner Left,SGP Goal,,,,
Thailand,SGPvsTHA_141225,2982.4940571219868,16.70085069898232,SGP CPA,41,Center Left Attack,WA,Attacking Left,C,Outside Circle,YES,,,"Q3, Q3, Q3",GS,Inner Left,SGP Goal,,,,
Thailand,SGPvsTHA_141225,3027.991846913983,12.10574258099814,SGP CPA,42,Center Left Attack,WD,Attacking Left Pocket,WA,Circle Edge,YES,,,"Q3, Q3, Q3",GA,Inner Left,SGP Goal,,,,
Thailand,SGPvsTHA_141225,3074.693504827003,23.504970908975338,SGP CPA,43,Center Left Attack,WD,Attacking Left,C,Circle Edge,YES,,,"Q4, Q4, Q4",GS,Inner Left,SGP Goal,,,,
Thailand,SGPvsTHA_141225,3130.393485409982,19.004935052997553,SGP CPA,44,Center Right Attack,WA,Attacking Right,C,Outside Circle,YES,,,"Q4, Q4, Q4",GA,Inner Right,SGP Goal,,,,
Thailand,SGPvsTHA_141225,3173.5926158999787,26.206559279013163,SGP CPA,45,Center Mid Defense,GD,Center Right Defense,WD,"Outside Circle, Circle Edge","YES, YES",,,"Q4, Q4, Q4, Q4, Q4","GA, GS","Outer Middle, Inner Middle","SGP Miss, SGP Goal",,,,
Thailand,SGPvsTHA_141225,3215.7940663139825,21.203358665029555,SGP CPA,46,Center Right Defense,GD,Center Right Defense,WD,Outside Circle,YES,,,"Q4, Q4, Q4",GA,Inner Right,SGP Goal,,,,
Thailand,SGPvsTHA_141225,3266.9896208619884,9.807781102,SGP CPA,47,Center Left Attack,WA,Attacking Left Pocket,GA,Circle Edge,YES,,,"Q4, Q4, Q4",GS,Inner Left,SGP Goal,,,,
Thailand,SGPvsTHA_141225,3299.6203818139957,13.377177449008741,SGP CPA,48,Center Right Attack,WA,Center Mid Attack,C,Circle Edge,YES,,,"Q4, Q4, Q4",GS,Inner Left,SGP Goal,,,,
Thailand,SGPvsTHA_141225,3358.9921669759997,28.10641350698552,SGP CPA,49,Center Right Attack,GA,Attacking Right,WA,"Circle Edge, Circle Edge","YES, YES",,,"Q4, Q4, Q4, Q4, Q4","GS, GS","Outer Left, Inner Middle","SGP Miss, SGP Goal",,,,
Thailand,SGPvsTHA_141225,3417.3926467079705,66.70603778401983,SGP CPA,50,Center Right Attack,Not Taken,,,Circle Edge,YES,,,"Q4, Q4, Q4, Q4, Q4, Q4","GS, GA","Outer Right, Inner Left","SGP Miss, SGP Goal",,,,
Thailand,SGPvsTHA_141225,3539.3935833759983,13.40496190099202,SGP CPA,51,Center Right Attack,WA,Attacking Right Pocket,GA,Circle Edge,YES,,,"Q4, Q4, Q4",GS,Inner Middle,SGP Goal,,,,
Thailand,SGPvsTHA_141225,3597.354444,17.445759430004273,SGP CPA,52,Center Mid Defense,GD,Center Left Attack,C,Circle Edge,YES,,,"Q4, Q4, Q4",GS,Inner Right,SGP Goal,,,,
Thailand,SGPvsTHA_141225,3645.597277853981,21.600438908016713,SGP CPA,53,Center Left Attack,WA,Center Left Attack,WD,"Circle Edge, Circle Edge","YES, YES",,,"Q4, Q4, Q4, Q4",GS,Inner Right,SGP Goal,,,,
Thailand,SGPvsTHA_141225,3696.2937120030033,19.105112759983058,SGP CPA,54,Center Left Attack,WA,Center Left Attack,GA,Outside Circle,YES,,,"Q4, Q4, Q4",GS,Inner Left,SGP Goal,,,,
Thailand,SGPvsTHA_141225,3747.488902113974,55.90817787901915,SGP CPA,55,Center Right Attack,WA,Attacking Right,C,"Outside Circle, Circle Edge","NO, YES",,,"Q4, Q4, Q4, Q4, Q4, Q4, Q4","GS, GS","Outer Middle, Inner Left","SGP Miss, SGP Goal",,,,
Thailand,SGPvsTHA_141225,3838.7905125489933,33.30804916799025,SGP CPA,56,Center Right Attack,WD,,Not Taken,Circle Edge,YES,,,"Q4, Q4, Q4, Q4, Q4",GS,Outer Middle,SGP Goal,,,,
Thailand,SGPvsTHA_141225,3892.193155795006,14.505282260989134,SGP CPA,57,Center Right Attack,WA,Attacking Right,C,Outside Circle,YES,,,"Q4, Q4, Q4",GS,Inner Left,SGP Goal,,,,
Thailand,SGPvsTHA_141225,3945.4929645419816,20.90552939,SGP CPA,58,Center Right Defense,WA,Center Right Attack,WD,Outside Circle,YES,,,"Q4, Q4, Q4, Q4","GA, GA","Inner Middle, Inner Middle","SGP Miss, SGP Goal",,,,
Thailand,SGPvsTHA_141225,3988.784317588993,21.81376770000361,SGP CPA,59,,Not Taken,,,Outside Circle,YES,,,"Q4, Q4, Q4, Q4",GS,Inner Left,OPP Goal,,,,
Thailand,SGPvsTHA_141225,253.08815323398596,11.809766185003525,SGP DCPA,1,Center Left Attack,WA,Attacking Left,GA,Outside Circle,YES,,,"Q1, Q1, Q1",GS,Inner Left,SGP Goal,,,,
Thailand,SGPvsTHA_141225,329.7898494789904,17.30673517999378,SGP DCPA,2,Center Mid Attack,WA,Center Mid Attack,C,Inside Circle,YES,,,"Q1, Q1, Q1",GS,Inner Right,SGP Goal,,,,
Thailand,SGPvsTHA_141225,395.6909765849789,16.307139618017914,SGP DCPA,3,Center Left Attack,WA,Attacking D,GA,"Outside Circle, Inside Circle","YES, YES",,,"Q1, Q1, Q1, Q1",GS,Inner Left,SGP Goal,,,,
Thailand,SGPvsTHA_141225,466.89861028100546,9.808034163439004,SGP DCPA,4,Center Mid Attack,WA,Attacking D,GA,Outside Circle,YES,,,"Q1, Q1, Q1",GA,Outer Left,SGP Goal,,,,
Thailand,SGPvsTHA_141225,554.9929717609871,14.798529933997315,SGP DCPA,5,Center Right Attack,WA,Attacking Right Pocket,GA,Circle Edge,YES,,,"Q1, Q1, Q1",GS,Inner Right,SGP Goal,,,,
Thailand,SGPvsTHA_141225,612.093554,14.102618287995142,SGP DCPA,6,Center Mid Attack,GA,Attacking Right Pocket,WA,Circle Edge,YES,,,"Q1, Q1, Q1",GS,Inner Right,SGP Goal,,,,
Thailand,SGPvsTHA_141225,648.7944481339971,4.903673025,SGP DCPA,7,,Not Taken,,,,,,,Q1,,,,,,,
Thailand,SGPvsTHA_141225,763.8934357969817,14.804249792001542,SGP DCPA,8,Center Left Attack,WA,Attacking D,GA,"Outside Circle, Circle Edge","YES, YES",,,"Q1, Q1, Q1, Q1",GA,Outer Right,SGP Goal,,,,
Thailand,SGPvsTHA_141225,806.0930930739903,14.802140146000397,SGP DCPA,9,Center Mid Attack,WA,Attacking D,GA,"Outside Circle, Inside Circle","YES, YES",,,"Q1, Q1, Q1, Q1",GS,Inner Right,SGP Goal,,,,
Thailand,SGPvsTHA_141225,859.9939612770003,24.40472343699787,SGP DCPA,10,Center Left Attack,WA,Attacking Middle,C,Circle Edge,YES,,,"Q1, Q1, Q1",GS,Inner Right,SGP Goal,,,,
Thailand,SGPvsTHA_141225,978.3920962069723,14.306391337028344,SGP DCPA,11,Center Left Attack,WA,Attacking Left,C,"Outside Circle, Inside Circle","YES, YES",,,"Q1, Q1, Q1, Q1",GS,Inner Right,SGP Goal,,,,
Thailand,SGPvsTHA_141225,1039.5926491629668,7.285282259017549,SGP DCPA,12,Center Right Attack,GA,,Not Taken,,,,,Q1,,,,,,,
Thailand,SGPvsTHA_141225,1166.098597716007,12.993081314964456,SGP DCPA,13,Center Mid Attack,GA,Attacking Right Pocket,WA,Circle Edge,YES,,,"Q2, Q2, Q2",GS,Inner Right,SGP Goal,,,,
Thailand,SGPvsTHA_141225,1218.8122553189642,16.48693501102025,SGP DCPA,14,Center Right Attack,WA,Attacking Right,C,Inside Circle,YES,,,"Q2, Q2, Q2",GS,Inner Right,SGP Goal,,,,
Thailand,SGPvsTHA_141225,1270.0934668759967,5.673122012892236,SGP DCPA,15,Center Right Attack,GA,,Not Taken,,,,,Q2,,,,,,,
Thailand,SGPvsTHA_141225,1322.7936090719866,16.605749344008473,SGP DCPA,16,Center Mid Attack,WA,Attacking Right,GS,Inside Circle,YES,,,"Q2, Q2, Q2",GA,Inner Right,SGP Miss,,,,
Thailand,SGPvsTHA_141225,1414.290791351001,19.507405512989635,SGP DCPA,17,Center Mid Attack,WA,Attacking D,Not Taken,"Outside Circle, Inside Circle","YES, YES",,,"Q2, Q2, Q2, Q2",GS,Inner Left,SGP Goal,,,,
Thailand,SGPvsTHA_141225,1460.368611111111,24.529386942904694,SGP DCPA,18,Center Mid Attack,WA,Center Right Attack,WD,"Outside Circle, Inside Circle","YES, YES",,,"Q2, Q2, Q2, Q2",GS,Inner Left,SGP Goal,,,,
Thailand,SGPvsTHA_141225,1530.2341555555556,20.46372521240778,SGP DCPA,19,Center Right Attack,GA,Attacking Right Pocket,WA,Inside Circle,YES,,,"Q2, Q2, Q2",GS,Inner Left,SGP Goal,,,,
Thailand,SGPvsTHA_141225,1568.4940835259886,11.904562978987542,SGP DCPA,20,Center Left Attack,GA,Attacking D,GS,Outside Circle,YES,,,"Q2, Q2, Q2",GS,Inner Right,SGP Goal,,,,
Thailand,SGPvsTHA_141225,1610.5937968809894,13.900964338995436,SGP DCPA,21,Center Right Attack,WA,Attacking Right Pocket,GA,Circle Edge,YES,,,"Q2, Q2, Q2",GS,Inner Middle,SGP Goal,,,,
Thailand,SGPvsTHA_141225,1658.3924606969867,28.006111429001976,SGP DCPA,22,Center Mid Attack,WD,Attacking Right,C,"Circle Edge, Circle Edge","NO, YES",,,"Q2, Q2, Q2, Q2",GA,Outer Left,SGP Miss,,,,
Thailand,SGPvsTHA_141225,1778.4933207469849,9.778568141904088,SGP DCPA,23,Center Mid Attack,GA,Attacking Left Pocket,WA,"Outside Circle, Inside Circle","YES, YES",,,"Q2, Q2, Q2, Q2",GA,Inner Right,SGP Goal,,,,
Thailand,SGPvsTHA_141225,1816.693238804977,7.904412355020213,SGP DCPA,24,Center Right Attack,GA,,Not Taken,,,,,Q2,,,,,,,
Thailand,SGPvsTHA_141225,1913.4946584849802,13.603179209024802,SGP DCPA,25,Center Mid Attack,WA,Attacking Middle,GA,"Outside Circle, Circle Edge, Inside Circle","YES, YES, YES",,,"Q2, Q2, Q2, Q2, Q2",GS,Inner Right,SGP Goal,,,,
Thailand,SGPvsTHA_141225,1967.3937541939947,15.370979139338715,SGP DCPA,26,Center Right Attack,GA,Attacking Right,C,"Outside Circle, Outside Circle, Inside Circle","YES, YES, NO",,,"Q2, Q2, Q2, Q2",,,,,,,
Thailand,SGPvsTHA_141225,2040.993761661985,14.302133736982341,SGP DCPA,27,Center Mid Attack,WD,Center Mid Attack,C,"Outside Circle, Circle Edge","YES, YES",,,"Q2, Q2, Q2, Q2",GS,Inner Right,SGP Goal,,,,
Thailand,SGPvsTHA_141225,2084.991836997985,7.039751890903972,SGP DCPA,28,Center Mid Attack,WA,,Not Taken,Outside Circle,NO,,,"Q2, Q2",,,,,,,
Thailand,SGPvsTHA_141225,2193.397469,24.401069206964166,SGP DCPA,29,Center Mid Attack,GA,Center Mid Attack,WD,Circle Edge,YES,,,"Q3, Q3, Q3",GA,Inner Right,SGP Goal,,,,
Thailand,SGPvsTHA_141225,2257.1916606169966,25.206927392995567,SGP DCPA,30,Center Right Defense,WD,Center Mid Attack,GA,Circle Edge,YES,,,"Q3, Q3, Q3, Q3","GS, GS","Inner Right, Inner Right","SGP Miss, SGP Goal",,,,
Thailand,SGPvsTHA_141225,2325.598113626993,26.00048653000522,SGP DCPA,31,Center Right Attack,GA,Attacking Right,WA,"Outside Circle, Inside Circle","YES, YES",,,"Q3, Q3, Q3, Q3",GA,Inner Middle,SGP Goal,,,,
Thailand,SGPvsTHA_141225,2373.2156687129896,13.082836747011243,SGP DCPA,32,Center Left Attack,GA,Attacking Left,C,"Circle Edge, Inside Circle","YES, YES",,,"Q3, Q3, Q3, Q3",GA,Inner Middle,SGP Goal,,,,
Thailand,SGPvsTHA_141225,2438.7929905809733,21.004501505016833,SGP DCPA,33,Center Left Attack,WA,Center Left Attack,WD,Outside Circle,YES,,,"Q3, Q3, Q3, Q3","GS, GA","Outer Left, Inner Right","SGP Miss, SGP Goal",,,,
Thailand,SGPvsTHA_141225,2490.897822,11.89977342001157,SGP DCPA,34,Center Mid Attack,GA,,Not Taken,,,,,Q3,,,,,,,
Thailand,SGPvsTHA_141225,2586.1950362199827,8.103639602993098,SGP DCPA,35,,Not Taken,,,,,,,Q3,,,,,,,
Thailand,SGPvsTHA_141225,2662.190265084991,20.685679144006826,SGP DCPA,36,Center Mid Attack,WA,Attacking Right,C,"Outside Circle, Circle Edge","NO, NO",,,"Q3, Q3, Q3",,,,,,,
Thailand,SGPvsTHA_141225,2763.088156273985,6.708233886,SGP DCPA,37,,Not Taken,,,,,,,Q3,,,,,,,
Thailand,SGPvsTHA_141225,2825.4930056259896,15.205519281997113,SGP DCPA,38,Center Left Attack,WA,Attacking Left,GA,"Circle Edge, Inside Circle","YES, YES",,,"Q3, Q3, Q3, Q3",GS,Inner Middle,SGP Goal,,,,
Thailand,SGPvsTHA_141225,2863.3916283999906,29.447327155564835,SGP DCPA,39,Center Left Defense,WD,Center Left Attack,C,"Outside Circle, Circle Edge","YES, YES",,,"Q3, Q3, Q3, Q3, Q3","GS, GA","Inner Right, Inner Middle","SGP Miss, SGP Miss",,,,
Thailand,SGPvsTHA_141225,2950.891770105009,12.605850502967314,SGP DCPA,40,Center Left Attack,GA,Attacking Left Pocket,C,Circle Edge,YES,,,"Q3, Q3, Q3",GA,Inner Left,SGP Goal,,,,
Thailand,SGPvsTHA_141225,2982.4940571219868,16.70085069898232,SGP DCPA,41,Center Left Attack,WA,Attacking Left,C,Outside Circle,YES,,,"Q3, Q3, Q3",GS,Inner Left,SGP Goal,,,,
Thailand,SGPvsTHA_141225,3027.991846913983,12.10574258099814,SGP DCPA,42,Center Left Attack,WD,Attacking Left Pocket,WA,Circle Edge,YES,,,"Q3, Q3, Q3",GA,Inner Left,SGP Goal,,,,
Thailand,SGPvsTHA_141225,3074.693504827003,23.504970908975338,SGP DCPA,43,Center Left Attack,WD,Attacking Left,C,Circle Edge,YES,,,"Q4, Q4, Q4",GS,Inner Left,SGP Goal,,,,
Thailand,SGPvsTHA_141225,3130.393485409982,19.004935052997553,SGP DCPA,44,Center Right Attack,WA,Attacking Right,C,Outside Circle,YES,,,"Q4, Q4, Q4",GA,Inner Right,SGP Goal,,,,
Thailand,SGPvsTHA_141225,3173.5926158999787,26.206559279013163,SGP DCPA,45,Center Mid Defense,GD,Center Right Defense,WD,"Outside Circle, Circle Edge","YES, YES",,,"Q4, Q4, Q4, Q4, Q4","GA, GS","Outer Middle, Inner Middle","SGP Miss, SGP Goal",,,,
Thailand,SGPvsTHA_141225,3215.7940663139825,21.203358665029555,SGP DCPA,46,Center Right Defense,GD,Center Right Defense,WD,Outside Circle,YES,,,"Q4, Q4, Q4",GA,Inner Right,SGP Goal,,,,
Thailand,SGPvsTHA_141225,3266.9896208619884,9.807781102,SGP DCPA,47,Center Left Attack,WA,Attacking Left Pocket,GA,Circle Edge,YES,,,"Q4, Q4, Q4",GS,Inner Left,SGP Goal,,,,
Thailand,SGPvsTHA_141225,3299.6203818139957,13.377177449008741,SGP DCPA,48,Center Right Attack,WA,Center Mid Attack,C,Circle Edge,YES,,,"Q4, Q4, Q4",GS,Inner Left,SGP Goal,,,,
Thailand,SGPvsTHA_141225,3358.9921669759997,28.10641350698552,SGP DCPA,49,Center Right Attack,GA,Attacking Right,WA,"Circle Edge, Circle Edge","YES, YES",,,"Q4, Q4, Q4, Q4, Q4","GS, GS","Outer Left, Inner Middle","SGP Miss, SGP Goal",,,,
Thailand,SGPvsTHA_141225,3417.3926467079705,17.30495752402294,SGP DCPA,50,Center Right Attack,Not Taken,,,,,,,Q4,,,,,,,
Thailand,SGPvsTHA_141225,3539.3935833759983,13.40496190099202,SGP DCPA,51,Center Right Attack,WA,Attacking Right Pocket,GA,Circle Edge,YES,,,"Q4, Q4, Q4",GS,Inner Middle,SGP Goal,,,,
Thailand,SGPvsTHA_141225,3597.354444,17.445759430004273,SGP DCPA,52,Center Mid Defense,GD,Center Left Attack,C,Circle Edge,YES,,,"Q4, Q4, Q4",GS,Inner Right,SGP Goal,,,,
Thailand,SGPvsTHA_141225,3645.597277853981,21.600438908016713,SGP DCPA,53,Center Left Attack,WA,Center Left Attack,WD,"Circle Edge, Circle Edge","YES, YES",,,"Q4, Q4, Q4, Q4",GS,Inner Right,SGP Goal,,,,
Thailand,SGPvsTHA_141225,3696.2937120030033,19.105112759983058,SGP DCPA,54,Center Left Attack,WA,Center Left Attack,GA,Outside Circle,YES,,,"Q4, Q4, Q4",GS,Inner Left,SGP Goal,,,,
Thailand,SGPvsTHA_141225,3747.488902113974,12.620308997137272,SGP DCPA,55,Center Right Attack,WA,Attacking Right,C,Outside Circle,NO,,,"Q4, Q4",,,,,,,
Thailand,SGPvsTHA_141225,3838.7905125489933,11.99636522878427,SGP DCPA,56,Center Right Attack,WD,Attacking Right Pocket,Not Taken,,,,,Q4,,,,,,,
Thailand,SGPvsTHA_141225,3892.193155795006,14.505282260989134,SGP DCPA,57,Center Right Attack,WA,Attacking Right,C,Outside Circle,YES,,,"Q4, Q4, Q4",GS,Inner Left,SGP Goal,,,,
Thailand,SGPvsTHA_141225,3945.4929645419816,20.90552939,SGP DCPA,58,Center Right Defense,WA,Center Right Attack,"C, WD",Outside Circle,YES,,,"Q4, Q4, Q4, Q4","GA, GA","Inner Middle, Inner Middle","SGP Miss, SGP Goal",,,,
Thailand,SGPvsTHA_141225,3988.784317588993,6.213493206011208,SGP DCPA,59,,Not Taken,,,,,,,Q4,,,,,,,
Thailand,SGPvsTHA_141225,253.56002222222224,5,SGP Feed,1,,,,,Outside Circle,YES,,Toh Kai Wei,Q1,,,,,,,
Thailand,SGPvsTHA_141225,275.1915960460084,5.194980827980999,SGP Feed,2,,,,,Circle Edge,NO,,Angelina Lim,Q1,,,,,,,
Thailand,SGPvsTHA_141225,336.7699333333333,5,SGP Feed,3,,,,,Inside Circle,YES,,Toh Kai Wei,Q1,,,,,,,
Thailand,SGPvsTHA_141225,378.6053111111111,5,SGP Feed,4,,,,,Circle Edge,YES,,Angelina Lim,Q1,,,,,,,
Thailand,SGPvsTHA_141225,382.18946666666665,5,SGP Feed,5,,,,,Circle Edge,YES,,Rachel Ling,Q1,,,,,,,
Thailand,SGPvsTHA_141225,397.18837777777776,5,SGP Feed,6,,,,,Outside Circle,YES,,Angelina Lim,Q1,,,,,,,
Thailand,SGPvsTHA_141225,398.99194593100106,5.501213131983661,SGP Feed,7,,,,,Inside Circle,YES,,Toh Kai Wei,Q1,,,,,,,
Thailand,SGPvsTHA_141225,455.39252870099654,5.129912476990512,SGP Feed,8,,,,,Circle Edge,YES,,Rachel Ling,Q1,,,,,,,
Thailand,SGPvsTHA_141225,466.89413724598853,5.299395863004577,SGP Feed,9,,,,,Outside Circle,YES,,Angelina Lim,Q1,,,,,,,
Thailand,SGPvsTHA_141225,559.0985138909942,5.316321730994332,SGP Feed,10,,,,,Circle Edge,YES,,Angelina Lim,Q1,,,,,,,
Thailand,SGPvsTHA_141225,616.5920333333333,5,SGP Feed,11,,,,,Circle Edge,YES,,Angelina Lim,Q1,,,,,,,
Thailand,SGPvsTHA_141225,763.8734111111111,5,SGP Feed,12,,,,,Outside Circle,YES,,Angelina Lim,Q1,,,,,,,
Thailand,SGPvsTHA_141225,767.8967432019772,5.195199165011445,SGP Feed,13,,,,,Circle Edge,YES,,Rachel Ling,Q1,,,,,,,
Thailand,SGPvsTHA_141225,806.7196555555555,5,SGP Feed,14,,,,,Outside Circle,YES,,Angelina Lim,Q1,,,,,,,
Thailand,SGPvsTHA_141225,810.5930432,5.201180198992915,SGP Feed,15,,,,,Inside Circle,YES,,Toh Kai Wei,Q1,,,,,,,
Thailand,SGPvsTHA_141225,845.6557333333334,5,SGP Feed,16,,,,,Outside Circle,YES,,Rachel Ling,Q1,,,,,,,
Thailand,SGPvsTHA_141225,873.7949704769901,5.297515003011881,SGP Feed,17,,,,,Circle Edge,YES,,Angelina Lim,Q1,,,,,,,
Thailand,SGPvsTHA_141225,932.3932693739933,5.204816630017717,SGP Feed,18,,,,,Inside Circle,YES,,Toh Kai Wei,Q1,,,,,,,
Thailand,SGPvsTHA_141225,982.2012222222222,5,SGP Feed,19,,,,,Outside Circle,YES,,Angelina Lim,Q1,,,,,,,
Thailand,SGPvsTHA_141225,983.3936850509909,5.198537625008498,SGP Feed,20,,,,,Inside Circle,YES,,Toh Kai Wei,Q1,,,,,,,
Thailand,SGPvsTHA_141225,1112.9943709429976,5.198942300987937,SGP Feed,21,,,,,Outside Circle,YES,,Angelina Lim,Q1,,,,,,,
Thailand,SGPvsTHA_141225,1167.992232839003,5.201693553967289,SGP Feed,22,,,,,Circle Edge,YES,,Angelina Lim,Q2,,,,,,,
Thailand,SGPvsTHA_141225,1225.4952502279937,5.194040214,SGP Feed,23,,,,,Inside Circle,YES,,Toh Kai Wei,Q2,,,,,,,
Thailand,SGPvsTHA_141225,1258.793726258966,5.207579857024257,SGP Feed,24,,,,,Outside Circle,YES,,Toh Kai Wei,Q2,,,,,,,
Thailand,SGPvsTHA_141225,1312.6930273279918,5.308691557000884,SGP Feed,25,,,,,Circle Edge,YES,,Angelina Lim,Q2,,,,,,,
Thailand,SGPvsTHA_141225,1325.090826286993,5.203167494988293,SGP Feed,26,,,,,Inside Circle,YES,,Lee Pei Shan,Q2,,,,,,,
Thailand,SGPvsTHA_141225,1349.2942012619892,5.2001814799918975,SGP Feed,27,,,,,Circle Edge,YES,,Angelina Lim,Q2,,,,,,,
Thailand,SGPvsTHA_141225,1399.8947300929979,5.299747308986525,SGP Feed,28,,,,,Inside Circle,YES,,Toh Kai Wei,Q2,,,,,,,
Thailand,SGPvsTHA_141225,1414.7927202370122,9.401577474000987,SGP Feed,29,,,Attacking D,Not Taken,Outside Circle,YES,,Angelina Lim,Q2,,,,,,,
Thailand,SGPvsTHA_141225,1424.4934499699928,5.303939517,SGP Feed,30,,,,,Inside Circle,YES,,Toh Kai Wei,Q2,,,,,,,
Thailand,SGPvsTHA_141225,1470.2936057639672,5.298684843014371,SGP Feed,31,,,,,Outside Circle,YES,,Toh Kai Wei,Q2,,,,,,,
Thailand,SGPvsTHA_141225,1475.7652924869913,5.248921259013059,SGP Feed,32,,,,,Inside Circle,YES,,Toh Kai Wei,Q2,,,,,,,
Thailand,SGPvsTHA_141225,1542.1929655310064,5.201322417985239,SGP Feed,33,,,,,Inside Circle,YES,,Toh Kai Wei,Q2,,,,,,,
Thailand,SGPvsTHA_141225,1570.106188888889,5,SGP Feed,34,,,,,Outside Circle,YES,,Toh Kai Wei,Q2,,,,,,,
Thailand,SGPvsTHA_141225,1613.6913450309858,5.203813060010134,SGP Feed,35,,,,,Circle Edge,YES,,Toh Kai Wei,Q2,,,,,,,
Malaysia_final,SGP vs MAS_final_17122025,2059.698200858955,10.999316695032576,OPP Shot,29,,,,,,,,,Q3,GS,Inner Right,OPP Goal,,,,
Thailand,SGPvsTHA_141225,1646.3937361179849,5.188727447026622,SGP Feed,37,,,,,Inside Circle,YES,,Toh Kai Wei,Q2,,,,,,,
Thailand,SGPvsTHA_141225,1663.6927128049751,5.200464934030833,SGP Feed,38,,,,,Circle Edge,NO,,Angelina Lim,Q2,,,,,,,
Thailand,SGPvsTHA_141225,1675.0936288119792,5.306806328993616,SGP Feed,39,,,,,Circle Edge,YES,,Angelina Lim,Q2,,,,,,,
Thailand,SGPvsTHA_141225,1757.3927114809858,5.304196394998826,SGP Feed,40,,,,,Outside Circle,YES,,Angelina Lim,Q2,,,,,,,
Thailand,SGPvsTHA_141225,1759.7940533229855,5.302994732993511,SGP Feed,41,,,,,Inside Circle,YES,,Toh Kai Wei,Q2,,,,,,,
Thailand,SGPvsTHA_141225,1780.6962730749876,5.197589572019979,SGP Feed,42,,,,,Outside Circle,YES,,Angelina Lim,Q2,,,,,,,
Thailand,SGPvsTHA_141225,1782.0935444599636,5.320923165033491,SGP Feed,43,,,,,Inside Circle,YES,,Lee Pei Shan,Q2,,,,,,,
Thailand,SGPvsTHA_141225,1901.4955564539905,5.129609022003933,SGP Feed,44,,,,,Outside Circle,YES,,Angelina Lim,Q2,,,,,,,
Thailand,SGPvsTHA_141225,1902.690396219004,5.206495456979837,SGP Feed,45,,,,,Inside Circle,YES,,Toh Kai Wei,Q2,,,,,,,
Thailand,SGPvsTHA_141225,1913.8983721939803,5.1941123310002695,SGP Feed,46,,,,,Outside Circle,YES,,Toh Kai Wei,Q2,,,,,,,
Thailand,SGPvsTHA_141225,1916.394001179998,5.3061556210050185,SGP Feed,47,,,,,Circle Edge,YES,,Rachel Ling,Q2,,,,,,,
Thailand,SGPvsTHA_141225,1917.6940013869932,5.204332105984122,SGP Feed,48,,,,,Inside Circle,YES,,Toh Kai Wei,Q2,,,,,,,
Thailand,SGPvsTHA_141225,1953.792950522984,5.1269448910247775,SGP Feed,49,,,,,Circle Edge,YES,,Rachel Ling,Q2,,,,,,,
Thailand,SGPvsTHA_141225,1955.193080596966,5.198220564,SGP Feed,50,,,,,Inside Circle,YES,,Toh Kai Wei,Q2,,,,,,,
Thailand,SGPvsTHA_141225,1971.904388888889,5,SGP Feed,51,,,,,Outside Circle,YES,,Rachel Ling,Q2,,,,,,,
Thailand,SGPvsTHA_141225,1973.5779555555555,5,SGP Feed,52,,,,,Outside Circle,YES,,Angelina Lim,Q2,,,,,,,
Malaysia_final,SGP vs MAS_final_17122025,2123.6895231910207,66.80928201193092,SGP CPA,30,Center Right Attack,GA,Center Mid Defense,GD,"Outside Circle, Outside Circle, Circle Edge","YES, YES, YES",,,"Q3, Q3, Q3, Q3, Q3, Q3, Q3, Q3","GA, GA, GS","Outer Middle, Inner Right, Inner Right","SGP Miss, OPP Miss, OPP Goal",,,,
Thailand,SGPvsTHA_141225,2006.1912560009857,5.2934244879870676,SGP Feed,54,,,,,Outside Circle,YES,,Rachel Ling,Q2,,,,,,,
Thailand,SGPvsTHA_141225,2027.6939606049773,5.182421180011943,SGP Feed,55,,,,,Circle Edge,YES,,Rachel Ling,Q2,,,,,,,
Thailand,SGPvsTHA_141225,2044.5928869979716,5.201153223014899,SGP Feed,56,,,,,Outside Circle,YES,,Angelina Lim,Q2,,,,,,,
Thailand,SGPvsTHA_141225,2046.495749081978,5.128828557012184,SGP Feed,57,,,,,Inside Circle,YES,,Toh Kai Wei,Q2,,,,,,,
Thailand,SGPvsTHA_141225,2085.9935847809797,5.400950011996429,SGP Feed,58,,,,,Outside Circle,NO,,Angelina Lim,Q2,,,,,,,
Thailand,SGPvsTHA_141225,2161.8936740339905,5.200355699004831,SGP Feed,59,,,,,Outside Circle,NO,,Amandeep Chahal,Q3,,,,,,,
Thailand,SGPvsTHA_141225,2179.8937128499833,5.317183296006078,SGP Feed,60,,,,,Circle Edge,YES,,Goh Wei Ping,Q3,,,,,,,
Thailand,SGPvsTHA_141225,2197.671877777778,5,SGP Feed,61,,,,,Circle Edge,YES,,Goh Wei Ping,Q3,,,,,,,
Thailand,SGPvsTHA_141225,2268.1954333333333,5,SGP Feed,62,,,,,Circle Edge,YES,,Goh Wei Ping,Q3,,,,,,,
Thailand,SGPvsTHA_141225,2312.5897218840064,5.141275395998491,SGP Feed,63,,,,,Circle Edge,YES,,Goh Wei Ping,Q3,,,,,,,
Thailand,SGPvsTHA_141225,2332.9922651809984,5.200774634000936,SGP Feed,64,,,,,Outside Circle,YES,,Tan Yi Jie,Q3,,,,,,,
Thailand,SGPvsTHA_141225,2335.690272946015,5.307551615961529,SGP Feed,65,,,,,Inside Circle,YES,,Amandeep Chahal,Q3,,,,,,,
Thailand,SGPvsTHA_141225,2376.093639481982,5.204268619,SGP Feed,66,,,,,Circle Edge,YES,,Goh Wei Ping,Q3,,,,,,,
Thailand,SGPvsTHA_141225,2377.6935300640007,5.104897707988584,SGP Feed,67,,,,,Inside Circle,YES,,Lee Pei Shan,Q3,,,,,,,
Thailand,SGPvsTHA_141225,2443.7902241169763,5.212927084006878,SGP Feed,68,,,,,Outside Circle,YES,,Tan Yi Jie,Q3,,,,,,,
Thailand,SGPvsTHA_141225,2648.1789777777776,5,SGP Feed,69,,,,,Circle Edge,YES,,Tan Yi Jie,Q3,,,,,,,
Thailand,SGPvsTHA_141225,2649.0911248139846,5.403009309,SGP Feed,70,,,,,Circle Edge,YES,,Tan Yi Jie,Q3,,,,,,,
Thailand,SGPvsTHA_141225,2666.393281967993,5.308245881997209,SGP Feed,71,,,,,Outside Circle,NO,,Amandeep Chahal,Q3,,,,,,,
Thailand,SGPvsTHA_141225,2677.3987555555555,5,SGP Feed,72,,,,,Circle Edge,NO,,Amandeep Chahal,Q3,,,,,,,
Thailand,SGPvsTHA_141225,2714.0926266879874,5.200498335,SGP Feed,73,,,,,Circle Edge,YES,,Goh Wei Ping,Q3,,,,,,,
Thailand,SGPvsTHA_141225,2789.995016219975,5.202363009032979,SGP Feed,74,,,,,Circle Edge,YES,,Goh Wei Ping,Q3,,,,,,,
Thailand,SGPvsTHA_141225,2811.593979026975,5.192108474001998,SGP Feed,75,,,,,Circle Edge,YES,,Amandeep Chahal,Q3,,,,,,,
Thailand,SGPvsTHA_141225,2829.696818404974,5.097592515013275,SGP Feed,76,,,,,Circle Edge,YES,,Goh Wei Ping,Q3,,,,,,,
Thailand,SGPvsTHA_141225,2830.9940835159978,5.114087972978723,SGP Feed,77,,,,,Inside Circle,YES,,Amandeep Chahal,Q3,,,,,,,
Thailand,SGPvsTHA_141225,2871.196569205981,5.188070243993479,SGP Feed,78,,,,,Outside Circle,YES,,Goh Wei Ping,Q3,,,,,,,
Thailand,SGPvsTHA_141225,2874.1953601530004,5.293442454986689,SGP Feed,79,,,,,Circle Edge,YES,,Goh Wei Ping,Q3,,,,,,,
Thailand,SGPvsTHA_141225,2953.795594794991,5.202459303005071,SGP Feed,80,,,,,Circle Edge,YES,,Tan Yi Jie,Q3,,,,,,,
Thailand,SGPvsTHA_141225,2989.0938100809963,5.319390821001889,SGP Feed,81,,,,,Outside Circle,YES,,Goh Wei Ping,Q3,,,,,,,
Thailand,SGPvsTHA_141225,3030.8942302309997,5.1990825399966525,SGP Feed,82,,,,,Circle Edge,YES,,Goh Wei Ping,Q3,,,,,,,
Thailand,SGPvsTHA_141225,3088.494751231991,5.192077319995406,SGP Feed,83,,,,,Circle Edge,YES,,Goh Wei Ping,Q4,,,,,,,
Thailand,SGPvsTHA_141225,3138.493670154998,5.293154576009783,SGP Feed,84,,,,,Outside Circle,YES,,Toh Kai Wei,Q4,,,,,,,
Thailand,SGPvsTHA_141225,3182.091,5,SGP Feed,85,,,,,Outside Circle,YES,,Toh Kai Wei,Q4,,,,,,,
Thailand,SGPvsTHA_141225,3184.3910819130024,5.199300981998931,SGP Feed,86,,,,,Circle Edge,YES,,Toh Kai Wei,Q4,,,,,,,
Thailand,SGPvsTHA_141225,3225.390574979004,5.192329301005884,SGP Feed,87,,,,,Outside Circle,YES,,Toh Kai Wei,Q4,,,,,,,
Malaysia_final,SGP vs MAS_final_17122025,2123.6895231910207,36.207512588973714,SGP DCPA,30,Center Right Attack,GA,Center Mid Defense,GD,"Outside Circle, Outside Circle","YES, YES",,,"Q3, Q3, Q3, Q3",GA,Outer Middle,SGP Miss,,,,
Thailand,SGPvsTHA_141225,3303.493253174989,5.200084523006353,SGP Feed,89,,,,,Circle Edge,YES,,Tan Yi Jie,Q4,,,,,,,
Thailand,SGPvsTHA_141225,3347.9384,5,SGP Feed,90,,,,,Circle Edge,YES,,Toh Kai Wei,Q4,,,,,,,
Thailand,SGPvsTHA_141225,3361.297515,5.200464003011348,SGP Feed,91,,,,,Circle Edge,YES,,Toh Kai Wei,Q4,,,,,,,
Thailand,SGPvsTHA_141225,3374.3951028420083,5.201960280004641,SGP Feed,92,,,,,Circle Edge,YES,,Toh Kai Wei,Q4,,,,,,,
Thailand,SGPvsTHA_141225,3462.2925817420014,5.295934734994262,SGP Feed,93,,,,,Circle Edge,YES,,Tan Yi Jie,Q4,,,,,,,
Thailand,SGPvsTHA_141225,3489.393448773009,5.320165753977562,SGP Feed,94,,,,,Outside Circle,NO,,Toh Kai Wei,Q4,,,,,,,
Thailand,SGPvsTHA_141225,3510.5932710049933,5.30042652,SGP Feed,95,,,,,Circle Edge,NO,,Toh Kai Wei,Q4,,,,,,,
Thailand,SGPvsTHA_141225,3522.4933130839718,5.324362567008393,SGP Feed,96,,,,,Circle Edge,YES,,Toh Kai Wei,Q4,,,,,,,
Thailand,SGPvsTHA_141225,3542.990054316984,5.218199013008871,SGP Feed,97,,,,,Circle Edge,YES,,Goh Wei Ping,Q4,,,,,,,
Thailand,SGPvsTHA_141225,3605.3933967209787,5.198792355004571,SGP Feed,98,,,,,Circle Edge,YES,,Tan Yi Jie,Q4,,,,,,,
Thailand,SGPvsTHA_141225,3655.0687222222223,5,SGP Feed,99,,,,,Circle Edge,YES,,Tan Yi Jie,Q4,,,,,,,
Brunei,SGPvsBRN_16122025,2212.8895758019885,44.70834171501065,SGP CPD,33,Center Mid Defense,GD,Center Left Attack,WD,"Circle Edge, Circle Edge","NO, YES",,,"Q3, Q3, Q3, Q3, Q3",GS,Inner Right,SGP Goal,,,,
Thailand,SGPvsTHA_141225,3706.7924416879982,5.106175562981207,SGP Feed,101,,,,,Outside Circle,YES,,Tan Yi Jie,Q4,,,,,,,
Thailand,SGPvsTHA_141225,3754.3918800039946,5.204759883978113,SGP Feed,102,,,,,Outside Circle,NO,,Amandeep Chahal,Q4,,,,,,,
Thailand,SGPvsTHA_141225,3783.894841707007,5.121812070989108,SGP Feed,103,,,,,Circle Edge,YES,,Angelina Lim,Q4,,,,,,,
Thailand,SGPvsTHA_141225,3862.094023401984,5.201651849000427,SGP Feed,104,,,,,Circle Edge,YES,,Tan Yi Jie,Q4,,,,,,,
Thailand,SGPvsTHA_141225,3897.2929991299725,5.2153764160098035,SGP Feed,105,,,,,Outside Circle,YES,,Tan Yi Jie,Q4,,,,,,,
Thailand,SGPvsTHA_141225,3951.889911111111,5,SGP Feed,106,,,,,Outside Circle,YES,,Amandeep Chahal,Q4,,,,,,,
Thailand,SGPvsTHA_141225,4022.694840050991,5.198398964016633,SGP Feed,107,,,,,Outside Circle,YES,,Tan Yi Jie,Q4,,,,,,,
Thailand,SGPvsTHA_141225,253.67594516797504,11.221974251014444,SGP Shot,1,,,,,,,,Lee Pei Shan,Q1,GS,Inner Left,SGP Goal,,,,
Thailand,SGPvsTHA_141225,335.6774672259777,11.419117433006477,SGP Shot,2,,,,,,,,Lee Pei Shan,Q1,GS,Inner Right,SGP Goal,,,,
Thailand,SGPvsTHA_141225,381.4985531989764,10.999169042012738,SGP Shot,3,,,,,,,,Toh Kai Wei,Q1,GA,Outer Right,SGP Goal,,,,
Thailand,SGPvsTHA_141225,400.8810893170023,11.117026885994505,SGP Shot,4,,,,,,,,Lee Pei Shan,Q1,GS,Inner Left,SGP Goal,,,,
Thailand,SGPvsTHA_141225,453.7976444444445,10,SGP Shot,5,,,,,,,,Lee Pei Shan,Q1,GS,Inner Left,SGP Goal,,,,
Thailand,SGPvsTHA_141225,466.70664444444446,10,SGP Shot,6,,,,,,,,Toh Kai Wei,Q1,GA,Outer Left,SGP Goal,,,,
Thailand,SGPvsTHA_141225,558.4771229269704,11.314378768013967,SGP Shot,7,,,,,,,,Lee Pei Shan,Q1,GS,Inner Right,SGP Goal,,,,
Thailand,SGPvsTHA_141225,615.2979369439965,10.898235326973577,SGP Shot,8,,,,,,,,Lee Pei Shan,Q1,GS,Inner Right,SGP Goal,,,,
Thailand,SGPvsTHA_141225,767.4974782,11.200207368994256,SGP Shot,9,,,,,,,,Toh Kai Wei,Q1,GA,Outer Right,SGP Goal,,,,
Thailand,SGPvsTHA_141225,809.7976802119952,11.097553007995543,SGP Shot,10,,,,,,,,Lee Pei Shan,Q1,GS,Inner Right,SGP Goal,,,,
Thailand,SGPvsTHA_141225,845.9769277,11.315749567008197,SGP Shot,11,,,,,,,,Toh Kai Wei,Q1,GA,Outer Middle,SGP Goal,,,,
Thailand,SGPvsTHA_141225,873.0767207569971,11.321963957001003,SGP Shot,12,,,,,,,,Lee Pei Shan,Q1,GS,Inner Right,SGP Goal,,,,
Thailand,SGPvsTHA_141225,936.1818246219883,11.216007073019227,SGP Shot,13,,,,,,,,Toh Kai Wei,Q1,GA,Inner Right,SGP Miss,,,,
Thailand,SGPvsTHA_141225,981.7978807209985,10.900606823002136,SGP Shot,14,,,,,,,,Lee Pei Shan,Q1,GS,Inner Right,SGP Goal,,,,
Thailand,SGPvsTHA_141225,1113.6002172919975,11.097604374979255,SGP Shot,15,,,,,,,,Toh Kai Wei,Q1,GA,Inner Right,SGP Goal,,,,
Thailand,SGPvsTHA_141225,1167.576480214993,11.515198815978465,SGP Shot,16,,,,,,,,Lee Pei Shan,Q2,GS,Inner Right,SGP Goal,,,,
Thailand,SGPvsTHA_141225,1224.2990961020007,11.000094227983709,SGP Shot,17,,,,,,,,Lee Pei Shan,Q2,GS,Inner Right,SGP Goal,,,,
Thailand,SGPvsTHA_141225,1256.698671743986,11.199480433000872,SGP Shot,18,,,,,,,,Lee Pei Shan,Q2,GS,Inner Right,SGP Goal,,,,
Thailand,SGPvsTHA_141225,1311.1986856499861,10.997426291023203,SGP Shot,19,,,,,,,,Lee Pei Shan,Q2,GS,Inner Middle,SGP Goal,,,,
Thailand,SGPvsTHA_141225,1324.267111111111,10,SGP Shot,20,,,,,,,,Toh Kai Wei,Q2,GA,Outer Right,SGP Miss,,,,
Thailand,SGPvsTHA_141225,1347.398118,11.099559941992993,SGP Shot,21,,,,,,,,Toh Kai Wei,Q2,GA,Inner Right,SGP Goal,,,,
Thailand,SGPvsTHA_141225,1399.1985043499708,11.099685122997244,SGP Shot,22,,,,,,,,Lee Pei Shan,Q2,GS,Inner Right,SGP Goal,,,,
Thailand,SGPvsTHA_141225,1422.7981160869879,11.000080777002722,SGP Shot,23,,,,,,,,Lee Pei Shan,Q2,GS,Inner Left,SGP Goal,,,,
Thailand,SGPvsTHA_141225,1473.997968832967,10.900029221048726,SGP Shot,24,,,,,,,,Lee Pei Shan,Q2,GS,Inner Left,SGP Goal,,,,
Thailand,SGPvsTHA_141225,1539.7988090989936,10.899071668969782,SGP Shot,25,,,,,,,,Lee Pei Shan,Q2,GS,Inner Left,SGP Goal,,,,
Thailand,SGPvsTHA_141225,1569.198454339988,11.200192164988039,SGP Shot,26,,,,,,,,Lee Pei Shan,Q2,GS,Inner Right,SGP Goal,,,,
Thailand,SGPvsTHA_141225,1613.3968263789943,11.097934840990547,SGP Shot,27,,,,,,,,Lee Pei Shan,Q2,GS,Inner Middle,SGP Goal,,,,
Thailand,SGPvsTHA_141225,1644.8985529600022,11.100033314990014,SGP Shot,28,,,,,,,,Lee Pei Shan,Q2,GS,Inner Right,SGP Goal,,,,
Thailand,SGPvsTHA_141225,1674.346811111111,10,SGP Shot,29,,,,,,,,Toh Kai Wei,Q2,GA,Outer Left,SGP Miss,,,,
Thailand,SGPvsTHA_141225,1758.506311111111,10,SGP Shot,30,,,,,,,,Lee Pei Shan,Q2,GS,Inner Left,SGP Miss,,,,
Thailand,SGPvsTHA_141225,1764.6060893650028,11.091859680981088,SGP Shot,31,,,,,,,,Lee Pei Shan,Q2,GS,Inner Left,SGP Goal,,,,
Thailand,SGPvsTHA_141225,1778.271888888889,10,SGP Shot,32,,,,,,,,Toh Kai Wei,Q2,GA,Inner Right,SGP Goal,,,,
Thailand,SGPvsTHA_141225,1847.576844220984,10.921464998996726,SGP Shot,33,,,,,,,,Lee Pei Shan,Q2,GS,Inner Right,SGP Goal,,,,
Thailand,SGPvsTHA_141225,1900.7978055889628,11.097841701014431,SGP Shot,34,,,,,,,,Lee Pei Shan,Q2,GS,Inner Right,SGP Goal,,,,
Thailand,SGPvsTHA_141225,1915.9982831899904,11.099554504014577,SGP Shot,35,,,,,,,,Lee Pei Shan,Q2,GS,Inner Right,SGP Goal,,,,
Thailand,SGPvsTHA_141225,1953.298263840992,11.099414237995461,SGP Shot,36,,,,,,,,Lee Pei Shan,Q2,GS,Inner Middle,SGP Goal,,,,
Thailand,SGPvsTHA_141225,2005.8989964959858,11.197929705003844,SGP Shot,37,,,,,,,,Toh Kai Wei,Q2,GA,Outer Left,SGP Goal,,,,
Thailand,SGPvsTHA_141225,2026.976760882976,11.321671187006359,SGP Shot,38,,,,,,,,Toh Kai Wei,Q2,GA,Inner Left,SGP Goal,,,,
Thailand,SGPvsTHA_141225,2044.1976038309913,11.098291567976048,SGP Shot,39,,,,,,,,Lee Pei Shan,Q2,GS,Inner Right,SGP Goal,,,,
Thailand,SGPvsTHA_141225,2179.775708543987,11.003858238990233,SGP Shot,40,,,,,,,,Lee Pei Shan,Q3,GS,Inner Middle,SGP Goal,,,,
Thailand,SGPvsTHA_141225,2206.5975816769947,11.200956910979585,SGP Shot,41,,,,,,,,Amandeep Chahal,Q3,GA,Inner Right,SGP Goal,,,,
Thailand,SGPvsTHA_141225,2266.4736,10,SGP Shot,42,,,,,,,,Lee Pei Shan,Q3,GS,Inner Right,SGP Miss,,,,
Thailand,SGPvsTHA_141225,2271.2976307460044,11.100957263987766,SGP Shot,43,,,,,,,,Lee Pei Shan,Q3,GS,Inner Right,SGP Goal,,,,
Thailand,SGPvsTHA_141225,2311.495914330981,11.100723479983571,SGP Shot,44,,,,,,,,Lee Pei Shan,Q3,GS,Inner Left,SGP Goal,,,,
Thailand,SGPvsTHA_141225,2340.4795611179834,11.119039039014751,SGP Shot,45,,,,,,,,Lee Pei Shan,Q3,GA,Inner Middle,SGP Goal,,,,
Thailand,SGPvsTHA_141225,2375.075891,11.222614260990667,SGP Shot,46,,,,,,,,Amandeep Chahal,Q3,GA,Inner Middle,SGP Goal,,,,
Thailand,SGPvsTHA_141225,2442.7184444444442,10,SGP Shot,47,,,,,,,,Lee Pei Shan,Q3,GS,Outer Left,SGP Miss,,,,
Thailand,SGPvsTHA_141225,2448.4980902769735,11.299401809016672,SGP Shot,48,,,,,,,,Amandeep Chahal,Q3,GA,Inner Right,SGP Goal,,,,
Thailand,SGPvsTHA_141225,2620.578671187993,11.419315632977941,SGP Shot,49,,,,,,,,Amandeep Chahal,Q3,GA,Outer Right,SGP Goal,,,,
Thailand,SGPvsTHA_141225,2648.6763329339888,11.319147885998973,SGP Shot,50,,,,,,,,Amandeep Chahal,Q3,GA,Inner Middle,SGP Goal,,,,
Thailand,SGPvsTHA_141225,2712.897377474997,10.800070868985586,SGP Shot,51,,,,,,,,Amandeep Chahal,Q3,GA,Outer Left,SGP Goal,,,,
Thailand,SGPvsTHA_141225,2788.397888174005,11.800852673964528,SGP Shot,52,,,,,,,,Amandeep Chahal,Q3,GA,Outer Right,SGP Goal,,,,
Thailand,SGPvsTHA_141225,2811.7983221889936,11.100437235008485,SGP Shot,53,,,,,,,,Lee Pei Shan,Q3,GS,Inner Right,SGP Goal,,,,
Thailand,SGPvsTHA_141225,2829.6974264569885,11.001098450998143,SGP Shot,54,,,,,,,,Lee Pei Shan,Q3,GS,Inner Middle,SGP Goal,,,,
Thailand,SGPvsTHA_141225,2872.9271222222224,10,SGP Shot,55,,,,,,,,Lee Pei Shan,Q3,GS,Inner Right,SGP Miss,,,,
Brunei,SGPvsBRN_16122025,2212.8895758019885,31.598924198011446,SGP DCPD,33,Center Mid Defense,GD,Center Left Attack,WD,Circle Edge,NO,,,"Q3, Q3",,,,,,,
Thailand,SGPvsTHA_141225,2952.2768943129786,11.220726294997803,SGP Shot,57,,,,,,,,Amandeep Chahal,Q3,GA,Inner Left,SGP Goal,,,,
Thailand,SGPvsTHA_141225,2988.297401698007,10.897506122962113,SGP Shot,58,,,,,,,,Lee Pei Shan,Q3,GS,Inner Left,SGP Goal,,,,
Thailand,SGPvsTHA_141225,3029.1980900270055,10.899499467975602,SGP Shot,59,,,,,,,,Amandeep Chahal,Q3,GA,Inner Left,SGP Goal,,,,
Thailand,SGPvsTHA_141225,3086.683048415998,11.515427319980063,SGP Shot,60,,,,,,,,Amandeep Chahal,Q4,GS,Inner Left,SGP Goal,,,,
Thailand,SGPvsTHA_141225,3137.996918195982,11.401502266997795,SGP Shot,61,,,,,,,,Goh Wei Ping,Q4,GA,Inner Right,SGP Goal,,,,
Thailand,SGPvsTHA_141225,3183.3733555555555,10,SGP Shot,62,,,,,,,,Goh Wei Ping,Q4,GA,Outer Middle,SGP Miss,,,,
Thailand,SGPvsTHA_141225,3188.8984034290106,10.900771749981232,SGP Shot,63,,,,,,,,Amandeep Chahal,Q4,GS,Inner Middle,SGP Goal,,,,
Thailand,SGPvsTHA_141225,3225.9983056969677,10.999119282044376,SGP Shot,64,,,,,,,,Amandeep Chahal,Q4,GA,Inner Right,SGP Goal,,,,
Thailand,SGPvsTHA_141225,3265.8972198799806,10.900182084011703,SGP Shot,65,,,,,,,,Amandeep Chahal,Q4,GS,Inner Left,SGP Goal,,,,
Thailand,SGPvsTHA_141225,3301.7976796609837,11.199879602020701,SGP Shot,66,,,,,,,,Amandeep Chahal,Q4,GS,Inner Left,SGP Goal,,,,
Thailand,SGPvsTHA_141225,3346.198167462983,11.598361641005795,SGP Shot,67,,,,,,,,Amandeep Chahal,Q4,GS,Inner Left,SGP Goal,,,,
Thailand,SGPvsTHA_141225,3372.7857555555556,10,SGP Shot,68,,,,,,,,Amandeep Chahal,Q4,GS,Outer Middle,SGP Miss,,,,
Thailand,SGPvsTHA_141225,3376.1972442389965,10.90133624398868,SGP Shot,69,,,,,,,,Amandeep Chahal,Q4,GS,Inner Middle,SGP Goal,,,,
Thailand,SGPvsTHA_141225,3464.074866666667,10,SGP Shot,70,,,,,,,,Amandeep Chahal,Q4,GS,Outer Right,SGP Miss,,,,
Thailand,SGPvsTHA_141225,3473.0984481939777,11.000236298012624,SGP Shot,71,,,,,,,,Goh Wei Ping,Q4,GA,Inner Left,SGP Goal,,,,
Thailand,SGPvsTHA_141225,3521.8767900110024,11.422680198983016,SGP Shot,72,,,,,,,,Goh Wei Ping,Q4,GA,Outer Right,SGP Goal,,,,
Thailand,SGPvsTHA_141225,3540.9848455739875,11.81369970300284,SGP Shot,73,,,,,,,,Amandeep Chahal,Q4,GS,Inner Middle,SGP Goal,,,,
Thailand,SGPvsTHA_141225,3603.5990245340085,11.20117861299559,SGP Shot,74,,,,,,,,Amandeep Chahal,Q4,GS,Inner Right,SGP Goal,,,,
Thailand,SGPvsTHA_141225,3655.7971114669845,11.400605295013065,SGP Shot,75,,,,,,,,Amandeep Chahal,Q4,GS,Inner Right,SGP Goal,,,,
Thailand,SGPvsTHA_141225,3704.4984850839874,10.90033967899899,SGP Shot,76,,,,,,,,Amandeep Chahal,Q4,GS,Inner Left,SGP Goal,,,,
Thailand,SGPvsTHA_141225,3782.146288888889,10,SGP Shot,77,,,,,,,,Amandeep Chahal,Q4,GS,Outer Middle,SGP Miss,,,,
Thailand,SGPvsTHA_141225,3791.065709541985,12.331370451007842,SGP Shot,78,,,,,,,,Amandeep Chahal,Q4,GS,Inner Left,SGP Goal,,,,
Thailand,SGPvsTHA_141225,3860.9768484219762,11.12171329500734,SGP Shot,79,,,,,,,,Amandeep Chahal,Q4,GS,Outer Middle,SGP Goal,,,,
Thailand,SGPvsTHA_141225,2218.8954334559676,38.09236097400981,SGP CPD,30,Center Right Attack,GA,,Not Taken,"Circle Edge, Inside Circle","NO, YES",,,"Q3, Q3, Q3, Q3",GS,Inner Right,OPP Goal,,,,
Thailand,SGPvsTHA_141225,3951.8735666666666,10,SGP Shot,81,,,,,,,,Goh Wei Ping,Q4,GA,Inner Middle,SGP Miss,,,,
Thailand,SGPvsTHA_141225,3955.089250552992,11.309243378004794,SGP Shot,82,,,,,,,,Goh Wei Ping,Q4,GA,Inner Middle,SGP Goal,,,,
Thailand,SGPvsTHA_141225,209.79339700697074,43.20536920701858,SGP CPD,1,Center Right Defense,WA,Center Mid Attack,GA,"Circle Edge, Circle Edge, Inside Circle","YES, YES, YES",,,"Q1, Q1, Q1, Q1, Q1",GS,Inner Right,OPP Goal,,,,
Thailand,SGPvsTHA_141225,265.4930525469829,62.10494067701825,SGP CPD,2,,Not Taken,,,"Circle Edge, Outside Circle","NO, YES",,,"Q1, Q1, Q1, Q1, Q1, Q1",GS,Inner Middle,OPP Goal,,,,
Thailand,SGPvsTHA_141225,348.2957491,44.20197316799414,SGP CPD,3,Center Left Attack,WA,Center Mid Attack,GA,"Outside Circle, Circle Edge, Circle Edge","NO, YES, YES, YES",,,"Q1, Q1, Q1, Q1, Q1, Q1",GA,Outer Right,SGP Goal,,,,
Thailand,SGPvsTHA_141225,413.0893762969959,50.708268147448564,SGP CPD,4,,,"Center Right Attack, Attacking Right","WA, C",Circle Edge,YES,,,"Q1, Q1, Q1, Q1",GS,Inner Left,SGP Goal,,,,
Thailand,SGPvsTHA_141225,480.2924937579854,73.50600391799742,SGP CPD,5,Center Left Defense,WD,Attacking Left,C,"Outside Circle, Outside Circle","YES, YES",,,"Q1, Q1, Q1, Q1, Q1, Q1",GS,Inner Left,OPP Goal,,,,
Thailand,SGPvsTHA_141225,569.6909012,35.524032116358285,SGP CPD,6,Center Right Attack,WA,,Not Taken,Circle Edge,YES,,,"Q1, Q1, Q1",GS,Inner Right,OPP Goal,,,,
Thailand,SGPvsTHA_141225,626.8922709849693,20.70613867102668,SGP CPD,7,Center Mid Attack,GA,Center Right Attack,WA,Circle Edge,YES,,,"Q1, Q1, Q1",GS,Inner Right,OPP Goal,,,,
Thailand,SGPvsTHA_141225,688.0973419000082,75.40039171697083,SGP CPD,8,Center Right Defense,WA,Center Mid Attack,GA,"Circle Edge, Circle Edge","NO, YES",,,"Q1, Q1, Q1, Q1, Q1, Q1",GS,Inner Right,OPP Goal,,,,
Thailand,SGPvsTHA_141225,2218.8954334559676,38.09236097400981,SGP DCPD,30,Center Right Attack,GA,,Not Taken,"Circle Edge, Inside Circle","NO, YES",,,"Q3, Q3, Q3, Q3",GS,Inner Right,OPP Goal,,,,
Thailand,SGPvsTHA_141225,822.4913947199817,34.80128254400745,SGP CPD,10,Center Left Attack,WD,Center Left Attack,WA,Outside Circle,YES,,,"Q1, Q1, Q1, Q1",GA,Outer Middle,SGP Goal,,,,
Thailand,SGPvsTHA_141225,884.7932079679942,93.50429054300139,SGP CPD,11,Center Right Attack,GA,,Not Taken,"Outside Circle, Inside Circle","NO, YES",,,"Q1, Q1, Q1, Q1, Q1, Q1, Q1","GA, GS","Inner Right, Inner Middle","SGP Miss, OPP Goal",,,,
Thailand,SGPvsTHA_141225,994.0931325190012,44.80452139998181,SGP CPD,12,Center Mid Attack,GA,Center Right Attack,WA,"Circle Edge, Circle Edge, Circle Edge","NO, YES, YES",,,"Q1, Q1, Q1, Q1, Q1",GS,Inner Right,OPP Goal,,,,
Thailand,SGPvsTHA_141225,1124.0944197129863,22.003124955006115,SGP CPD,13,Center Right Attack,GA,Center Left Attack,WA,Outside Circle,NO,,,"Q1, Q1, Q1",GA,Outer Left,OPP Miss,,,,
Thailand,SGPvsTHA_141225,1178.366976,40.13161383298825,SGP CPD,14,Center Right Attack,GA,Attacking Right,C,"Circle Edge, Circle Edge","YES, YES",,,"Q2, Q2, Q2, Q2",GA,Outer Middle,OPP Goal,,,,
Thailand,SGPvsTHA_141225,1236.9941995899865,30.903952587000504,SGP CPD,15,,Not Taken,,,Outside Circle,YES,,,"Q2, Q2, Q2, Q2",GS,Inner Right,SGP Goal,,,,
Thailand,SGPvsTHA_141225,1298.8935035770094,23.30260836399998,SGP CPD,16,Center Mid Defense,GD,Center Left Defense,WD,Circle Edge,YES,,,"Q2, Q2, Q2, Q2",GS,Inner Middle,SGP Goal,,,,
Thailand,SGPvsTHA_141225,1359.7957612779958,50.50242819497225,SGP CPD,17,Center Left Defense,WD,Center Left Attack,WA,"Circle Edge, Inside Circle","NO, YES",,,"Q2, Q2, Q2, Q2, Q2",GS,Inner Right,SGP Goal,,,,
Thailand,SGPvsTHA_141225,1435.1929515489724,24.60554268801593,SGP CPD,18,Center Left Attack,WA,,Not Taken,Outside Circle,YES,,,"Q2, Q2, Q2",GS,Inner Left,OPP Goal,,,,
Thailand,SGPvsTHA_141225,1494.193820900979,36.205081829018354,SGP CPD,19,Center Right Attack,GD,,Not Taken,Circle Edge,YES,,,"Q2, Q2, Q2",GA,Inner Right,OPP Goal,,,,
Thailand,SGPvsTHA_141225,1552.2958998300012,16.10336359799794,SGP CPD,20,Center Left Attack,WA,Center Left Attack,WD,Outside Circle,YES,,,"Q2, Q2, Q2",GS,Inner Middle,OPP Goal,,,,
Thailand,SGPvsTHA_141225,1581.9957168380088,29.502036033991317,SGP CPD,21,,Not Taken,,,Circle Edge,YES,,,"Q2, Q2, Q2",GS,Inner Left,OPP Goal,,,,
Thailand,SGPvsTHA_141225,1625.6938408100057,30.30474546498658,SGP CPD,22,Center Left Attack,GA,Center Mid Attack,WA,"Circle Edge, Inside Circle","YES, YES",,,"Q2, Q2, Q2, Q2, Q2",GS,Inner Right,SGP Goal,,,,
Thailand,SGPvsTHA_141225,1710.689934450994,65.00801459498985,SGP CPD,23,,Not Taken,,,"Circle Edge, Circle Edge, Outside Circle, Inside Circle, Outside Circle, Inside Circle","YES, NO, YES, YES, YES",,,"Q2, Q2, Q2, Q2, Q2, Q2, Q2, Q2, Q2, Q2, Q2","GS, GS, GS","Inner Left, Inner Left, Inner Left","OPP Miss, SGP Miss, SGP Goal",,,,
Thailand,SGPvsTHA_141225,1792.89617,24.702497524026512,SGP CPD,24,Center Left Attack,GA,,Not Taken,Outside Circle,YES,,,"Q2, Q2, Q2",GS,Inner Left,OPP Goal,,,,
Thailand,SGPvsTHA_141225,1860.793948442988,51.101698846989166,SGP CPD,25,Center Mid Attack,GA,Center Right Attack,WA,"Outside Circle, Inside Circle","YES, YES",,,"Q2, Q2, Q2, Q2, Q2",GS,Inner Right,SGP Goal,,,,
Thailand,SGPvsTHA_141225,1928.789648052985,35.608030026002325,SGP CPD,26,Center Right Attack,WA,,Not Taken,"Outside Circle, Inside Circle, Circle Edge, Inside Circle","YES, NO, YES, YES",,,"Q2, Q2, Q2, Q2, Q2, Q2, Q2",GS,Inner Middle,SGP Goal,,,,
Thailand,SGPvsTHA_141225,2019.4949390039806,18.803493066001693,SGP CPD,27,Center Left Attack,WA,,Not Taken,Circle Edge,YES,,,"Q2, Q2, Q2, Q2",GA,Inner Left,SGP Goal,,,,
Thailand,SGPvsTHA_141225,2055.684989607982,26.813819123018675,SGP CPD,28,Center Left Attack,GA,Center Left Attack,WA,Outside Circle,YES,,,"Q2, Q2, Q2",GS,Inner Right,OPP Goal,,,,
Thailand,SGPvsTHA_141225,2120.498445107001,70.28112167597646,SGP CPD,29,Center Left Attack,GA,Center Mid Attack,WA,"Outside Circle, Circle Edge","NO, YES",,,"Q3, Q3, Q3, Q3, Q3, Q3, Q3",GS,Inner Middle,SGP Goal,,,,
Malaysia_final,SGP vs MAS_final_17122025,2245.493895119984,5.1241188900085035,OPP Feed,56,,,,,Outside Circle,NO,,,Q3,,,,,,,
Thailand,SGPvsTHA_141225,2285.093722519985,37.50291529097967,SGP CPD,31,,Not Taken,,,Circle Edge,YES,,,"Q3, Q3, Q3, Q3",GS,Inner Left,SGP Goal,,,,
Thailand,SGPvsTHA_141225,2352.100276656974,20.897325831005674,SGP CPD,32,Center Mid Defense,GA,Center Right Attack,C,Circle Edge,YES,,,"Q3, Q3, Q3",GS,Inner Right,OPP Goal,,,,
Thailand,SGPvsTHA_141225,2392.1912501840084,39.50683533496522,SGP CPD,33,Center Left Attack,GA,Center Left Attack,C,Circle Edge,YES,,,"Q3, Q3, Q3",GS,Inner Right,OPP Goal,,,,
Thailand,SGPvsTHA_141225,2458.9918664059983,28.705545654965135,SGP CPD,34,Center Mid Attack,WA,,Not Taken,Circle Edge,YES,,,"Q3, Q3, Q3, Q3","GS, GS","Inner Right, Inner Right","OPP Miss, OPP Goal",,,,
Thailand,SGPvsTHA_141225,2544.7911332349818,40.00728108798285,SGP CPD,35,Center Right Defense,WD,Center Left Defense,WA,Outside Circle,YES,,,"Q3, Q3, Q3, Q3, Q3",GS,Inner Middle,OPP Goal,,,,
Thailand,SGPvsTHA_141225,2637.791507275987,22.203973544000746,SGP CPD,36,Center Mid Attack,Not Taken,,,"Circle Edge, Circle Edge","YES, YES",,,"Q3, Q3, Q3, Q3, Q3",GA,Inner Middle,SGP Goal,,,,
Thailand,SGPvsTHA_141225,2731.5916777579996,30.307541537981706,SGP CPD,37,Center Mid Attack,GA,,Not Taken,Outside Circle,YES,,,"Q3, Q3, Q3",GS,Inner Middle,OPP Goal,,,,
Thailand,SGPvsTHA_141225,2801.993111202002,20.905648221999854,SGP CPD,38,Center Right Attack,Not Taken,,,Circle Edge,YES,,,"Q3, Q3, Q3, Q3",GS,Inner Right,SGP Goal,,,,
Thailand,SGPvsTHA_141225,2841.596625729975,20.10196213103245,SGP CPD,39,Center Right Attack,GA,Center Left Attack,WA,,,,,"Q3, Q3",GS,Inner Right,OPP Goal,,,,
Thailand,SGPvsTHA_141225,2929.993903077984,19.90382625099801,SGP CPD,40,Center Left Defense,WD,Center Left Attack,C,Outside Circle,YES,,,"Q3, Q3, Q3",GS,Inner Middle,OPP Goal,,,,
Thailand,SGPvsTHA_141225,2965.2927205239876,15.902605756982211,SGP CPD,41,Center Left Attack,WA,Center Mid Attack,GA,Outside Circle,YES,,,"Q3, Q3, Q3",GS,Inner Right,OPP Goal,,,,
Thailand,SGPvsTHA_141225,3000.194410927979,27.303275012000995,SGP CPD,42,Center Left Attack,GA,Attacking Left,C,Outside Circle,YES,,,"Q3, Q3, Q3",GS,Inner Right,OPP Goal,,,,
Thailand,SGPvsTHA_141225,3060.3483673469386,13.749366579062553,SGP CPD,43,Center Mid Attack,GA,Center Mid Attack,WA,Outside Circle,YES,,,"Q4, Q4, Q4",GS,Inner Right,OPP Goal,,,,
Thailand,SGPvsTHA_141225,3098.493464319967,30.10509832099524,SGP CPD,44,Center Mid Attack,WA,Center Right Attack,WA,Inside Circle,YES,,,"Q4, Q4, Q4",GS,Inner Left,OPP Goal,,,,
Thailand,SGPvsTHA_141225,3150.2940212789863,22.604522136010473,SGP CPD,45,Center Mid Attack,GA,,Not Taken,Circle Edge,YES,,,"Q4, Q4, Q4",GS,Inner Right,OPP Goal,,,,
Thailand,SGPvsTHA_141225,3201.1949581059707,13.800883399001577,SGP CPD,46,Center Left Attack,GA,Center Mid Attack,WA,Outside Circle,YES,,,"Q4, Q4, Q4",GS,Inner Left,OPP Goal,,,,
Thailand,SGPvsTHA_141225,3237.593398294987,29.304550597000343,SGP CPD,47,Center Mid Attack,Not Taken,,,"Outside Circle, Circle Edge","NO, YES",,,"Q4, Q4, Q4, Q4",GS,Inner Right,OPP Goal,,,,
Thailand,SGPvsTHA_141225,3278.691270704009,20.70689120398538,SGP CPD,48,Center Mid Defense,GD,Center Right Defense,WA,Outside Circle,YES,,,"Q4, Q4, Q4",GS,Inner Left,OPP Goal,,,,
Thailand,SGPvsTHA_141225,3318.9986607709952,38.79786833,SGP CPD,49,Center Mid Defense,WD,Center Left Defense,C,"Outside Circle, Circle Edge","YES, YES",,,"Q4, Q4, Q4, Q4, Q4",GS,Inner Left,SGP Goal,,,,
Thailand,SGPvsTHA_141225,3388.792770330973,27.00336839000056,SGP CPD,50,Center Right Attack,WA,Center Mid Attack,C,Outside Circle,YES,,,"Q4, Q4, Q4",GS,Inner Middle,OPP Goal,,,,
Thailand,SGPvsTHA_141225,3485.9930586350033,47.30641157498212,SGP CPD,51,,,,,"Outside Circle, Circle Edge, Circle Edge","NO, NO, YES",,,"Q4, Q4, Q4, Q4, Q4, Q4, Q4, Q4, Q4, Q4",GA,Outer Right,SGP Goal,,,,
Thailand,SGPvsTHA_141225,3556.452677777778,41.14329512621134,SGP CPD,52,Center Mid Defense,WD,,Not Taken,Outside Circle,YES,,,"Q4, Q4, Q4",GS,Inner Left,OPP Goal,,,,
Thailand,SGPvsTHA_141225,3617.0956988119765,26.802618236988565,SGP CPD,53,,Not Taken,,,"Circle Edge, Inside Circle","YES, NO",,,"Q4, Q4, Q4, Q4",GS,Inner Right,OPP Goal,,,,
Thailand,SGPvsTHA_141225,3668.5911958569977,26.70734591100063,SGP CPD,54,Center Right Attack,GA,,Not Taken,Circle Edge,YES,,,"Q4, Q4, Q4",GS,Inner Right,OPP Goal,,,,
Thailand,SGPvsTHA_141225,3718.094198408993,28.203297475992713,SGP CPD,55,,Not Taken,,,,,,,"Q4, Q4",GS,Inner Right,OPP Goal,,,,
Thailand,SGPvsTHA_141225,3809.908966666667,28.08950768030354,SGP CPD,56,Center Right Attack,GA,Attacking Middle,WA,Circle Edge,NO,,,"Q4, Q4, Q4",GS,Inner Left,OPP Goal,,,,
Thailand,SGPvsTHA_141225,3874.1913458519866,18.306320231008158,SGP CPD,57,Center Left Attack,WD,Attacking Left Pocket,GA,Outside Circle,YES,,,"Q4, Q4, Q4",GS,Inner Left,OPP Goal,,,,
Thailand,SGPvsTHA_141225,3907.692633377997,37.99957186401207,SGP CPD,58,Center Mid Defense,WD,Center Left Defense,C,Inside Circle,YES,,,"Q4, Q4, Q4",GS,Inner Left,OPP Goal,,,,
Thailand,SGPvsTHA_141225,3968.995123,18.00268934401811,SGP CPD,59,Center Left Attack,GA,Center Mid Attack,GD,Circle Edge,YES,,,"Q4, Q4, Q4",GS,Inner Left,OPP Goal,,,,
Thailand,SGPvsTHA_141225,4011.493568410008,17.270409367769844,SGP CPD,60,Center Mid Attack,GA,Attacking Middle,WA,"Outside Circle, Outside Circle","YES, YES",,,"Q4, Q4, Q4, Q4",,,,,,,
Thailand,SGPvsTHA_141225,209.79339700697074,43.20536920701858,SGP DCPD,1,Center Right Defense,WA,Center Mid Attack,GA,"Circle Edge, Circle Edge, Inside Circle","YES, YES, YES",,,"Q1, Q1, Q1, Q1, Q1",GS,Inner Right,OPP Goal,,,,
Thailand,SGPvsTHA_141225,265.4930525469829,4.458580786350467,SGP DCPD,2,,Not Taken,,,,,,,Q1,,,,,,,
Thailand,SGPvsTHA_141225,348.2957491,14.860062038116098,SGP DCPD,3,Center Left Attack,WA,Center Mid Attack,GA,Outside Circle,NO,,,"Q1, Q1",,,,,,,
Thailand,SGPvsTHA_141225,413.0893762969959,12.487831160978999,SGP DCPD,4,,,"Center Right Attack, Attacking Right","WA, C",,,,,Q1,,,,,,,
Thailand,SGPvsTHA_141225,480.2924937579854,20.485419514017565,SGP DCPD,5,Center Left Defense,WD,"Center Left Defense, Attacking Left",C,Outside Circle,YES,,,"Q1, Q1",,,,,,,
Thailand,SGPvsTHA_141225,569.6909012,35.524032116358285,SGP DCPD,6,Center Right Attack,WA,,Not Taken,Circle Edge,YES,,,"Q1, Q1, Q1",GS,Inner Right,OPP Goal,,,,
Thailand,SGPvsTHA_141225,626.8922709849693,20.70613867102668,SGP DCPD,7,Center Mid Attack,GA,Center Right Attack,WA,Circle Edge,YES,,,"Q1, Q1, Q1",GS,Inner Right,OPP Goal,,,,
Thailand,SGPvsTHA_141225,688.0973419000082,27.79874698888068,SGP DCPD,8,Center Right Defense,WA,"Center Right Defense, Center Mid Attack",GA,Circle Edge,NO,,,"Q1, Q1",,,,,,,
Philippines,SGPvsPHI_121225,2329.448952505886,5.305549464035721,SGP Feed,80,,,,,Outside Circle,YES,,Goh Wei Ping,Q3,,,,,,,
Thailand,SGPvsTHA_141225,822.4913947199817,9.913349724462705,SGP DCPD,10,Center Left Attack,WD,Center Left Attack,WA,,,,,Q1,,,,,,,
Thailand,SGPvsTHA_141225,884.7932079679942,18.304800295012683,SGP DCPD,11,Center Right Attack,GA,,Not Taken,Outside Circle,NO,,,"Q1, Q1",,,,,,,
Thailand,SGPvsTHA_141225,994.0931325190012,44.80452139998181,SGP DCPD,12,Center Mid Attack,GA,Center Right Attack,WA,"Circle Edge, Circle Edge, Circle Edge","NO, YES, YES",,,"Q1, Q1, Q1, Q1, Q1",GS,Inner Right,OPP Goal,,,,
Thailand,SGPvsTHA_141225,1124.0944197129863,24.304671873988354,SGP DCPD,13,Center Right Attack,GA,Center Left Attack,WA,Outside Circle,NO,,,"Q1, Q1, Q1",GA,Outer Left,OPP Miss,,,,
Thailand,SGPvsTHA_141225,1178.366976,40.13161383298825,SGP DCPD,14,Center Right Attack,GA,Attacking Right,C,"Circle Edge, Circle Edge","YES, YES",,,"Q2, Q2, Q2, Q2",GA,Outer Middle,OPP Goal,,,,
Thailand,SGPvsTHA_141225,1236.9941995899865,6.704612303,SGP DCPD,15,,Not Taken,,,,,,,Q2,,,,,,,
Thailand,SGPvsTHA_141225,1298.8935035770094,11.248396422990709,SGP DCPD,16,Center Mid Defense,GD,Center Left Defense,"GD, WD",,,,,Q2,,,,,,,
Thailand,SGPvsTHA_141225,1359.7957612779958,30.902622631972235,SGP DCPD,17,Center Left Defense,WD,Center Left Attack,WA,Circle Edge,NO,,,"Q2, Q2",,,,,,,
Thailand,SGPvsTHA_141225,1435.1929515489724,24.60554268801593,SGP DCPD,18,Center Left Attack,WA,,Not Taken,Outside Circle,YES,,,"Q2, Q2, Q2",GS,Inner Left,OPP Goal,,,,
Thailand,SGPvsTHA_141225,1494.193820900979,36.205081829018354,SGP DCPD,19,Center Right Attack,GD,,Not Taken,Circle Edge,YES,,,"Q2, Q2, Q2",GA,Inner Right,OPP Goal,,,,
Thailand,SGPvsTHA_141225,1552.2958998300012,16.10336359799794,SGP DCPD,20,Center Left Attack,WA,Center Left Attack,WD,Outside Circle,YES,,,"Q2, Q2, Q2",GS,Inner Middle,OPP Goal,,,,
Thailand,SGPvsTHA_141225,1581.9957168380088,29.502036033991317,SGP DCPD,21,,Not Taken,,,Circle Edge,YES,,,"Q2, Q2, Q2",GS,Inner Left,OPP Goal,,,,
Thailand,SGPvsTHA_141225,1625.6938408100057,13.60488166797927,SGP DCPD,22,Center Left Attack,GA,Center Mid Attack,WA,,,,,Q2,,,,,,,
Thailand,SGPvsTHA_141225,1710.689934450994,33.29244772100492,SGP DCPD,23,,Not Taken,,,"Circle Edge, Circle Edge","YES, NO",,,"Q2, Q2, Q2, Q2",GS,Inner Left,OPP Miss,,,,
Thailand,SGPvsTHA_141225,1792.89617,24.702497524026512,SGP DCPD,24,Center Left Attack,GA,,Not Taken,Outside Circle,YES,,,"Q2, Q2, Q2",GS,Inner Left,OPP Goal,,,,
Thailand,SGPvsTHA_141225,1860.793948442988,10.604655450009659,SGP DCPD,25,Center Mid Attack,GA,Center Right Attack,WA,,,,,Q2,,,,,,,
Thailand,SGPvsTHA_141225,1928.789648052985,18.126085280348207,SGP DCPD,26,Center Right Attack,"Not Taken, WA",,Not Taken,"Outside Circle, Inside Circle","YES, NO",,,"Q2, Q2, Q2",,,,,,,
Thailand,SGPvsTHA_141225,2019.4949390039806,7.134072107130578,SGP DCPD,27,Center Left Attack,"WA, WA",,Not Taken,,,,,Q2,,,,,,,
Thailand,SGPvsTHA_141225,2055.684989607982,26.813819123018675,SGP DCPD,28,Center Left Attack,GA,Center Left Attack,WA,Outside Circle,YES,,,"Q2, Q2, Q2",GS,Inner Right,OPP Goal,,,,
Thailand,SGPvsTHA_141225,2120.498445107001,19.900133429996004,SGP DCPD,29,Center Left Attack,GA,Center Mid Attack,WA,,,,,Q3,,,,,,,
Brunei,SGPvsBRN_16122025,2470.0895286419945,5.213255900004697,SGP Feed,93,,,,,Circle Edge,YES,,Khor Ting Fang,Q3,,,,,,,
Thailand,SGPvsTHA_141225,2285.093722519985,8.303938763010592,SGP DCPD,31,,Not Taken,,,,,,,Q3,,,,,,,
Thailand,SGPvsTHA_141225,2352.100276656974,20.897325831005674,SGP DCPD,32,Center Mid Defense,GA,Center Right Attack,C,Circle Edge,YES,,,"Q3, Q3, Q3",GS,Inner Right,OPP Goal,,,,
Thailand,SGPvsTHA_141225,2392.1912501840084,39.50683533496522,SGP DCPD,33,Center Left Attack,GA,Center Left Attack,C,Circle Edge,YES,,,"Q3, Q3, Q3",GS,Inner Right,OPP Goal,,,,
Thailand,SGPvsTHA_141225,2458.9918664059983,28.705545654965135,SGP DCPD,34,Center Mid Attack,WA,,Not Taken,Circle Edge,YES,,,"Q3, Q3, Q3, Q3","GS, GS","Inner Right, Inner Right","OPP Miss, OPP Goal",,,,
Thailand,SGPvsTHA_141225,2544.7911332349818,9.405496247001793,SGP DCPD,35,Center Right Defense,WD,Center Left Defense,WA,,,,,Q3,,,,,,,
Thailand,SGPvsTHA_141225,2637.791507275987,4.207476047997716,SGP DCPD,36,Center Mid Attack,Not Taken,,,,,,,Q3,,,,,,,
Thailand,SGPvsTHA_141225,2731.5916777579996,30.307541537981706,SGP DCPD,37,Center Mid Attack,GA,,Not Taken,Outside Circle,YES,,,"Q3, Q3, Q3",GS,Inner Middle,OPP Goal,,,,
Thailand,SGPvsTHA_141225,2801.993111202002,5.4052192429944625,SGP DCPD,38,Center Right Attack,Not Taken,,,,,,,Q3,,,,,,,
Thailand,SGPvsTHA_141225,2841.596625729975,20.10196213103245,SGP DCPD,39,Center Right Attack,GA,Center Left Attack,WA,,,,,"Q3, Q3",GS,Inner Right,OPP Goal,,,,
Thailand,SGPvsTHA_141225,2929.993903077984,19.90382625099801,SGP DCPD,40,Center Left Defense,WD,Center Left Attack,"WA, C",Outside Circle,YES,,,"Q3, Q3, Q3",GS,Inner Middle,OPP Goal,,,,
Thailand,SGPvsTHA_141225,2965.2927205239876,15.902605756982211,SGP DCPD,41,Center Left Attack,WA,Center Mid Attack,GA,Outside Circle,YES,,,"Q3, Q3, Q3",GS,Inner Right,OPP Goal,,,,
Thailand,SGPvsTHA_141225,3000.194410927979,27.303275012000995,SGP DCPD,42,Center Left Attack,GA,Attacking Left,C,Outside Circle,YES,,,"Q3, Q3, Q3",GS,Inner Right,OPP Goal,,,,
Thailand,SGPvsTHA_141225,3060.3483673469386,13.749366579062553,SGP DCPD,43,Center Mid Attack,GA,Center Mid Attack,WA,Outside Circle,YES,,,"Q4, Q4, Q4",GS,Inner Right,OPP Goal,,,,
Thailand,SGPvsTHA_141225,3098.493464319967,30.10509832099524,SGP DCPD,44,Center Mid Attack,WA,Center Right Attack,WA,Inside Circle,YES,,,"Q4, Q4, Q4",GS,Inner Left,OPP Goal,,,,
Thailand,SGPvsTHA_141225,3150.2940212789863,22.604522136010473,SGP DCPD,45,Center Mid Attack,GA,,Not Taken,Circle Edge,YES,,,"Q4, Q4, Q4",GS,Inner Right,OPP Goal,,,,
Thailand,SGPvsTHA_141225,3201.1949581059707,13.800883399001577,SGP DCPD,46,Center Left Attack,GA,Center Mid Attack,WA,Outside Circle,YES,,,"Q4, Q4, Q4",GS,Inner Left,OPP Goal,,,,
Thailand,SGPvsTHA_141225,3237.593398294987,29.304550597000343,SGP DCPD,47,Center Mid Attack,Not Taken,,,"Outside Circle, Circle Edge","NO, YES",,,"Q4, Q4, Q4, Q4",GS,Inner Right,OPP Goal,,,,
Thailand,SGPvsTHA_141225,3278.691270704009,20.70689120398538,SGP DCPD,48,Center Mid Defense,GD,Center Right Defense,WA,Outside Circle,YES,,,"Q4, Q4, Q4",GS,Inner Left,OPP Goal,,,,
Thailand,SGPvsTHA_141225,3318.9986607709952,24.60187542800486,SGP DCPD,49,Center Mid Defense,WD,Center Left Defense,C,Outside Circle,YES,,,"Q4, Q4",,,,,,,
Thailand,SGPvsTHA_141225,3388.792770330973,27.00336839000056,SGP DCPD,50,Center Right Attack,WA,Center Mid Attack,C,Outside Circle,YES,,,"Q4, Q4, Q4",GS,Inner Middle,OPP Goal,,,,
Thailand,SGPvsTHA_141225,3485.9930586350033,3.931630253885487,SGP DCPD,51,,,,,,,,,Q4,,,,,,,
Thailand,SGPvsTHA_141225,3556.452677777778,41.14329512621134,SGP DCPD,52,Center Mid Defense,WD,,Not Taken,Outside Circle,YES,,,"Q4, Q4, Q4",GS,Inner Left,OPP Goal,,,,
Thailand,SGPvsTHA_141225,3617.0956988119765,26.802618236988565,SGP DCPD,53,,Not Taken,,,"Circle Edge, Inside Circle","YES, NO",,,"Q4, Q4, Q4, Q4",GS,Inner Right,OPP Goal,,,,
Thailand,SGPvsTHA_141225,3668.5911958569977,26.70734591100063,SGP DCPD,54,Center Right Attack,GA,,Not Taken,Circle Edge,YES,,,"Q4, Q4, Q4",GS,Inner Right,OPP Goal,,,,
Thailand,SGPvsTHA_141225,3718.094198408993,28.203297475992713,SGP DCPD,55,,Not Taken,,,,,,,"Q4, Q4",GS,Inner Right,OPP Goal,,,,
Thailand,SGPvsTHA_141225,3809.908966666667,28.08950768030354,SGP DCPD,56,Center Right Attack,GA,Attacking Middle,WA,Circle Edge,NO,,,"Q4, Q4, Q4",GS,Inner Left,OPP Goal,,,,
Thailand,SGPvsTHA_141225,3874.1913458519866,18.306320231008158,SGP DCPD,57,Center Left Attack,WD,Attacking Left Pocket,GA,Outside Circle,YES,,,"Q4, Q4, Q4",GS,Inner Left,OPP Goal,,,,
Thailand,SGPvsTHA_141225,3907.692633377997,37.99957186401207,SGP DCPD,58,Center Mid Defense,WD,Center Left Defense,C,Inside Circle,YES,,,"Q4, Q4, Q4",GS,Inner Left,OPP Goal,,,,
Thailand,SGPvsTHA_141225,3968.995123,18.00268934401811,SGP DCPD,59,Center Left Attack,GA,Center Mid Attack,GD,Circle Edge,YES,,,"Q4, Q4, Q4",GS,Inner Left,OPP Goal,,,,
Thailand,SGPvsTHA_141225,4011.493568410008,10.78338714554775,SGP DCPD,60,Center Mid Attack,GA,Attacking Middle,WA,Outside Circle,YES,,,"Q4, Q4",,,,,,,
Thailand,SGPvsTHA_141225,227.5979934210004,5.200841468990433,OPP Feed,1,,,,,Circle Edge,YES,,,Q1,,,,,,,
Thailand,SGPvsTHA_141225,228.8960372119886,5.303757928980019,OPP Feed,2,,,,,Circle Edge,YES,,,Q1,,,,,,,
Thailand,SGPvsTHA_141225,240.69568086500357,5.297458595982562,OPP Feed,3,,,,,Inside Circle,YES,,,Q1,,,,,,,
Thailand,SGPvsTHA_141225,318.49236776398027,5.202088874012759,OPP Feed,4,,,,,Outside Circle,YES,,,Q1,,,,,,,
Thailand,SGPvsTHA_141225,357.1927042810095,5.4999310629764295,OPP Feed,5,,,,,Outside Circle,NO,,,Q1,,,,,,,
Thailand,SGPvsTHA_141225,492.4908467510036,5.214001853998639,OPP Feed,6,,,,,Outside Circle,YES,,,Q1,,,,,,,
Thailand,SGPvsTHA_141225,538.8936843,5.4025728889904485,OPP Feed,7,,,,,Outside Circle,YES,,,Q1,,,,,,,
Thailand,SGPvsTHA_141225,592.4915099200003,5.2005429149755855,OPP Feed,8,,,,,Circle Edge,YES,,,Q1,,,,,,,
Thailand,SGPvsTHA_141225,637.5943714949918,5.2995854630220265,OPP Feed,9,,,,,Circle Edge,YES,,,Q1,,,,,,,
Thailand,SGPvsTHA_141225,710.1961041339779,5.2027343190194415,OPP Feed,10,,,,,Circle Edge,NO,,,Q1,,,,,,,
Thailand,SGPvsTHA_141225,754.1939846519804,5.198648354011311,OPP Feed,11,,,,,Circle Edge,YES,,,Q1,,,,,,,
Thailand,SGPvsTHA_141225,796.2984925689893,5.300214136015711,OPP Feed,12,,,,,Outside Circle,YES,,,Q1,,,,,,,
Thailand,SGPvsTHA_141225,894.7581111111111,5,OPP Feed,13,,,,,Outside Circle,NO,,,Q1,,,,,,,
Thailand,SGPvsTHA_141225,1006.3921685630098,5.304924118,OPP Feed,14,,,,,Circle Edge,NO,,,Q1,,,,,,,
Thailand,SGPvsTHA_141225,1023.9937022259749,5.303810204019101,OPP Feed,15,,,,,Circle Edge,YES,,,Q1,,,,,,,
Thailand,SGPvsTHA_141225,1026.5935766920031,5.200744110992673,OPP Feed,16,,,,,Circle Edge,YES,,,Q1,,,,,,,
Thailand,SGPvsTHA_141225,1065.892918759979,5.313791709010275,OPP Feed,17,,,,,Circle Edge,YES,,,Q1,,,,,,,
Thailand,SGPvsTHA_141225,1137.1840666666667,5,OPP Feed,18,,,,,Outside Circle,NO,,,Q1,,,,,,,
Thailand,SGPvsTHA_141225,1192.9681888888888,5,OPP Feed,19,,,,,Circle Edge,YES,,,Q2,,,,,,,
Thailand,SGPvsTHA_141225,1209.2722222222221,5,OPP Feed,20,,,,,Circle Edge,YES,,,Q2,,,,,,,
Thailand,SGPvsTHA_141225,1288.0936748879894,5.196225531005894,OPP Feed,21,,,,,Circle Edge,YES,,,Q2,,,,,,,
Thailand,SGPvsTHA_141225,1381.840611111111,5,OPP Feed,22,,,,,Circle Edge,NO,,,Q2,,,,,,,
Thailand,SGPvsTHA_141225,1450.4930776520068,5.291306311970629,OPP Feed,23,,,,,Outside Circle,YES,,,Q2,,,,,,,
Thailand,SGPvsTHA_141225,1518.6934992919762,5.600424388010879,OPP Feed,24,,,,,Circle Edge,YES,,,Q2,,,,,,,
Thailand,SGPvsTHA_141225,1558.491177467981,5.206191681018936,OPP Feed,25,,,,,Outside Circle,YES,,,Q2,,,,,,,
Thailand,SGPvsTHA_141225,1599.1937752689778,5.3055165859991575,OPP Feed,26,,,,,Circle Edge,YES,,,Q2,,,,,,,
Thailand,SGPvsTHA_141225,1697.4961193099775,5.302568327018889,OPP Feed,27,,,,,Inside Circle,YES,,,Q2,,,,,,,
Thailand,SGPvsTHA_141225,1722.0922508329731,5.203381211003716,OPP Feed,28,,,,,Circle Edge,YES,,,Q2,,,,,,,
Thailand,SGPvsTHA_141225,1739.1082499489712,5.169084510023595,OPP Feed,29,,,,,Circle Edge,NO,,,Q2,,,,,,,
Malaysia,SGPvsMAS_15122025,2479.895200269988,4.971102536015678,SGP Feed,63,,,,,Circle Edge,YES,,Toh Kai Wei,Q3,,,,,,,
Thailand,SGPvsTHA_141225,1939.1167666666668,5,OPP Feed,31,,,,,Outside Circle,YES,,,Q2,,,,,,,
Thailand,SGPvsTHA_141225,1941.9157333333333,5,OPP Feed,32,,,,,Inside Circle,NO,,,Q2,,,,,,,
Thailand,SGPvsTHA_141225,2072.8936954939877,5.306922588001271,OPP Feed,33,,,,,Outside Circle,YES,,,Q2,,,,,,,
Thailand,SGPvsTHA_141225,2233.8989666666666,5,OPP Feed,34,,,,,Circle Edge,NO,,,Q3,,,,,,,
Thailand,SGPvsTHA_141225,2241.494451492973,8.799564629008273,OPP Feed,35,,,,,Inside Circle,YES,,,Q3,,,,,,,
Thailand,SGPvsTHA_141225,2361.692774248008,5.496246831,OPP Feed,36,,,,,Circle Edge,YES,,,Q3,,,,,,,
Thailand,SGPvsTHA_141225,2421.270455900031,5.808099655524529,OPP Feed,37,,,,,Circle Edge,YES,,,Q3,,,,,,,
Thailand,SGPvsTHA_141225,2476.1935042309883,5.324140560994692,OPP Feed,38,,,,,Circle Edge,YES,,,Q3,,,,,,,
Thailand,SGPvsTHA_141225,2533.2959421889805,5.198926375986048,OPP Feed,39,,,,,Circle Edge,YES,,,Q3,,,,,,,
Thailand,SGPvsTHA_141225,2575.094183066988,5.396562075993643,OPP Feed,40,,,,,Outside Circle,YES,,,Q3,,,,,,,
Thailand,SGPvsTHA_141225,2742.0966786540034,5.1923821450000105,OPP Feed,41,,,,,Outside Circle,YES,,,Q3,,,,,,,
Thailand,SGPvsTHA_141225,2910.9028803070046,5.295241442991937,OPP Feed,42,,,,,Outside Circle,NO,,,Q3,,,,,,,
Thailand,SGPvsTHA_141225,2919.4928973050037,5.1816390979874996,OPP Feed,43,,,,,Circle Edge,YES,,,Q3,,,,,,,
Thailand,SGPvsTHA_141225,2940.6929901889666,5.501463298010094,OPP Feed,44,,,,,Outside Circle,YES,,,Q3,,,,,,,
Thailand,SGPvsTHA_141225,2971.3935350139604,5.188078810035677,OPP Feed,45,,,,,Outside Circle,YES,,,Q3,,,,,,,
Thailand,SGPvsTHA_141225,3011.794535515998,5.305669086977105,OPP Feed,46,,,,,Outside Circle,YES,,,Q3,,,,,,,
Thailand,SGPvsTHA_141225,3064.6915396039794,5.401273341991782,OPP Feed,47,,,,,Outside Circle,YES,,,Q4,,,,,,,
Thailand,SGPvsTHA_141225,3117.7970267790124,5.300918224977522,OPP Feed,48,,,,,Inside Circle,YES,,,Q4,,,,,,,
Thailand,SGPvsTHA_141225,3163.3920515759646,4.983039214042947,OPP Feed,49,,,,,Circle Edge,YES,,,Q4,,,,,,,
Thailand,SGPvsTHA_141225,3205.9936174059617,5.199172148015805,OPP Feed,50,,,,,Outside Circle,YES,,,Q4,,,,,,,
Thailand,SGPvsTHA_141225,3246.989262603008,5.302877895974234,OPP Feed,51,,,,,Outside Circle,NO,,,Q4,,,,,,,
Thailand,SGPvsTHA_141225,3258.346088888889,5,OPP Feed,52,,,,,Circle Edge,YES,,,Q4,,,,,,,
Thailand,SGPvsTHA_141225,3290.5940557529857,5.2009412390084435,OPP Feed,53,,,,,Outside Circle,YES,,,Q4,,,,,,,
Thailand,SGPvsTHA_141225,3335.8930644239913,5.301823841988153,OPP Feed,54,,,,,Outside Circle,YES,,,Q4,,,,,,,
Thailand,SGPvsTHA_141225,3406.8935941989857,5.190109251012018,OPP Feed,55,,,,,Outside Circle,YES,,,Q4,,,,,,,
Thailand,SGPvsTHA_141225,3586.791371822997,5.193422527986513,OPP Feed,56,,,,,Outside Circle,YES,,,Q4,,,,,,,
Thailand,SGPvsTHA_141225,3626.0085222222224,5,OPP Feed,57,,,,,Circle Edge,YES,,,Q4,,,,,,,
Thailand,SGPvsTHA_141225,3629.7936060709712,5.191577802999291,OPP Feed,58,,,,,Inside Circle,YES,,,Q4,,,,,,,
Thailand,SGPvsTHA_141225,3685.5919132039908,5.103817302000607,OPP Feed,59,,,,,Circle Edge,YES,,,Q4,,,,,,,
Thailand,SGPvsTHA_141225,3813.6956356329724,5.1799335750124555,OPP Feed,60,,,,,Circle Edge,NO,,,Q4,,,,,,,
Philippines,SGPvsPHI_121225,2626.1529310088954,47.29995374999453,SGP CPA,32,Center Mid Attack,WA,Attacking D,GS,Outside Circle,YES,,,"Q3, Q3, Q3, Q3, Q3, Q3","GS, GA","Outer Left, Outer Left","SGP Miss, SGP Goal",,,,
Thailand,SGPvsTHA_141225,3934.792520644997,5.295285480974144,OPP Feed,62,,,,,Inside Circle,YES,,,Q4,,,,,,,
Thailand,SGPvsTHA_141225,3976.7528666666667,5,OPP Feed,63,,,,,Circle Edge,YES,,,Q4,,,,,,,
Thailand,SGPvsTHA_141225,4001.6911771769705,5.203858383016268,OPP Feed,64,,,,,Outside Circle,YES,,,Q4,,,,,,,
Thailand,SGPvsTHA_141225,4015.788598004984,5.307090573017831,OPP Feed,65,,,,,Outside Circle,YES,,,Q4,,,,,,,
Thailand,SGPvsTHA_141225,241.97737520301212,11.021391010977197,OPP Shot,1,,,,,,,,,Q1,GS,Inner Right,OPP Goal,,,,
Thailand,SGPvsTHA_141225,316.4977731619657,11.100220062035419,OPP Shot,2,,,,,,,,,Q1,GS,Inner Middle,OPP Goal,,,,
Thailand,SGPvsTHA_141225,542.7981640450045,11.000333630978389,OPP Shot,3,,,,,,,,,Q1,GS,Inner Left,OPP Goal,,,,
Thailand,SGPvsTHA_141225,595.2149333333333,10,OPP Shot,4,,,,,,,,,Q1,GS,Inner Right,OPP Goal,,,,
Thailand,SGPvsTHA_141225,636.6000812029805,10.99832845301546,OPP Shot,5,,,,,,,,,Q1,GS,Inner Right,OPP Goal,,,,
Thailand,SGPvsTHA_141225,672.9820645,11.015855054997246,OPP Shot,6,,,,,,,,,Q1,GA,Inner Right,OPP Goal,,,,
Thailand,SGPvsTHA_141225,752.4984477299956,10.999285886983444,OPP Shot,7,,,,,,,,,Q1,GS,Inner Right,OPP Goal,,,,
Thailand,SGPvsTHA_141225,793.9951462709998,11.002602213963655,OPP Shot,8,,,,,,,,,Q1,GS,Inner Left,OPP Goal,,,,
Thailand,SGPvsTHA_141225,967.1754654480102,11.122033062985452,OPP Shot,9,,,,,,,,,Q1,GS,Inner Middle,OPP Goal,,,,
Thailand,SGPvsTHA_141225,1027.8977601559893,10.999893762993679,OPP Shot,10,,,,,,,,,Q1,GS,Inner Right,OPP Goal,,,,
Thailand,SGPvsTHA_141225,1068.3594333333333,10,OPP Shot,11,,,,,,,,,Q1,GS,Inner Middle,OPP Miss,,,,
Thailand,SGPvsTHA_141225,1134.3863222222221,10,OPP Shot,12,,,,,,,,,Q1,GA,Outer Left,OPP Miss,,,,
Thailand,SGPvsTHA_141225,1207.4762324329686,11.02235738901959,OPP Shot,13,,,,,,,,,Q2,GA,Outer Middle,OPP Goal,,,,
Thailand,SGPvsTHA_141225,1285.8949619949735,11.10059187402203,OPP Shot,14,,,,,,,,,Q2,GS,Inner Left,OPP Goal,,,,
Thailand,SGPvsTHA_141225,1448.4979195089709,11.30057472801741,OPP Shot,15,,,,,,,,,Q2,GS,Inner Left,OPP Goal,,,,
Thailand,SGPvsTHA_141225,1519.377127742987,11.021774987010303,OPP Shot,16,,,,,,,,,Q2,GA,Inner Right,OPP Goal,,,,
Thailand,SGPvsTHA_141225,1557.2979918569881,11.101271571011011,OPP Shot,17,,,,,,,,,Q2,GS,Inner Middle,OPP Goal,,,,
Thailand,SGPvsTHA_141225,1600.0755384899992,11.422214382000902,OPP Shot,18,,,,,,,,,Q2,GS,Inner Left,OPP Goal,,,,
Thailand,SGPvsTHA_141225,1696.1986188619933,11.099748290988146,OPP Shot,19,,,,,,,,,Q2,GS,Inner Right,OPP Goal,,,,
Thailand,SGPvsTHA_141225,1728.2763787449728,12.021846562014616,OPP Shot,20,,,,,,,,,Q2,GS,Inner Left,OPP Miss,,,,
Thailand,SGPvsTHA_141225,1806.398255156979,11.200412458017354,OPP Shot,21,,,,,,,,,Q2,GS,Inner Left,OPP Goal,,,,
Thailand,SGPvsTHA_141225,2071.4975381719814,11.001270559019304,OPP Shot,22,,,,,,,,,Q2,GS,Inner Right,OPP Goal,,,,
Thailand,SGPvsTHA_141225,2245.677875222973,11.309919207004441,OPP Shot,23,,,,,,,,,Q3,GS,Inner Right,OPP Goal,,,,
Thailand,SGPvsTHA_141225,2361.877012952969,11.120589535010822,OPP Shot,24,,,,,,,,,Q3,GS,Inner Right,OPP Goal,,,,
Thailand,SGPvsTHA_141225,2420.5834122279625,11.114673291011059,OPP Shot,25,,,,,,,,,Q3,GS,Inner Right,OPP Goal,,,,
Thailand,SGPvsTHA_141225,2473.683211111111,10,OPP Shot,26,,,,,,,,,Q3,GS,Inner Right,OPP Miss,,,,
Thailand,SGPvsTHA_141225,2476.699594648988,10.997817411975575,OPP Shot,27,,,,,,,,,Q3,GS,Inner Right,OPP Goal,,,,
Thailand,SGPvsTHA_141225,2532.199327215988,10.899329912013854,OPP Shot,28,,,,,,,,,Q3,GS,Inner Right,OPP Goal,,,,
Thailand,SGPvsTHA_141225,2573.476069367991,11.322344954973687,OPP Shot,29,,,,,,,,,Q3,GS,Inner Middle,OPP Goal,,,,
Thailand,SGPvsTHA_141225,2750.577836292002,11.321383003979463,OPP Shot,30,,,,,,,,,Q3,GS,Inner Middle,OPP Goal,,,,
Thailand,SGPvsTHA_141225,2850.3974332700036,11.301154591003979,OPP Shot,31,,,,,,,,,Q3,GS,Inner Right,OPP Goal,,,,
Thailand,SGPvsTHA_141225,2917.6802682340012,11.41968456397126,OPP Shot,32,,,,,,,,,Q3,GS,Inner Middle,OPP Goal,,,,
Thailand,SGPvsTHA_141225,2938.8983070269696,10.99942230201259,OPP Shot,33,,,,,,,,,Q3,GS,Inner Middle,OPP Goal,,,,
Thailand,SGPvsTHA_141225,2970.920311111111,10.275015169858762,OPP Shot,34,,,,,,,,,Q3,GS,Inner Right,OPP Goal,,,,
Thailand,SGPvsTHA_141225,3016.0978312549673,11.399854685012542,OPP Shot,35,,,,,,,,,Q3,GS,Inner Right,OPP Goal,,,,
Thailand,SGPvsTHA_141225,3062.9976794639742,11.100054462026947,OPP Shot,36,,,,,,,,,Q4,GS,Inner Right,OPP Goal,,,,
Thailand,SGPvsTHA_141225,3117.698490062004,10.900072578958316,OPP Shot,37,,,,,,,,,Q4,GS,Inner Left,OPP Goal,,,,
Thailand,SGPvsTHA_141225,3161.699634389991,11.198909025005833,OPP Shot,38,,,,,,,,,Q4,GS,Inner Right,OPP Goal,,,,
Thailand,SGPvsTHA_141225,3203.998546,10.997295444012252,OPP Shot,39,,,,,,,,,Q4,GS,Inner Left,OPP Goal,,,,
Thailand,SGPvsTHA_141225,3255.887954047971,11.009994844016092,OPP Shot,40,,,,,,,,,Q4,GS,Inner Right,OPP Goal,,,,
Thailand,SGPvsTHA_141225,3288.098007386977,11.300154521017703,OPP Shot,41,,,,,,,,,Q4,GS,Inner Left,OPP Goal,,,,
Thailand,SGPvsTHA_141225,3404.797979869002,10.998158851971311,OPP Shot,42,,,,,,,,,Q4,GS,Inner Middle,OPP Goal,,,,
Thailand,SGPvsTHA_141225,3586.297773930975,11.298198973014223,OPP Shot,43,,,,,,,,,Q4,GS,Inner Left,OPP Goal,,,,
Thailand,SGPvsTHA_141225,3632.798407461982,11.099909586982903,OPP Shot,44,,,,,,,,,Q4,GS,Inner Right,OPP Goal,,,,
Thailand,SGPvsTHA_141225,3684.297726799998,11.000814968000213,OPP Shot,45,,,,,,,,,Q4,GS,Inner Right,OPP Goal,,,,
Thailand,SGPvsTHA_141225,3735.178035491981,11.119460393004829,OPP Shot,46,,,,,,,,,Q4,GS,Inner Right,OPP Goal,,,,
Thailand,SGPvsTHA_141225,3826.7772182909994,11.221256055971025,OPP Shot,47,,,,,,,,,Q4,GS,Inner Left,OPP Goal,,,,
Thailand,SGPvsTHA_141225,3881.2762077360007,11.22145834699404,OPP Shot,48,,,,,,,,,Q4,GS,Inner Left,OPP Goal,,,,
Thailand,SGPvsTHA_141225,3934.076597248984,11.61560799302515,OPP Shot,49,,,,,,,,,Q4,GS,Inner Left,OPP Goal,,,,
Thailand,SGPvsTHA_141225,3975.7975017509793,11.20031081101888,OPP Shot,50,,,,,,,,,Q4,GS,Inner Left,OPP Goal,,,,
Thailand,SGPvsTHA_141225,3999.697348,10.900737668996499,OPP Shot,51,,,,,,,,,Q4,GS,Inner Left,OPP Goal,,,,
Thailand,SGPvsTHA_141225,262.95163333333335,21.397744444444413,SGP Gains,1,,,,,Circle Edge,NO,Interception,Rachel Ling,"Q1, Q1",,,,Center Right Defense,,,
Thailand,SGPvsTHA_141225,356.1558111111111,36.34191112987804,SGP Gains,2,,,,,"Circle Edge, Circle Edge","YES, YES, YES",Interception,Jamie Lim,"Q1, Q1, Q1, Q1",GA,Outer Right,SGP Goal,Defensive Left Pocket,,,
Thailand,SGPvsTHA_141225,418.5772074579749,45.220436986469565,SGP Gains,3,,,,,Circle Edge,YES,Held,,"Q1, Q1, Q1",GS,Inner Left,SGP Goal,Defensive Left,,,
Thailand,SGPvsTHA_141225,493.7779133,17.320224956967706,SGP Gains,4,,,,,,,Stepping,,Q1,,,,Defensive D,,,
Thailand,SGPvsTHA_141225,708.8960888888889,17.680243004106046,SGP Gains,5,,,,,,,Interception,Reena Divya,Q1,,,,Defensive D,,,
Thailand,SGPvsTHA_141225,825.4047444444444,31.887932819544744,SGP Gains,6,,,,,Outside Circle,YES,Stepping,,"Q1, Q1, Q1",GA,Outer Middle,SGP Goal,Center Mid Defense,,,
Thailand,SGPvsTHA_141225,896.0980082630069,52.70172714898581,SGP Gains,7,,,,,Inside Circle,YES,Interception,Jamie Lim,"Q1, Q1, Q1",GA,Inner Right,SGP Miss,Defensive Left Pocket,,,
Thailand,SGPvsTHA_141225,1074.8972511239945,49.800570542982314,SGP Gains,8,,,,,Outside Circle,YES,Missed Rebound,Reena Divya,"Q1, Q1, Q1",GA,Outer Right,SGP Goal,Defensive D,,,
Thailand,SGPvsTHA_141225,1236.698811892993,31.199340283993934,SGP Gains,9,,,,,Outside Circle,YES,Over Third,,"Q2, Q2, Q2",GS,Inner Right,SGP Goal,Defensive Middle,,,
Thailand,SGPvsTHA_141225,1303.1419,19.05421194100927,SGP Gains,10,,,,,Circle Edge,YES,Interception,Angelina Lim,"Q2, Q2, Q2",GS,Inner Middle,SGP Goal,Center Mid Attack,,,
Thailand,SGPvsTHA_141225,1343.9958434936214,14.50183481837189,SGP Gains,11,,,,,Circle Edge,YES,Repossession,,"Q2, Q2, Q2",GA,Inner Right,SGP Goal,Attacking Left Pocket,,,
Thailand,SGPvsTHA_141225,1383.698383909968,26.599805563000018,SGP Gains,12,,,,,Inside Circle,YES,Pass Out of Bounds,,"Q2, Q2, Q2",GS,Inner Right,SGP Goal,Defensive D,,,
Thailand,SGPvsTHA_141225,1632.298722477985,23.69986379700731,SGP Gains,13,,,,,"Circle Edge, Inside Circle","YES, YES",Held,,"Q2, Q2, Q2, Q2",GS,Inner Right,SGP Goal,Defensive Middle,,,
Thailand,SGPvsTHA_141225,1736.982382171999,38.715566873984926,SGP Gains,14,,,,,"Outside Circle, Inside Circle, Outside Circle, Inside Circle","YES, YES, YES",Interception,Jamie Lim,"Q2, Q2, Q2, Q2, Q2, Q2, Q2","GS, GS","Inner Left, Inner Left","SGP Miss, SGP Goal",Defensive Right Pocket,,,
Thailand,SGPvsTHA_141225,1832.6980943820056,25.80021483797509,SGP Gains,15,,,,,,,Contact,,"Q2, Q2",GS,Inner Right,SGP Goal,Center Mid Defense,,,
Thailand,SGPvsTHA_141225,1864.3986038929977,47.49704339697951,SGP Gains,16,,,,,"Outside Circle, Inside Circle","YES, YES",Held,,"Q2, Q2, Q2, Q2",GS,Inner Right,SGP Goal,Center Left Defense,,,
Thailand,SGPvsTHA_141225,1939.9157333333333,24.48194474565412,SGP Gains,17,,,,,"Circle Edge, Inside Circle","YES, YES",Interception,Jamie Lim,"Q2, Q2, Q2, Q2",GS,Inner Middle,SGP Goal,Defensive D,,,
Thailand,SGPvsTHA_141225,1994.3692666666666,22.72765953432304,SGP Gains,18,,,,,Outside Circle,YES,Interception,Jamie Lim,"Q2, Q2, Q2",GA,Outer Left,SGP Goal,Center Left Attack,,,
Thailand,SGPvsTHA_141225,2019.6290111111111,18.669420958871115,SGP Gains,19,,,,,Circle Edge,YES,Interception,Angelina Lim,"Q2, Q2, Q2",GA,Inner Left,SGP Goal,Center Mid Attack,,,
Thailand,SGPvsTHA_141225,2133.398578536997,35.88424660200326,SGP Gains,20,,,,,Outside Circle,NO,Droped Ball,,"Q3, Q3",,,,Defensive Left Pocket,,,
Thailand,SGPvsTHA_141225,2170.8429555555554,19.936611227421963,SGP Gains,21,,,,,Circle Edge,YES,Repossession,,"Q3, Q3, Q3",GS,Inner Middle,SGP Goal,Attacking Left,,,
Thailand,SGPvsTHA_141225,2286.3976612829956,36.19897652796908,SGP Gains,22,,,,,Circle Edge,YES,Pass Out of Bounds,,"Q3, Q3, Q3",GS,Inner Left,SGP Goal,Center Left Defense,,,
Thailand,SGPvsTHA_141225,2547.1966294819836,11.001584060984896,SGP Gains,23,,,,,,,Interception,Amandeep Chahal,Q3,,,,Center Mid Attack,,,
Thailand,SGPvsTHA_141225,2608.0977000999846,23.900286720986514,SGP Gains,24,,,,,,,Stepping,,"Q3, Q3",GA,Outer Right,SGP Goal,Center Left Attack,,,
Thailand,SGPvsTHA_141225,2634.9989833239847,24.99649749600303,SGP Gains,25,,,,,"Circle Edge, Circle Edge","YES, YES",Droped Ball,Jamie Lim,"Q3, Q3, Q3, Q3",GA,Inner Middle,SGP Goal,Center Mid Defense,,,
Thailand,SGPvsTHA_141225,2698.098487098997,25.59896124498573,SGP Gains,26,,,,,Circle Edge,YES,Held,,"Q3, Q3, Q3",GA,Outer Left,SGP Goal,Defensive Left,,,
Thailand,SGPvsTHA_141225,2778.898620356997,21.300120490972404,SGP Gains,27,,,,,Circle Edge,YES,Interception,Goh Wei Ping,"Q3, Q3, Q3",GA,Outer Right,SGP Goal,Center Mid Defense,,,
Thailand,SGPvsTHA_141225,2800.3983304449966,22.50042897900539,SGP Gains,28,,,,,Circle Edge,YES,Interception,Jamie Lim,"Q3, Q3, Q3",GS,Inner Right,SGP Goal,Center Left Defense,,,
Thailand,SGPvsTHA_141225,3336.600536,21.195992904988543,SGP Gains,29,,,,,Circle Edge,YES,Stepping,,"Q4, Q4, Q4",GS,Inner Left,SGP Goal,Defensive D,,,
Thailand,SGPvsTHA_141225,3450.096613847988,34.00207064400229,SGP Gains,30,,,,,Circle Edge,YES,Interception,Reena Divya,"Q4, Q4, Q4, Q4","GS, GA","Outer Right, Inner Left","SGP Miss, SGP Goal",Defensive Right,,,
Thailand,SGPvsTHA_141225,3482.924688888889,11.35765175210372,SGP Gains,31,,,,,Outside Circle,NO,Interception,Mishalenee K,"Q4, Q4",,,,Center Mid Defense,,,
Thailand,SGPvsTHA_141225,3498.6962555555556,18.805699999999888,SGP Gains,32,,,,,Circle Edge,NO,Over Third,,"Q4, Q4",,,,Defensive Right,,,
Thailand,SGPvsTHA_141225,3516.6937222222223,16.605747987763152,SGP Gains,33,,,,,Circle Edge,YES,Interception,Amandeep Chahal,"Q4, Q4, Q4",GA,Outer Right,SGP Goal,Attacking Middle,,,
Thailand,SGPvsTHA_141225,3767.5991295479716,35.79795044502134,SGP Gains,34,,,,,Circle Edge,YES,Stepping,,"Q4, Q4, Q4, Q4","GS, GS","Outer Middle, Inner Left","SGP Miss, SGP Goal",Defensive Right Pocket,,,
Thailand,SGPvsTHA_141225,3851.8763555555556,20.22220616142795,SGP Gains,35,,,,,Circle Edge,YES,Interception,Mishalenee K,"Q4, Q4, Q4",GS,Outer Middle,SGP Goal,Center Left Attack,,,
Thailand,SGPvsTHA_141225,4015.2769555555556,13.487022222222095,SGP Gains,36,,,,,Outside Circle,YES,Interception,Khor Ting Fang,"Q4, Q4",,,,Defensive Middle,,,
Thailand,SGPvsTHA_141225,277.34937777777776,50.24861544622337,SGP Turnovers,1,,,,,Outside Circle,YES,Droped Ball,Toh Kai Wei,"Q1, Q1, Q1",GS,Inner Middle,OPP Goal,Attacking D,,,
Thailand,SGPvsTHA_141225,504.0981382289707,49.70035944701215,SGP Turnovers,2,,,,,Outside Circle,YES,Droped Ball,Angelina Lim,"Q1, Q1, Q1",GS,Inner Left,OPP Goal,Attacking Right Pocket,,,
Thailand,SGPvsTHA_141225,646.6981211590039,37.29979844098534,SGP Turnovers,3,,,,,,,Breaking,Toh Kai Wei,"Q1, Q1",GA,Inner Right,OPP Goal,Center Left Attack,,,
Thailand,SGPvsTHA_141225,719.5763319,43.921401723984104,SGP Turnovers,4,,,,,Circle Edge,YES,Stepping,Angelina Lim,"Q1, Q1, Q1",GS,Inner Right,OPP Goal,Attacking Left Pocket,,,
Thailand,SGPvsTHA_141225,941.7997354119927,36.497763099002896,SGP Turnovers,5,,,,,,,Shot Out of Bounds,Toh Kai Wei,"Q1, Q1",GS,Inner Middle,OPP Goal,Attacking D,,,
Thailand,SGPvsTHA_141225,1039.8779314219844,42.01931970201008,SGP Turnovers,6,,,,,Circle Edge,YES,Stepping,Toh Kai Wei,"Q1, Q1, Q1",GS,Inner Middle,OPP Miss,Center Right Attack,,,
Thailand,SGPvsTHA_141225,1268.766588888889,28.22896498010664,SGP Turnovers,7,,,,,Circle Edge,YES,Interception,Toh Kai Wei,"Q2, Q2, Q2",GS,Inner Left,OPP Goal,Attacking Right,,,
Thailand,SGPvsTHA_141225,1332.399358415995,19.497708649982542,SGP Turnovers,8,,,,,,,Missed Rebound,Toh Kai Wei,Q2,,,,Attacking D,,,
Thailand,SGPvsTHA_141225,1679.3985721259887,27.899795026992706,SGP Turnovers,9,,,,,Inside Circle,YES,Shot Out of Bounds,Toh Kai Wei,"Q2, Q2, Q2",GS,Inner Right,OPP Goal,Attacking D,,,
Thailand,SGPvsTHA_141225,1817.5976511599972,22.10044322200838,SGP Turnovers,10,,,,,,,Pass Out of Bounds,Toh Kai Wei,Q2,,,,Attacking D,,,
Thailand,SGPvsTHA_141225,1975.7647333333334,25.604533333333166,SGP Turnovers,11,,,,,,,Pass Out of Bounds,Toh Kai Wei,Q2,,,,Attacking D,,,
Thailand,SGPvsTHA_141225,2085.031588888889,10.434788888888761,SGP Turnovers,12,,,,,,,Interception,Angelina Lim,Q2,,,,Attacking D,,,
Thailand,SGPvsTHA_141225,2162.282825,15.56013041655524,SGP Turnovers,13,,,,,,,Interception,Amandeep Chahal,Q3,,,,Attacking Middle,,,
Thailand,SGPvsTHA_141225,2495.7975956189816,47.30106151,SGP Turnovers,14,,,,,Circle Edge,YES,Pass Out of Bounds,Goh Wei Ping,"Q3, Q3, Q3",GS,Inner Right,OPP Goal,Attacking Right Pocket,,,
Thailand,SGPvsTHA_141225,2551.1982135429685,33.60020077999616,SGP Turnovers,15,,,,,Outside Circle,YES,Stepping,Tan Yi Jie,"Q3, Q3, Q3",GS,Inner Middle,OPP Goal,Attacking Right Pocket,,,
Thailand,SGPvsTHA_141225,2587.298675822976,27.79902427700881,SGP Turnovers,16,,,,,,,Contact,Amandeep Chahal,Q3,,,,Center Right Attack,,,
Thailand,SGPvsTHA_141225,2675.875944228998,29.22254286999896,SGP Turnovers,17,,,,,,,Interception,Amandeep Chahal,Q3,,,,Attacking D,,,
Thailand,SGPvsTHA_141225,2762.796390159969,23.102230197027893,SGP Turnovers,18,,,,,,,Breaking,Amandeep Chahal,Q3,,,,Center Right Attack,,,
Philippines,SGPvsPHI_121225,2626.1529310088954,12.501070801016795,SGP DCPA,32,,,,,Outside Circle,YES,,,"Q3, Q3, Q3",GS,Outer Left,SGP Miss,,,,
Thailand,SGPvsTHA_141225,3427.6976042319934,29.39900962,SGP Turnovers,20,,,,,,,Pass Out of Bounds,Mishalenee K,Q4,,,,Attacking Left,,,
Thailand,SGPvsTHA_141225,3487.2823406409925,18.413914914563065,SGP Turnovers,21,,,,,,,Interception,Toh Kai Wei,Q4,,,,Attacking D,,,
Thailand,SGPvsTHA_141225,3510.5019555555555,13.191766666666808,SGP Turnovers,22,,,,,,,Interception,Toh Kai Wei,Q4,,,,Attacking D,,,
Thailand,SGPvsTHA_141225,3753.109211111111,21.489918436860535,SGP Turnovers,23,,,,,,,Interception,Amandeep Chahal,Q4,,,,Attacking D,,,
Thailand,SGPvsTHA_141225,3843.7868777777776,15.08947777777803,SGP Turnovers,24,,,,,,,Interception,Khor Ting Fang,Q4,,,,Attacking Right Pocket,,,
Thailand,SGPvsTHA_141225,3987.997810795004,22.60027449,SGP Turnovers,25,,,,,Outside Circle,YES,Pass Out of Bounds,Tan Yi Jie,"Q4, Q4, Q4",GS,Inner Left,OPP Goal,Center Right Attack,,,
Thailand,SGPvsTHA_141225,1166.1983444444445,1,FINISH QUARTER,1,,,,,,,,,Q1,,,,,,,
Thailand,SGPvsTHA_141225,2098.6969387755103,1,FINISH QUARTER,2,,,,,,,,,Q2,,,,,,,
Thailand,SGPvsTHA_141225,3054.0554333333334,1,FINISH QUARTER,3,,,,,,,,,Q3,,,,,,,
Malaysia,SGPvsMAS_15122025,53.090256731973845,21.506951495025014,SGP CPA,1,Center Left Attack,WD,Center Left Attack,Not Taken,,,,,"Q1, Q1",GS,Inner Left,SGP Goal,,,,
Malaysia,SGPvsMAS_15122025,95.49448919300364,24.058944140329686,SGP CPA,2,Center Right Attack,GA,Center Right Attack,WA,Circle Edge,YES,,,"Q1, Q1, Q1",GS,Inner Middle,SGP Goal,,,,
Malaysia,SGPvsMAS_15122025,149.6964168049846,15.701475346997569,SGP CPA,3,Center Left Attack,GA,Attacking Left,WA,"Outside Circle, Circle Edge","YES, YES",,,"Q1, Q1, Q1, Q1",GS,Inner Right,SGP Goal,,,,
Malaysia,SGPvsMAS_15122025,226.79249306300477,26.30493728299561,SGP CPA,4,Center Right Defense,GD,,GK,Circle Edge,YES,,,"Q1, Q1, Q1",GA,Inner Left,SGP Goal,,,,
Malaysia,SGPvsMAS_15122025,280.5944033990008,33.704203859990116,SGP CPA,5,Center Left Attack,GA,,Not Taken,"Outside Circle, Outside Circle, Circle Edge","NO, YES, YES",,,"Q1, Q1, Q1, Q1, Q1, Q1, Q1",GS,Inner Middle,SGP Goal,,,,
Malaysia,SGPvsMAS_15122025,344.39385724198655,29.004070012009834,SGP CPA,6,Center Mid Defense,WD,Center Mid Defense,GD,,,,,"Q1, Q1",GS,Outer Left,SGP Goal,,,,
Malaysia,SGPvsMAS_15122025,396.6923071909917,60.80559358,SGP CPA,7,Center Right Attack,GA,Center Right Attack,C,"Circle Edge, Outside Circle, Circle Edge","YES, YES, YES",,,"Q1, Q1, Q1, Q1, Q1, Q1, Q1, Q1","GA, GS, GA","Inner Right, Inner Middle, Inner Middle","SGP Miss, OPP Miss, OPP Goal",,,,
Malaysia,SGPvsMAS_15122025,508.2951245029747,36.40279545499135,SGP CPA,8,Center Left Attack,GA,Center Left Attack,C,Outside Circle,NO,,,"Q1, Q1, Q1, Q1",GS,Inner Middle,OPP Goal,,,,
Malaysia,SGPvsMAS_15122025,567.0943265479794,39.00408244700111,SGP CPA,9,Center Left Attack,GA,,Not Taken,,,,,"Q1, Q1",GS,Inner Right,SGP Goal,,,,
Malaysia,SGPvsMAS_15122025,642.1941772,28.00371983600155,SGP CPA,10,Center Mid Attack,WA,Attacking Right Pocket,GA,Circle Edge,YES,,,"Q1, Q1, Q1",GS,Inner Middle,SGP Goal,,,,
Malaysia,SGPvsMAS_15122025,731.4923699489902,50.50528351500009,SGP CPA,11,Center Left Defense,WD,Center Left Attack,C,"Circle Edge, Inside Circle","YES, YES",,,"Q1, Q1, Q1, Q1, Q1",GA,Inner Right,OPP Goal,,,,
Malaysia,SGPvsMAS_15122025,814.8938096779884,49.10160096698064,SGP CPA,12,Center Left Attack,GA,Center Left Attack,WD,"Circle Edge, Circle Edge","YES, YES",,,"Q1, Q1, Q1, Q1",GS,Inner Right,SGP Goal,,,,
Malaysia,SGPvsMAS_15122025,878.5927058029984,28.704965458001766,SGP CPA,13,Center Left Attack,Not Taken,,,Outside Circle,YES,,,"Q1, Q1, Q1, Q1",GS,Inner Middle,OPP Goal,,,,
Malaysia,SGPvsMAS_15122025,943.1931662119937,11.246211565784051,SGP CPA,14,Center Mid Attack,GA,Attacking Right Pocket,C,Circle Edge,YES,,,"Q1, Q1",,,,,,,
Malaysia,SGPvsMAS_15122025,984.6906655499944,36.008842404987945,SGP CPA,15,Center Right Defense,GD,,Not Taken,"Outside Circle, Circle Edge","YES, YES",,,"Q2, Q2, Q2, Q2",GS,Inner Middle,SGP Goal,,,,
Malaysia,SGPvsMAS_15122025,1042.994865515993,25.90367534700249,SGP CPA,16,Center Mid Attack,GA,Center Right Attack,WA,Circle Edge,YES,,,"Q2, Q2, Q2",GA,Outer Middle,SGP Goal,,,,
Malaysia,SGPvsMAS_15122025,1079.3924061949847,18.604783382978894,SGP CPA,17,Center Right Attack,GA,Attacking Left,C,"Circle Edge, Circle Edge","YES, YES",,,"Q2, Q2, Q2, Q2",GA,Inner Middle,SGP Goal,,,,
Malaysia,SGPvsMAS_15122025,1129.0954099589944,26.30332800100541,SGP CPA,18,Center Mid Defense,WD,Center Left Attack,GA,Circle Edge,YES,,,"Q2, Q2, Q2",GA,Outer Right,SGP Goal,,,,
Malaysia,SGPvsMAS_15122025,1169.3939930499998,17.304107171971282,SGP CPA,19,,Not Taken,,,"Circle Edge, Inside Circle","YES, YES",,,"Q2, Q2, Q2, Q2",GA,Inner Left,SGP Goal,,,,
Malaysia,SGPvsMAS_15122025,1213.7922257689966,20.005880861998776,SGP CPA,20,Center Mid Attack,WA,Attacking D,GS,Outside Circle,YES,,,"Q2, Q2, Q2",GS,Inner Middle,SGP Goal,,,,
Malaysia,SGPvsMAS_15122025,1270.3943238849918,36.90347121,SGP CPA,21,Center Right Attack,Not Taken,,,"Circle Edge, Inside Circle","YES, YES",,,"Q2, Q2, Q2, Q2",GS,Inner Middle,SGP Goal,,,,
Malaysia,SGPvsMAS_15122025,1350.7926892409812,26.00490847200126,SGP CPA,22,Center Left Attack,WA,Attacking Left Pocket,Not Taken,"Outside Circle, Inside Circle","YES, YES",,,"Q2, Q2, Q2, Q2",GS,Inner Left,SGP Goal,,,,
Malaysia,SGPvsMAS_15122025,1411.4902009899606,85.70832325603556,SGP CPA,23,Center Mid Attack,GA,,Not Taken,"Circle Edge, Circle Edge, Circle Edge, Circle Edge, Outside Circle","YES, YES, YES, YES, YES",,,"Q2, Q2, Q2, Q2, Q2, Q2, Q2, Q2, Q2, Q2","GA, GA, GS","Outer Right, Outer Right, Inner Right","SGP Miss, SGP Miss, OPP Goal",,,,
Malaysia,SGPvsMAS_15122025,1531.597719908004,23.40162632798024,SGP CPA,24,Center Right Attack,GA,Attacking Right,WA,,,,,"Q2, Q2",GS,Inner Right,SGP Goal,,,,
Malaysia,SGPvsMAS_15122025,1621.691063057967,33.40488852501994,SGP CPA,25,Center Mid Defense,GD,,Not Taken,"Outside Circle, Inside Circle","YES, YES",,,"Q2, Q2, Q2, Q2",GS,Inner Left,SGP Goal,,,,
Malaysia,SGPvsMAS_15122025,1677.1939110860133,27.702713851977705,SGP CPA,26,Center Mid Attack,Not Taken,,,Circle Edge,YES,,,"Q2, Q2, Q2",GA,Inner Middle,SGP Goal,,,,
Malaysia,SGPvsMAS_15122025,1728.9928634639816,12.202485880001632,SGP CPA,27,Center Right Attack,WA,Attacking Middle,GS,Circle Edge,YES,,,"Q2, Q2, Q2",GA,Inner Right,SGP Goal,,,,
Malaysia,SGPvsMAS_15122025,1771.691520168978,22.20444978401747,SGP CPA,28,Center Left Attack,GA,,Not Taken,Circle Edge,YES,,,"Q2, Q2, Q2",GS,Inner Right,SGP Goal,,,,
Malaysia,SGPvsMAS_15122025,1813.5960014489838,29.301323980997722,SGP CPA,29,Center Mid Attack,WA,,Not Taken,"Circle Edge, Circle Edge","YES, YES",,,"Q2, Q2, Q2, Q2",GS,Inner Left,SGP Goal,,,,
Malaysia,SGPvsMAS_15122025,1860.790841434995,58.889280787227335,SGP CPA,30,Center Mid Attack,WA,,Not Taken,"Circle Edge, Outside Circle","YES, NO",,,"Q2, Q2, Q2, Q2, Q2, Q2, Q2",GA,Outer Right,SGP Miss,,,,
Malaysia,SGPvsMAS_15122025,1959.5944886049924,32.30406118101541,SGP CPA,31,Center Right Attack,Not Taken,,,Circle Edge,YES,,,"Q3, Q3, Q3, Q3","GA, GS","Inner Middle, Inner Right","SGP Miss, SGP Goal",,,,
Malaysia,SGPvsMAS_15122025,2018.2942492720006,19.404466187987055,SGP CPA,32,Center Left Attack,WA,Attacking Left Pocket,C,"Circle Edge, Inside Circle","YES, YES",,,"Q3, Q3, Q3, Q3",GS,Inner Middle,SGP Goal,,,,
Malaysia,SGPvsMAS_15122025,2063.7955435929625,27.70292942404967,SGP CPA,33,Center Mid Attack,GA,Attacking Right Pocket,WA,"Circle Edge, Circle Edge","NO, YES",,,"Q3, Q3, Q3, Q3",GS,Inner Left,SGP Goal,,,,
Malaysia,SGPvsMAS_15122025,2116.293746674997,26.504324479981733,SGP CPA,34,Center Mid Defense,WD,Center Left Attack,WA,Circle Edge,YES,,,"Q3, Q3, Q3",GS,Inner Right,SGP Goal,,,,
Malaysia,SGPvsMAS_15122025,2177.2933185809993,33.50448541498963,SGP CPA,35,Center Left Attack,GA,Attacking Left,C,"Circle Edge, Inside Circle","YES, YES",,,"Q3, Q3, Q3, Q3",GS,Inner Left,SGP Goal,,,,
Malaysia,SGPvsMAS_15122025,2225.095111808981,19.20304060399667,SGP CPA,36,Center Left Attack,WA,Center Mid Attack,GD,Outside Circle,YES,,,"Q3, Q3, Q3",GS,Inner Middle,SGP Goal,,,,
Malaysia,SGPvsMAS_15122025,2290.8067555555554,125.2917496,SGP CPA,37,,Not Taken,,,"Outside Circle, Circle Edge, Circle Edge, Outside Circle, Circle Edge","YES, YES, YES, YES, YES",,,"Q3, Q3, Q3, Q3, Q3, Q3, Q3, Q3, Q3, Q3, Q3, Q3, Q3","GA, GS, GA","Outer Right, Inner Left, Inner Right","SGP Miss, OPP Miss, SGP Goal",,,,
Malaysia,SGPvsMAS_15122025,2469.9925163209773,20.005684208008915,SGP CPA,38,Center Right Attack,WA,Attacking Middle,C,"Outside Circle, Circle Edge","NO, YES",,,"Q3, Q3, Q3, Q3",GA,Inner Left,SGP Goal,,,,
Malaysia,SGPvsMAS_15122025,2532.8938836359775,36.405155655992075,SGP CPA,39,Center Left Attack,GA,,Not Taken,"Circle Edge, Circle Edge","NO, YES",,,"Q3, Q3, Q3, Q3",GS,Inner Middle,SGP Goal,,,,
Malaysia,SGPvsMAS_15122025,2587.490502475981,53.20922635600573,SGP CPA,40,Center Right Attack,GA,,Not Taken,Circle Edge,YES,,,"Q3, Q3, Q3",GS,Inner Right,SGP Goal,,,,
Malaysia,SGPvsMAS_15122025,2656.894636980992,58.40265762999206,SGP CPA,41,Center Mid Defense,GD,Center Left Defense,C,"Outside Circle, Circle Edge, Circle Edge","YES, YES, YES",,,"Q3, Q3, Q3, Q3, Q3, Q3, Q3","GA, GS","Outer Middle, Inner Right","SGP Miss, OPP Goal",,,,
Malaysia,SGPvsMAS_15122025,2823.3937609229724,28.803789039022377,SGP CPA,42,Center Left Attack,GA,,Not Taken,"Circle Edge, Inside Circle","YES, YES",,,"Q3, Q3, Q3, Q3",GS,Inner Left,SGP Goal,,,,
Malaysia,SGPvsMAS_15122025,2887.1986125420062,42.16495412466065,SGP CPA,43,Center Right Attack,GD,Attacking Right,C,"Circle Edge, Circle Edge","YES, YES",,,"Q3, Q3, Q3, Q3, Q3",GS,Outer Right,OPP Goal,,,,
Malaysia,SGPvsMAS_15122025,2996.3887127439857,28.51030662,SGP CPA,44,Center Mid Attack,Not Taken,,,Circle Edge,YES,,,"Q4, Q4, Q4",GS,Inner Right,SGP Goal,,,,
Malaysia,SGPvsMAS_15122025,3056.9920780910015,31.606326092997733,SGP CPA,45,Center Right Attack,GA,Attacking Middle,C,"Outside Circle, Circle Edge, Inside Circle","YES, YES, YES",,,"Q4, Q4, Q4, Q4, Q4",GS,Inner Right,SGP Goal,,,,
Malaysia,SGPvsMAS_15122025,3115.6933592809805,23.304917996007134,SGP CPA,46,Center Left Attack,GA,Center Left Attack,WD,"Outside Circle, Inside Circle","YES, YES",,,"Q4, Q4, Q4, Q4",GA,Outer Left,SGP Goal,,,,
Malaysia,SGPvsMAS_15122025,3226.3930127039716,21.20505130303127,SGP CPA,47,Center Left Attack,WD,,Not Taken,Circle Edge,YES,,,"Q4, Q4, Q4",GS,Inner Right,SGP Goal,,,,
Malaysia,SGPvsMAS_15122025,3278.2980121459896,19.999417582993374,SGP CPA,48,Center Mid Attack,WA,Center Right Attack,GD,Circle Edge,YES,,,"Q4, Q4, Q4",GA,Inner Right,SGP Goal,,,,
Malaysia,SGPvsMAS_15122025,3361.8926089079723,21.50739877303431,SGP CPA,49,Center Left Attack,GA,Center Left Defense,WD,Circle Edge,YES,,,"Q4, Q4, Q4",GA,Outer Left,SGP Goal,,,,
Malaysia,SGPvsMAS_15122025,3443.392381462965,25.305916890014032,SGP CPA,50,Center Right Attack,GA,Attacking D,GS,"Outside Circle, Circle Edge, Inside Circle","YES, YES, YES",,,"Q4, Q4, Q4, Q4, Q4",GS,Inner Right,SGP Goal,,,,
Malaysia,SGPvsMAS_15122025,3484.8923957169936,80.21911539411758,SGP CPA,51,,,,,"Circle Edge, Circle Edge, Inside Circle","YES, YES, YES",,,"Q4, Q4, Q4, Q4, Q4, Q4, Q4","GS, GS","Outer Right, Inner Right","SGP Miss, OPP Goal",,,,
Malaysia,SGPvsMAS_15122025,3603.193301548995,51.10463473,SGP CPA,52,,Not Taken,,,"Inside Circle, Circle Edge","NO, YES",,,"Q4, Q4, Q4, Q4, Q4",GA,Inner Right,OPP Goal,,,,
Malaysia,SGPvsMAS_15122025,3697.5972457549924,22.50181797198593,SGP CPA,53,Center Right Attack,GA,Attacking Right Pocket,WA,Circle Edge,YES,,,"Q4, Q4, Q4",GS,Inner Right,SGP Goal,,,,
Malaysia,SGPvsMAS_15122025,3775.095247912963,15.402821037015201,SGP CPA,54,Center Mid Attack,GA,Attacking Right Pocket,WA,Circle Edge,YES,,,"Q4, Q4, Q4",GA,Outer Right,SGP Goal,,,,
Malaysia,SGPvsMAS_15122025,3815.687867437973,19.011155482014146,SGP CPA,55,Center Right Defense,WA,Center Mid Attack,WD,Circle Edge,YES,,,"Q4, Q4, Q4",GS,Inner Right,SGP Goal,,,,
Malaysia,SGPvsMAS_15122025,3857.994824563984,27.902818709011626,SGP CPA,56,,Not Taken,,,"Circle Edge, Inside Circle","YES, YES",,,"Q4, Q4, Q4, Q4, Q4",GS,Inner Middle,OPP Goal,,,,
Malaysia,SGPvsMAS_15122025,3908.7919026399954,21.38923069333805,SGP CPA,57,Center Right Attack,WA,Center Right Attack,WD,"Circle Edge, Inside Circle","YES, YES",,,"Q4, Q4, Q4, Q4",GS,Inner Left,SGP Goal,,,,
Malaysia,SGPvsMAS_15122025,3957.4931797299946,23.039220270005444,SGP CPA,58,Center Right Attack,WA,Center Mid Attack,C,"Circle Edge, Inside Circle","YES, YES",,,"Q4, Q4, Q4, Q4",GS,Outer Middle,SGP Goal,,,,
Malaysia,SGPvsMAS_15122025,53.090256731973845,21.506951495025014,SGP DCPA,1,Center Left Attack,WD,Center Left Attack,Not Taken,,,,,"Q1, Q1",GS,Inner Left,SGP Goal,,,,
Malaysia,SGPvsMAS_15122025,95.49448919300364,24.058944140329686,SGP DCPA,2,Center Right Attack,GA,Center Right Attack,WA,Circle Edge,YES,,,"Q1, Q1, Q1",GS,Inner Middle,SGP Goal,,,,
Malaysia,SGPvsMAS_15122025,149.6964168049846,15.701475346997569,SGP DCPA,3,Center Left Attack,GA,Attacking Left,WA,"Outside Circle, Circle Edge","YES, YES",,,"Q1, Q1, Q1, Q1",GS,Inner Right,SGP Goal,,,,
Malaysia,SGPvsMAS_15122025,226.79249306300477,26.30493728299561,SGP DCPA,4,Center Right Defense,GD,,GK,Circle Edge,YES,,,"Q1, Q1, Q1",GA,Inner Left,SGP Goal,,,,
Malaysia,SGPvsMAS_15122025,280.5944033990008,6.367985489888099,SGP DCPA,5,Center Left Attack,GA,,Not Taken,,,,,Q1,,,,,,,
Malaysia,SGPvsMAS_15122025,344.39385724198655,29.004070012009834,SGP DCPA,6,Center Mid Defense,WD,Center Mid Defense,GD,,,,,"Q1, Q1",GS,Outer Left,SGP Goal,,,,
Malaysia,SGPvsMAS_15122025,396.6923071909917,19.84284836456385,SGP DCPA,7,Center Right Attack,GA,Center Right Attack,C,Circle Edge,YES,,,"Q1, Q1, Q1",GA,Inner Right,SGP Miss,,,,
Malaysia,SGPvsMAS_15122025,508.2951245029747,4.4811532748030345,SGP DCPA,8,Center Left Attack,GA,Center Left Attack,C,Outside Circle,NO,,,"Q1, Q1",,,,,,,
Malaysia,SGPvsMAS_15122025,567.0943265479794,39.00408244700111,SGP DCPA,9,Center Left Attack,GA,,Not Taken,,,,,"Q1, Q1",GS,Inner Right,SGP Goal,,,,
Malaysia,SGPvsMAS_15122025,642.1941772,28.00371983600155,SGP DCPA,10,Center Mid Attack,WA,Attacking Right Pocket,GA,Circle Edge,YES,,,"Q1, Q1, Q1",GS,Inner Middle,SGP Goal,,,,
Malaysia,SGPvsMAS_15122025,731.4923699489902,13.00553083599516,SGP DCPA,11,Center Left Defense,"GD, WD",Center Left Attack,C,,,,,Q1,,,,,,,
Malaysia,SGPvsMAS_15122025,814.8938096779884,49.10160096698064,SGP DCPA,12,Center Left Attack,GA,Center Left Attack,WD,"Circle Edge, Circle Edge","YES, YES",,,"Q1, Q1, Q1, Q1",GS,Inner Right,SGP Goal,,,,
Malaysia,SGPvsMAS_15122025,878.5927058029984,14.105709972971454,SGP DCPA,13,Center Left Attack,Not Taken,,,,,,,Q1,,,,,,,
Malaysia,SGPvsMAS_15122025,943.1931662119937,11.246211565784051,SGP DCPA,14,Center Mid Attack,GA,Attacking Right Pocket,C,Circle Edge,YES,,,"Q1, Q1",,,,,,,
Malaysia,SGPvsMAS_15122025,984.6906655499944,36.008842404987945,SGP DCPA,15,Center Right Defense,GD,,Not Taken,"Outside Circle, Circle Edge","YES, YES",,,"Q2, Q2, Q2, Q2",GS,Inner Middle,SGP Goal,,,,
Malaysia,SGPvsMAS_15122025,1042.994865515993,25.90367534700249,SGP DCPA,16,Center Mid Attack,GA,Center Right Attack,WA,Circle Edge,YES,,,"Q2, Q2, Q2",GA,Outer Middle,SGP Goal,,,,
Malaysia,SGPvsMAS_15122025,1079.3924061949847,18.604783382978894,SGP DCPA,17,Center Right Attack,GA,Attacking Left,C,"Circle Edge, Circle Edge","YES, YES",,,"Q2, Q2, Q2, Q2",GA,Inner Middle,SGP Goal,,,,
Malaysia,SGPvsMAS_15122025,1129.0954099589944,26.30332800100541,SGP DCPA,18,Center Mid Defense,WD,Center Left Attack,GA,Circle Edge,YES,,,"Q2, Q2, Q2",GA,Outer Right,SGP Goal,,,,
Malaysia,SGPvsMAS_15122025,1169.3939930499998,17.304107171971282,SGP DCPA,19,,Not Taken,,,"Circle Edge, Inside Circle","YES, YES",,,"Q2, Q2, Q2, Q2",GA,Inner Left,SGP Goal,,,,
Malaysia,SGPvsMAS_15122025,1213.7922257689966,20.005880861998776,SGP DCPA,20,Center Mid Attack,WA,Attacking D,GS,Outside Circle,YES,,,"Q2, Q2, Q2",GS,Inner Middle,SGP Goal,,,,
Malaysia,SGPvsMAS_15122025,1270.3943238849918,36.90347121,SGP DCPA,21,Center Right Attack,Not Taken,,,"Circle Edge, Inside Circle","YES, YES",,,"Q2, Q2, Q2, Q2",GS,Inner Middle,SGP Goal,,,,
Malaysia,SGPvsMAS_15122025,1350.7926892409812,26.00490847200126,SGP DCPA,22,Center Left Attack,WA,Attacking Left Pocket,Not Taken,"Outside Circle, Inside Circle","YES, YES",,,"Q2, Q2, Q2, Q2",GS,Inner Left,SGP Goal,,,,
Malaysia,SGPvsMAS_15122025,1411.4902009899606,43.54537678781708,SGP DCPA,23,Center Mid Attack,GA,,Not Taken,"Circle Edge, Circle Edge, Circle Edge","YES, YES, YES",,,"Q2, Q2, Q2, Q2, Q2, Q2","GA, GA","Outer Right, Outer Right","SGP Miss, SGP Miss",,,,
Malaysia,SGPvsMAS_15122025,1531.597719908004,23.40162632798024,SGP DCPA,24,Center Right Attack,GA,Attacking Right,WA,,,,,"Q2, Q2",GS,Inner Right,SGP Goal,,,,
Malaysia,SGPvsMAS_15122025,1621.691063057967,33.40488852501994,SGP DCPA,25,Center Mid Defense,GD,,Not Taken,"Outside Circle, Inside Circle","YES, YES",,,"Q2, Q2, Q2, Q2",GS,Inner Left,SGP Goal,,,,
Malaysia,SGPvsMAS_15122025,1677.1939110860133,27.702713851977705,SGP DCPA,26,Center Mid Attack,Not Taken,,,Circle Edge,YES,,,"Q2, Q2, Q2",GA,Inner Middle,SGP Goal,,,,
Malaysia,SGPvsMAS_15122025,1728.9928634639816,12.202485880001632,SGP DCPA,27,Center Right Attack,WA,Attacking Middle,GS,Circle Edge,YES,,,"Q2, Q2, Q2",GA,Inner Right,SGP Goal,,,,
Malaysia,SGPvsMAS_15122025,1771.691520168978,22.20444978401747,SGP DCPA,28,Center Left Attack,GA,,Not Taken,Circle Edge,YES,,,"Q2, Q2, Q2",GS,Inner Right,SGP Goal,,,,
Malaysia,SGPvsMAS_15122025,1813.5960014489838,29.301323980997722,SGP DCPA,29,Center Mid Attack,WA,,Not Taken,"Circle Edge, Circle Edge","YES, YES",,,"Q2, Q2, Q2, Q2",GS,Inner Left,SGP Goal,,,,
Malaysia,SGPvsMAS_15122025,1860.790841434995,23.507177279995176,SGP DCPA,30,Center Mid Attack,WA,,Not Taken,Circle Edge,YES,,,"Q2, Q2, Q2",GA,Outer Right,SGP Miss,,,,
Malaysia,SGPvsMAS_15122025,1959.5944886049924,32.30406118101541,SGP DCPA,31,Center Right Attack,Not Taken,,,Circle Edge,YES,,,"Q3, Q3, Q3, Q3","GA, GS","Inner Middle, Inner Right","SGP Miss, SGP Goal",,,,
Malaysia,SGPvsMAS_15122025,2018.2942492720006,19.404466187987055,SGP DCPA,32,Center Left Attack,WA,Attacking Left Pocket,C,"Circle Edge, Inside Circle","YES, YES",,,"Q3, Q3, Q3, Q3",GS,Inner Middle,SGP Goal,,,,
Malaysia,SGPvsMAS_15122025,2063.7955435929625,27.70292942404967,SGP DCPA,33,Center Mid Attack,GA,Attacking Right Pocket,WA,"Circle Edge, Circle Edge","NO, YES",,,"Q3, Q3, Q3, Q3",GS,Inner Left,SGP Goal,,,,
Malaysia,SGPvsMAS_15122025,2116.293746674997,26.504324479981733,SGP DCPA,34,Center Mid Defense,WD,Center Left Attack,WA,Circle Edge,YES,,,"Q3, Q3, Q3",GS,Inner Right,SGP Goal,,,,
Malaysia,SGPvsMAS_15122025,2177.2933185809993,33.50448541498963,SGP DCPA,35,Center Left Attack,GA,Attacking Left,C,"Circle Edge, Inside Circle","YES, YES",,,"Q3, Q3, Q3, Q3",GS,Inner Left,SGP Goal,,,,
Malaysia,SGPvsMAS_15122025,2225.095111808981,19.20304060399667,SGP DCPA,36,Center Left Attack,WA,Center Mid Attack,GD,Outside Circle,YES,,,"Q3, Q3, Q3",GS,Inner Middle,SGP Goal,,,,
Malaysia,SGPvsMAS_15122025,2290.8067555555554,5.291595386424888,SGP DCPA,37,,Not Taken,,,,,,,Q3,,,,,,,
Malaysia,SGPvsMAS_15122025,2469.9925163209773,20.005684208008915,SGP DCPA,38,Center Right Attack,WA,Attacking Middle,C,"Outside Circle, Circle Edge","NO, YES",,,"Q3, Q3, Q3, Q3",GA,Inner Left,SGP Goal,,,,
Malaysia,SGPvsMAS_15122025,2532.8938836359775,36.405155655992075,SGP DCPA,39,Center Left Attack,GA,,Not Taken,"Circle Edge, Circle Edge","NO, YES",,,"Q3, Q3, Q3, Q3",GS,Inner Middle,SGP Goal,,,,
Malaysia,SGPvsMAS_15122025,2587.490502475981,53.20922635600573,SGP DCPA,40,Center Right Attack,GA,,Not Taken,Circle Edge,YES,,,"Q3, Q3, Q3",GS,Inner Right,SGP Goal,,,,
Malaysia,SGPvsMAS_15122025,2656.894636980992,26.574674130119092,SGP DCPA,41,Center Mid Defense,GD,Center Left Defense,C,"Outside Circle, Circle Edge","YES, YES",,,"Q3, Q3, Q3, Q3",GA,Outer Middle,SGP Miss,,,,
Malaysia,SGPvsMAS_15122025,2823.3937609229724,28.803789039022377,SGP DCPA,42,Center Left Attack,GA,,Not Taken,"Circle Edge, Inside Circle","YES, YES",,,"Q3, Q3, Q3, Q3",GS,Inner Left,SGP Goal,,,,
Malaysia,SGPvsMAS_15122025,2887.1986125420062,10.883835559993713,SGP DCPA,43,Center Right Attack,GD,Attacking Right,C,,,,,Q3,,,,,,,
Malaysia,SGPvsMAS_15122025,2996.3887127439857,28.51030662,SGP DCPA,44,Center Mid Attack,Not Taken,,,Circle Edge,YES,,,"Q4, Q4, Q4",GS,Inner Right,SGP Goal,,,,
Malaysia,SGPvsMAS_15122025,3056.9920780910015,31.606326092997733,SGP DCPA,45,Center Right Attack,GA,Attacking Middle,C,"Outside Circle, Circle Edge, Inside Circle","YES, YES, YES",,,"Q4, Q4, Q4, Q4, Q4",GS,Inner Right,SGP Goal,,,,
Malaysia,SGPvsMAS_15122025,3115.6933592809805,23.304917996007134,SGP DCPA,46,Center Left Attack,GA,Center Left Attack,WD,"Outside Circle, Inside Circle","YES, YES",,,"Q4, Q4, Q4, Q4",GA,Outer Left,SGP Goal,,,,
Malaysia,SGPvsMAS_15122025,3226.3930127039716,21.20505130303127,SGP DCPA,47,Center Left Attack,WD,,Not Taken,Circle Edge,YES,,,"Q4, Q4, Q4",GS,Inner Right,SGP Goal,,,,
Malaysia,SGPvsMAS_15122025,3278.2980121459896,19.999417582993374,SGP DCPA,48,Center Mid Attack,WA,Center Right Attack,GD,Circle Edge,YES,,,"Q4, Q4, Q4",GA,Inner Right,SGP Goal,,,,
Malaysia,SGPvsMAS_15122025,3361.8926089079723,21.50739877303431,SGP DCPA,49,Center Left Attack,GA,Center Left Defense,WD,Circle Edge,YES,,,"Q4, Q4, Q4",GA,Outer Left,SGP Goal,,,,
Malaysia,SGPvsMAS_15122025,3443.392381462965,25.305916890014032,SGP DCPA,50,Center Right Attack,GA,Attacking D,GS,"Outside Circle, Circle Edge, Inside Circle","YES, YES, YES",,,"Q4, Q4, Q4, Q4, Q4",GS,Inner Right,SGP Goal,,,,
Malaysia,SGPvsMAS_15122025,3484.8923957169936,54.35539317189523,SGP DCPA,51,,,,,Circle Edge,YES,,,"Q4, Q4, Q4",GS,Outer Right,SGP Miss,,,,
Malaysia,SGPvsMAS_15122025,3603.193301548995,5.996687339893924,SGP DCPA,52,,Not Taken,,,,,,,Q4,,,,,,,
Malaysia,SGPvsMAS_15122025,3697.5972457549924,22.50181797198593,SGP DCPA,53,Center Right Attack,GA,Attacking Right Pocket,WA,Circle Edge,YES,,,"Q4, Q4, Q4",GS,Inner Right,SGP Goal,,,,
Malaysia,SGPvsMAS_15122025,3775.095247912963,15.402821037015201,SGP DCPA,54,Center Mid Attack,GA,Attacking Right Pocket,WA,Circle Edge,YES,,,"Q4, Q4, Q4",GA,Outer Right,SGP Goal,,,,
Malaysia,SGPvsMAS_15122025,3815.687867437973,19.011155482014146,SGP DCPA,55,Center Right Defense,WA,Center Mid Attack,WD,Circle Edge,YES,,,"Q4, Q4, Q4",GS,Inner Right,SGP Goal,,,,
Malaysia,SGPvsMAS_15122025,3857.994824563984,13.503372893989308,SGP DCPA,56,,Not Taken,,,,,,,Q4,,,,,,,
Malaysia,SGPvsMAS_15122025,3908.7919026399954,21.38923069333805,SGP DCPA,57,Center Right Attack,WA,Center Right Attack,WD,"Circle Edge, Inside Circle","YES, YES",,,"Q4, Q4, Q4, Q4",GS,Inner Left,SGP Goal,,,,
Malaysia,SGPvsMAS_15122025,3957.4931797299946,23.039220270005444,SGP DCPA,58,Center Right Attack,WA,Center Mid Attack,C,"Circle Edge, Inside Circle","YES, YES",,,"Q4, Q4, Q4, Q4",GS,Outer Middle,SGP Goal,,,,
Malaysia,SGPvsMAS_15122025,108.39772249798271,5.199275573003064,SGP Feed,1,,,,,Circle Edge,YES,,Angelina Lim,Q1,,,,,,,
Malaysia,SGPvsMAS_15122025,134.55068888888889,5,SGP Feed,2,,,,,Circle Edge,YES,,Angelina Lim,Q1,,,,,,,
Malaysia,SGPvsMAS_15122025,151.99136666666666,5,SGP Feed,3,,,,,Outside Circle,YES,,Angelina Lim,Q1,,,,,,,
Malaysia,SGPvsMAS_15122025,155.48982401398598,5.132374266977877,SGP Feed,4,,,,,Circle Edge,YES,,Rachel Ling,Q1,,,,,,,
Malaysia,SGPvsMAS_15122025,215.69406178198432,5.120759098008449,SGP Feed,5,,,,,Circle Edge,YES,,Rachel Ling,Q1,,,,,,,
Malaysia,SGPvsMAS_15122025,241.99238309297002,5.125022090014198,SGP Feed,6,,,,,Circle Edge,YES,,Rachel Ling,Q1,,,,,,,
Malaysia,SGPvsMAS_15122025,281.6938051850135,5.2000070559697065,SGP Feed,7,,,,,Outside Circle,NO,,Toh Kai Wei,Q1,,,,,,,
Malaysia,SGPvsMAS_15122025,302.29321596099425,5.217205904985292,SGP Feed,8,,,,,Outside Circle,YES,,Rachel Ling,Q1,,,,,,,
Malaysia,SGPvsMAS_15122025,304.1901246299796,5.199590438020323,SGP Feed,9,,,,,Circle Edge,YES,,Angelina Lim,Q1,,,,,,,
Malaysia,SGPvsMAS_15122025,402.39258708498323,5.131429638024542,SGP Feed,10,,,,,Circle Edge,YES,,Angelina Lim,Q1,,,,,,,
Malaysia,SGPvsMAS_15122025,494.69273429499117,5.201393291,SGP Feed,11,,,,,Circle Edge,YES,,Angelina Lim,Q1,,,,,,,
Malaysia,SGPvsMAS_15122025,507.77627777777775,5,SGP Feed,12,,,,,Outside Circle,NO,,Rachel Ling,Q1,,,,,,,
Malaysia,SGPvsMAS_15122025,651.6939454849908,5.181885256001237,SGP Feed,13,,,,,Circle Edge,YES,,Rachel Ling,Q1,,,,,,,
Malaysia,SGPvsMAS_15122025,851.3874011589899,5.307222060993581,SGP Feed,14,,,,,Circle Edge,YES,,Rachel Ling,Q1,,,,,,,
Malaysia,SGPvsMAS_15122025,852.8908061979791,5.203716748024135,SGP Feed,15,,,,,Circle Edge,YES,,Rachel Ling,Q1,,,,,,,
Malaysia,SGPvsMAS_15122025,945.5716666666667,5,SGP Feed,16,,,,,Circle Edge,YES,,Rachel Ling,Q1,,,,,,,
Malaysia,SGPvsMAS_15122025,996.8910197539905,5.203909924997333,SGP Feed,17,,,,,Outside Circle,YES,,Toh Kai Wei,Q2,,,,,,,
Malaysia,SGPvsMAS_15122025,1000.2949166399843,5.294466383011354,SGP Feed,18,,,,,Circle Edge,YES,,Toh Kai Wei,Q2,,,,,,,
Malaysia,SGPvsMAS_15122025,1058.7928992889745,5.093067340035759,SGP Feed,19,,,,,Circle Edge,YES,,Toh Kai Wei,Q2,,,,,,,
Malaysia,SGPvsMAS_15122025,1082.495504078969,4.983960390032735,SGP Feed,20,,,,,Circle Edge,YES,,Rachel Ling,Q2,,,,,,,
Malaysia,SGPvsMAS_15122025,1086.7007119939835,4.997469558002194,SGP Feed,21,,,,,Circle Edge,YES,,Rachel Ling,Q2,,,,,,,
Malaysia,SGPvsMAS_15122025,1145.1941636959689,5.132324245022119,SGP Feed,22,,,,,Circle Edge,YES,,Rachel Ling,Q2,,,,,,,
Thailand,SGPvsTHA_141225,2882.8389555555555,10,SGP Shot,56,,,,,,,,Amandeep Chahal,Q3,GA,Inner Middle,SGP Miss,,,,
Malaysia,SGPvsMAS_15122025,1176.8924205699896,5.197662715002934,SGP Feed,24,,,,,Inside Circle,YES,,Lee Pei Shan,Q2,,,,,,,
Malaysia,SGPvsMAS_15122025,1214.7206888888888,5,SGP Feed,25,,,,,Outside Circle,YES,,Toh Kai Wei,Q2,,,,,,,
Malaysia,SGPvsMAS_15122025,1293.794766092984,5.197297899,SGP Feed,26,,,,,Circle Edge,YES,,Toh Kai Wei,Q2,,,,,,,
Malaysia,SGPvsMAS_15122025,1296.7938556199892,5.310901360995331,SGP Feed,27,,,,,Inside Circle,YES,,Amandeep Chahal,Q2,,,,,,,
Malaysia,SGPvsMAS_15122025,1332.395834693006,5.197941872,SGP Feed,28,,,,,Circle Edge,YES,,Rachel Ling,Q2,,,,,,,
Malaysia,SGPvsMAS_15122025,1336.5960747909971,5.197420441979375,SGP Feed,29,,,,,Circle Edge,YES,,Toh Kai Wei,Q2,,,,,,,
Malaysia,SGPvsMAS_15122025,1365.6932456490042,5.099818962980407,SGP Feed,30,,,,,Outside Circle,YES,,Toh Kai Wei,Q2,,,,,,,
Malaysia,SGPvsMAS_15122025,1367.193228513004,5.311433406983497,SGP Feed,31,,,,,Inside Circle,YES,,Amandeep Chahal,Q2,,,,,,,
Malaysia,SGPvsMAS_15122025,1417.6912280490126,5.199255081990941,SGP Feed,32,,,,,Circle Edge,YES,,Rachel Ling,Q2,,,,,,,
Malaysia,SGPvsMAS_15122025,1419.4930273950074,5.205111439960774,SGP Feed,33,,,,,Circle Edge,YES,,Rachel Ling,Q2,,,,,,,
Malaysia,SGPvsMAS_15122025,1445.5935719939891,5.087560104990644,SGP Feed,34,,,,,Circle Edge,YES,,Rachel Ling,Q2,,,,,,,
Malaysia,SGPvsMAS_15122025,1610.0937371769767,5.201418429,SGP Feed,35,,,,,Circle Edge,YES,,Toh Kai Wei,Q2,,,,,,,
Malaysia,SGPvsMAS_15122025,1640.748,5,SGP Feed,36,,,,,Outside Circle,YES,,Toh Kai Wei,Q2,,,,,,,
Malaysia,SGPvsMAS_15122025,1644.7434888888888,5,SGP Feed,37,,,,,Inside Circle,YES,,Amandeep Chahal,Q2,,,,,,,
Malaysia,SGPvsMAS_15122025,1694.4324333333334,5,SGP Feed,38,,,,,Circle Edge,YES,,Rachel Ling,Q2,,,,,,,
Malaysia,SGPvsMAS_15122025,1731.5926878770156,5.104784349985266,SGP Feed,39,,,,,Circle Edge,YES,,Lee Pei Shan,Q2,,,,,,,
Malaysia,SGPvsMAS_15122025,1783.892425623997,4.997874296997907,SGP Feed,40,,,,,Circle Edge,YES,,Amandeep Chahal,Q2,,,,,,,
Malaysia,SGPvsMAS_15122025,1821.5927444444444,5,SGP Feed,41,,,,,Circle Edge,YES,,Rachel Ling,Q2,,,,,,,
Malaysia,SGPvsMAS_15122025,1832.6939903359953,5.113950455975555,SGP Feed,42,,,,,Circle Edge,YES,,Toh Kai Wei,Q2,,,,,,,
Malaysia,SGPvsMAS_15122025,1874.1894537869878,5.007763233006699,SGP Feed,43,,,,,Circle Edge,YES,,Toh Kai Wei,Q2,,,,,,,
Malaysia,SGPvsMAS_15122025,1977.4299888888888,5,SGP Feed,44,,,,,Circle Edge,YES,,Toh Kai Wei,Q3,,,,,,,
Malaysia,SGPvsMAS_15122025,2022.4166777777777,5,SGP Feed,45,,,,,Circle Edge,YES,,Rachel Ling,Q3,,,,,,,
Malaysia,SGPvsMAS_15122025,2026.192049517002,5.103699268,SGP Feed,46,,,,,Inside Circle,YES,,Amandeep Chahal,Q3,,,,,,,
Malaysia,SGPvsMAS_15122025,2070.1469,5,SGP Feed,47,,,,,Circle Edge,NO,,Toh Kai Wei,Q3,,,,,,,
Malaysia,SGPvsMAS_15122025,2078.6933183019955,5.302211390981483,SGP Feed,48,,,,,Circle Edge,YES,,Rachel Ling,Q3,,,,,,,
Malaysia,SGPvsMAS_15122025,2132.8618444444446,5,SGP Feed,49,,,,,Circle Edge,YES,,Toh Kai Wei,Q3,,,,,,,
Malaysia,SGPvsMAS_15122025,2193.459088888889,5,SGP Feed,50,,,,,Circle Edge,YES,,Toh Kai Wei,Q3,,,,,,,
Malaysia,SGPvsMAS_15122025,2200.190744126001,5.199304012992798,SGP Feed,51,,,,,Inside Circle,YES,,Amandeep Chahal,Q3,,,,,,,
Malaysia,SGPvsMAS_15122025,2234.3912820259898,5.1987317929801975,SGP Feed,52,,,,,Outside Circle,YES,,Amandeep Chahal,Q3,,,,,,,
Malaysia,SGPvsMAS_15122025,2269.8248639455783,5,SGP Feed,53,,,,,Outside Circle,YES,,Toh Kai Wei,Q3,,,,,,,
Malaysia,SGPvsMAS_15122025,2272.9946643080043,5.198828010989018,SGP Feed,54,,,,,Circle Edge,YES,,Toh Kai Wei,Q3,,,,,,,
Malaysia,SGPvsMAS_15122025,2274.4918923279743,5.201533409004696,SGP Feed,55,,,,,Inside Circle,YES,,Amandeep Chahal,Q3,,,,,,,
Malaysia,SGPvsMAS_15122025,2325.392835845981,5.094139202,SGP Feed,56,,,,,Circle Edge,YES,,Rachel Ling,Q3,,,,,,,
Malaysia,SGPvsMAS_15122025,2396.7233333333334,5,SGP Feed,57,,,,,Outside Circle,YES,,Toh Kai Wei,Q3,,,,,,,
Malaysia,SGPvsMAS_15122025,2398.623433333333,5,SGP Feed,58,,,,,Circle Edge,YES,,Rachel Ling,Q3,,,,,,,
Malaysia,SGPvsMAS_15122025,2440.1934444444446,5,SGP Feed,59,,,,,Outside Circle,YES,,Rachel Ling,Q3,,,,,,,
Malaysia,SGPvsMAS_15122025,2445.7943597899884,5.200030000991774,SGP Feed,60,,,,,Circle Edge,YES,,Rachel Ling,Q3,,,,,,,
Malaysia,SGPvsMAS_15122025,2457.4856,5,SGP Feed,61,,,,,Inside Circle,YES,,Amandeep Chahal,Q3,,,,,,,
Malaysia,SGPvsMAS_15122025,2472.4734777777776,5,SGP Feed,62,,,,,Outside Circle,NO,,Toh Kai Wei,Q3,,,,,,,
Thailand,SGPvsTHA_141225,2885.8389555555555,43.260997242417034,SGP Turnovers,19,,,,,"Outside Circle, Circle Edge","NO, YES",Missed Rebound,Amandeep Chahal,"Q3, Q3, Q3, Q3",GS,Inner Middle,OPP Goal,Attacking D,,,
Malaysia,SGPvsMAS_15122025,2555.396192933993,5.196816254003352,SGP Feed,64,,,,,Circle Edge,NO,,Rachel Ling,Q3,,,,,,,
Malaysia,SGPvsMAS_15122025,2559.001211111111,5,SGP Feed,65,,,,,Circle Edge,YES,,Amandeep Chahal,Q3,,,,,,,
Malaysia,SGPvsMAS_15122025,2629.993522398974,5.123639466024088,SGP Feed,66,,,,,Circle Edge,YES,,Rachel Ling,Q3,,,,,,,
Malaysia,SGPvsMAS_15122025,2668.092937,5.225131264020547,SGP Feed,67,,,,,Outside Circle,YES,,Toh Kai Wei,Q3,,,,,,,
Malaysia,SGPvsMAS_15122025,2672.393349584992,5.196864347985411,SGP Feed,68,,,,,Circle Edge,YES,,Toh Kai Wei,Q3,,,,,,,
Malaysia,SGPvsMAS_15122025,2784.9932883709776,5.131746609,SGP Feed,69,,,,,Circle Edge,NO,,Toh Kai Wei,Q3,,,,,,,
Malaysia,SGPvsMAS_15122025,2832.993021476006,5.132055326005684,SGP Feed,70,,,,,Circle Edge,YES,,Tan Yi Jie,Q3,,,,,,,
Malaysia,SGPvsMAS_15122025,2841.050566666667,5,SGP Feed,71,,,,,Inside Circle,YES,,Amandeep Chahal,Q3,,,,,,,
Malaysia,SGPvsMAS_15122025,3015.1949718720034,5.1336654199935765,SGP Feed,72,,,,,Circle Edge,YES,,Tan Yi Jie,Q4,,,,,,,
Malaysia,SGPvsMAS_15122025,3073.8580333333334,5,SGP Feed,73,,,,,Outside Circle,YES,,Angelina Lim,Q4,,,,,,,
Malaysia,SGPvsMAS_15122025,3075.9950708709944,5.19781082,SGP Feed,74,,,,,Circle Edge,YES,,Tan Yi Jie,Q4,,,,,,,
Malaysia,SGPvsMAS_15122025,3078.7931490629867,5.200632198006588,SGP Feed,75,,,,,Inside Circle,YES,,Toh Kai Wei,Q4,,,,,,,
Malaysia,SGPvsMAS_15122025,3121.9913,5,SGP Feed,76,,,,,Outside Circle,YES,,Toh Kai Wei,Q4,,,,,,,
Malaysia,SGPvsMAS_15122025,3211.792840296991,5.300129611997818,SGP Feed,77,,,,,Circle Edge,YES,,Tan Yi Jie,Q4,,,,,,,
Malaysia,SGPvsMAS_15122025,3238.1923514919836,5.101619692012719,SGP Feed,78,,,,,Circle Edge,YES,,Toh Kai Wei,Q4,,,,,,,
Malaysia,SGPvsMAS_15122025,3284.467777777778,5,SGP Feed,79,,,,,Circle Edge,YES,,Angelina Lim,Q4,,,,,,,
Philippines,SGPvsPHI_121225,2895.6536258058995,21.400015234010425,SGP Turnovers,27,,,,,,,Shot Out of Bounds,Lee Pei Shan,Q3,,,,Attacking D,,,
Malaysia,SGPvsMAS_15122025,3427.9934390329954,5.128686063996156,SGP Feed,81,,,,,Circle Edge,YES,,Angelina Lim,Q4,,,,,,,
Malaysia,SGPvsMAS_15122025,3431.196227670985,5.186934085997109,SGP Feed,82,,,,,Inside Circle,YES,,Toh Kai Wei,Q4,,,,,,,
Malaysia,SGPvsMAS_15122025,3444.392986787996,5.142450895964885,SGP Feed,83,,,,,Outside Circle,YES,,Toh Kai Wei,Q4,,,,,,,
Malaysia,SGPvsMAS_15122025,3451.886390446989,4.9825404139992315,SGP Feed,84,,,,,Circle Edge,YES,,Tan Yi Jie,Q4,,,,,,,
Malaysia,SGPvsMAS_15122025,3457.793030831976,5.212975268016635,SGP Feed,85,,,,,Inside Circle,YES,,Toh Kai Wei,Q4,,,,,,,
Malaysia,SGPvsMAS_15122025,3525.411133786848,5,SGP Feed,86,,,,,Circle Edge,YES,,Angelina Lim,Q4,,,,,,,
Malaysia,SGPvsMAS_15122025,3684.4955849239755,5.1046029190042645,SGP Feed,87,,,,,Outside Circle,YES,,Tan Yi Jie,Q4,,,,,,,
Malaysia,SGPvsMAS_15122025,3710.2925928479717,5.118749892021242,SGP Feed,88,,,,,Circle Edge,YES,,Tan Yi Jie,Q4,,,,,,,
Malaysia,SGPvsMAS_15122025,3764.4930484889796,4.9897012040019035,SGP Feed,89,,,,,Circle Edge,YES,,Tan Yi Jie,Q4,,,,,,,
Malaysia,SGPvsMAS_15122025,3779.7929831270035,5.004161090997513,SGP Feed,90,,,,,Circle Edge,YES,,Angelina Lim,Q4,,,,,,,
Malaysia,SGPvsMAS_15122025,3824.3932060479706,5.192632792041877,SGP Feed,91,,,,,Circle Edge,YES,,Tan Yi Jie,Q4,,,,,,,
Malaysia,SGPvsMAS_15122025,3913.5928222222224,5,SGP Feed,92,,,,,Circle Edge,YES,,Tan Yi Jie,Q4,,,,,,,
Malaysia,SGPvsMAS_15122025,3919.0892816939836,5.295061156002703,SGP Feed,93,,,,,Inside Circle,YES,,Toh Kai Wei,Q4,,,,,,,
Malaysia,SGPvsMAS_15122025,3965.1114444444443,5,SGP Feed,94,,,,,Circle Edge,YES,,Tan Yi Jie,Q4,,,,,,,
Malaysia,SGPvsMAS_15122025,3966.8071555555557,5,SGP Feed,95,,,,,Inside Circle,YES,,Lee Pei Shan,Q4,,,,,,,
Malaysia,SGPvsMAS_15122025,63.59764437399244,10.999563853006421,SGP Shot,1,,,,,,,,Amandeep Chahal,Q1,GS,Inner Left,SGP Goal,,,,
Malaysia,SGPvsMAS_15122025,109.55343333333333,10,SGP Shot,2,,,,,,,,Amandeep Chahal,Q1,GS,Inner Middle,SGP Goal,,,,
Malaysia,SGPvsMAS_15122025,137.3771596660029,11.22102308298696,SGP Shot,3,,,,,,,,Amandeep Chahal,Q1,GS,Outer Right,SGP Goal,,,,
Malaysia,SGPvsMAS_15122025,154.39792626901357,10.99996588296861,SGP Shot,4,,,,,,,,Amandeep Chahal,Q1,GS,Inner Right,SGP Goal,,,,
Malaysia,SGPvsMAS_15122025,212.85345555555554,10,SGP Shot,5,,,,,,,,Amandeep Chahal,Q1,GS,Outer Left,SGP Goal,,,,
Malaysia,SGPvsMAS_15122025,241.67721252301465,11.420217822985734,SGP Shot,6,,,,,,,,Toh Kai Wei,Q1,GA,Inner Left,SGP Goal,,,,
Malaysia,SGPvsMAS_15122025,302.6821659769961,11.61644128199481,SGP Shot,7,,,,,,,,Amandeep Chahal,Q1,GS,Inner Middle,SGP Goal,,,,
Malaysia,SGPvsMAS_15122025,362.4993635819887,10.898563672007697,SGP Shot,8,,,,,,,,Amandeep Chahal,Q1,GS,Outer Left,SGP Goal,,,,
Malaysia,SGPvsMAS_15122025,406.53515555555555,10,SGP Shot,9,,,,,,,,Toh Kai Wei,Q1,GA,Inner Right,SGP Miss,,,,
Malaysia,SGPvsMAS_15122025,493.7958799019793,10.901996314005373,SGP Shot,10,,,,,,,,Amandeep Chahal,Q1,GS,Inner Left,SGP Goal,,,,
Malaysia,SGPvsMAS_15122025,594.9976585,11.100750510006606,SGP Shot,11,,,,,,,,Amandeep Chahal,Q1,GS,Inner Right,SGP Goal,,,,
Malaysia,SGPvsMAS_15122025,658.9960295,11.201867510005513,SGP Shot,12,,,,,,,,Amandeep Chahal,Q1,GS,Inner Middle,SGP Goal,,,,
Malaysia,SGPvsMAS_15122025,706.9143222222223,10,SGP Shot,13,,,,,,,,Amandeep Chahal,Q1,GS,Outer Left,SGP Miss,,,,
Malaysia,SGPvsMAS_15122025,852.6778004319945,11.317610212974614,SGP Shot,14,,,,,,,,Amandeep Chahal,Q1,GS,Inner Right,SGP Goal,,,,
Malaysia,SGPvsMAS_15122025,1009.2775683419775,11.421939613004838,SGP Shot,15,,,,,,,,Amandeep Chahal,Q2,GS,Inner Middle,SGP Goal,,,,
Malaysia,SGPvsMAS_15122025,1057.7983182429894,11.100222620006207,SGP Shot,16,,,,,,,,Amandeep Chahal,Q2,GA,Outer Middle,SGP Goal,,,,
Malaysia,SGPvsMAS_15122025,1086.4761074399958,11.521082137967824,SGP Shot,17,,,,,,,,Amandeep Chahal,Q2,GA,Inner Middle,SGP Goal,,,,
Malaysia,SGPvsMAS_15122025,1144.2983697579866,11.100368202013215,SGP Shot,18,,,,,,,,Amandeep Chahal,Q2,GA,Outer Right,SGP Goal,,,,
Malaysia,SGPvsMAS_15122025,1174.9983775119977,11.699722709973457,SGP Shot,19,,,,,,,,Amandeep Chahal,Q2,GA,Inner Left,SGP Goal,,,,
Malaysia,SGPvsMAS_15122025,1222.498566267982,11.29954036301342,SGP Shot,20,,,,,,,,Lee Pei Shan,Q2,GS,Inner Middle,SGP Goal,,,,
Malaysia,SGPvsMAS_15122025,1296.2985791739818,10.999215916997855,SGP Shot,21,,,,,,,,Lee Pei Shan,Q2,GS,Inner Middle,SGP Goal,,,,
Malaysia,SGPvsMAS_15122025,1336.8890726249936,11.510179664976704,SGP Shot,22,,,,,,,,Lee Pei Shan,Q2,GS,Inner Right,SGP Goal,,,,
Malaysia,SGPvsMAS_15122025,1365.898401834996,10.899195877986358,SGP Shot,23,,,,,,,,Lee Pei Shan,Q2,GS,Inner Left,SGP Goal,,,,
Malaysia,SGPvsMAS_15122025,1418.7075444444445,10,SGP Shot,24,,,,,,,,Amandeep Chahal,Q2,GA,Outer Right,SGP Miss,,,,
Malaysia,SGPvsMAS_15122025,1445.0355777777777,10,SGP Shot,25,,,,,,,,Amandeep Chahal,Q2,GA,Outer Right,SGP Miss,,,,
Malaysia,SGPvsMAS_15122025,1543.5986473879916,11.400698847992544,SGP Shot,26,,,,,,,,Lee Pei Shan,Q2,GS,Inner Right,SGP Goal,,,,
Malaysia,SGPvsMAS_15122025,1607.898354655966,11.100466605020074,SGP Shot,27,,,,,,,,Amandeep Chahal,Q2,GA,Inner Left,SGP Goal,,,,
Malaysia,SGPvsMAS_15122025,1643.9984456469876,11.09750593599938,SGP Shot,28,,,,,,,,Lee Pei Shan,Q2,GS,Inner Left,SGP Goal,,,,
Malaysia,SGPvsMAS_15122025,1693.7981060030056,11.09851893498535,SGP Shot,29,,,,,,,,Amandeep Chahal,Q2,GA,Inner Middle,SGP Goal,,,,
Malaysia,SGPvsMAS_15122025,1730.0983022019832,11.097047142000065,SGP Shot,30,,,,,,,,Amandeep Chahal,Q2,GA,Inner Right,SGP Goal,,,,
Malaysia,SGPvsMAS_15122025,1782.5976368249826,11.298333128012928,SGP Shot,31,,,,,,,,Lee Pei Shan,Q2,GS,Inner Right,SGP Goal,,,,
Malaysia,SGPvsMAS_15122025,1831.7750731409758,11.12225229,SGP Shot,32,,,,,,,,Lee Pei Shan,Q2,GS,Inner Left,SGP Goal,,,,
Malaysia,SGPvsMAS_15122025,1872.110411111111,11.132833333333338,SGP Shot,33,,,,,,,,Amandeep Chahal,Q2,GA,Outer Right,SGP Miss,,,,
Malaysia,SGPvsMAS_15122025,1975.5688444444445,10,SGP Shot,34,,,,,,,,Amandeep Chahal,Q3,GA,Inner Middle,SGP Miss,,,,
Malaysia,SGPvsMAS_15122025,1980.9992495070019,10.899300279005956,SGP Shot,35,,,,,,,,Lee Pei Shan,Q3,GS,Inner Right,SGP Goal,,,,
Malaysia,SGPvsMAS_15122025,2026.4676423360063,11.231073123981332,SGP Shot,36,,,,,,,,Lee Pei Shan,Q3,GS,Inner Middle,SGP Goal,,,,
Malaysia,SGPvsMAS_15122025,2080.397534898999,11.100938118013346,SGP Shot,37,,,,,,,,Amandeep Chahal,Q3,GS,Inner Left,SGP Goal,,,,
Malaysia,SGPvsMAS_15122025,2131.9971898249755,10.800881330002994,SGP Shot,38,,,,,,,,Lee Pei Shan,Q3,GS,Inner Right,SGP Goal,,,,
Malaysia,SGPvsMAS_15122025,2199.196348049008,11.601455946980877,SGP Shot,39,,,,,,,,Lee Pei Shan,Q3,GS,Inner Left,SGP Goal,,,,
Malaysia,SGPvsMAS_15122025,2233.2755737239722,11.022578689005513,SGP Shot,40,,,,,,,,Lee Pei Shan,Q3,GS,Inner Middle,SGP Goal,,,,
Malaysia,SGPvsMAS_15122025,2273.2775379379914,11.22073528498413,SGP Shot,41,,,,,,,,Lee Pei Shan,Q3,GS,Inner Middle,SGP Goal,,,,
Malaysia,SGPvsMAS_15122025,2331.763677777778,10,SGP Shot,42,,,,,,,,Amandeep Chahal,Q3,GA,Inner Right,SGP Miss,,,,
Malaysia,SGPvsMAS_15122025,2404.9981458729612,11.10035925902912,SGP Shot,43,,,,,,,,Amandeep Chahal,Q3,GA,Inner Right,SGP Goal,,,,
Malaysia,SGPvsMAS_15122025,2455.398252474985,12.000949984995259,SGP Shot,44,,,,,,,,Lee Pei Shan,Q3,GS,Inner Right,SGP Goal,,,,
Malaysia,SGPvsMAS_15122025,2478.682250712978,11.315949816008015,SGP Shot,45,,,,,,,,Amandeep Chahal,Q3,GA,Inner Left,SGP Goal,,,,
Malaysia,SGPvsMAS_15122025,2557.496179054006,11.802860237963614,SGP Shot,46,,,,,,,,Lee Pei Shan,Q3,GS,Inner Middle,SGP Goal,,,,
Malaysia,SGPvsMAS_15122025,2629.375606350979,11.324122481007635,SGP Shot,47,,,,,,,,Lee Pei Shan,Q3,GS,Inner Right,SGP Goal,,,,
Malaysia,SGPvsMAS_15122025,2670.8423222222223,10,SGP Shot,48,,,,,,,,Amandeep Chahal,Q3,GA,Outer Middle,SGP Miss,,,,
Malaysia,SGPvsMAS_15122025,2840.598149737962,11.599400224032706,SGP Shot,49,,,,,,,,Lee Pei Shan,Q3,GS,Inner Left,SGP Goal,,,,
Malaysia,SGPvsMAS_15122025,3013.7982044819696,11.10081488,SGP Shot,50,,,,,,,,Lee Pei Shan,Q4,GS,Inner Right,SGP Goal,,,,
Malaysia,SGPvsMAS_15122025,3077.599772962977,10.998631221022151,SGP Shot,51,,,,,,,,Lee Pei Shan,Q4,GS,Inner Right,SGP Goal,,,,
Malaysia,SGPvsMAS_15122025,3127.776114466986,11.222162810001464,SGP Shot,52,,,,,,,,Toh Kai Wei,Q4,GA,Outer Left,SGP Goal,,,,
Malaysia,SGPvsMAS_15122025,3212.998298614965,10.799242622021211,SGP Shot,53,,,,,,,,Toh Kai Wei,Q4,GA,Inner Left,SGP Goal,,,,
Malaysia,SGPvsMAS_15122025,3236.4980146759845,11.100049331018454,SGP Shot,54,,,,,,,,Lee Pei Shan,Q4,GS,Inner Right,SGP Goal,,,,
Malaysia,SGPvsMAS_15122025,3287.097750494981,11.199679234001906,SGP Shot,55,,,,,,,,Toh Kai Wei,Q4,GA,Inner Right,SGP Goal,,,,
Malaysia,SGPvsMAS_15122025,3347.9779869059907,11.820851790990218,SGP Shot,56,,,,,,,,Toh Kai Wei,Q4,GA,Inner Middle,SGP Goal,,,,
Malaysia,SGPvsMAS_15122025,3371.9978116630055,11.402196018001177,SGP Shot,57,,,,,,,,Toh Kai Wei,Q4,GA,Outer Left,SGP Goal,,,,
Malaysia,SGPvsMAS_15122025,3429.8982148469827,10.99933955501092,SGP Shot,58,,,,,,,,Lee Pei Shan,Q4,GS,Inner Right,SGP Goal,,,,
Malaysia,SGPvsMAS_15122025,3456.4765345629994,12.221763789979832,SGP Shot,59,,,,,,,,Lee Pei Shan,Q4,GS,Inner Right,SGP Goal,,,,
Malaysia,SGPvsMAS_15122025,3529.247788888889,10,SGP Shot,60,,,,,,,,Lee Pei Shan,Q4,GS,Outer Right,SGP Miss,,,,
Malaysia,SGPvsMAS_15122025,3683.3967538329866,11.00157182101293,SGP Shot,61,,,,,,,,Toh Kai Wei,Q4,GA,Inner Left,SGP Goal,,,,
Malaysia,SGPvsMAS_15122025,3708.9980033449847,11.101060381993648,SGP Shot,62,,,,,,,,Lee Pei Shan,Q4,GS,Inner Right,SGP Goal,,,,
Malaysia,SGPvsMAS_15122025,3762.697950088005,10.899520030991425,SGP Shot,63,,,,,,,,Lee Pei Shan,Q4,GS,Inner Right,SGP Goal,,,,
Malaysia,SGPvsMAS_15122025,3779.175646149003,11.322422800974891,SGP Shot,64,,,,,,,,Toh Kai Wei,Q4,GA,Outer Right,SGP Goal,,,,
Malaysia,SGPvsMAS_15122025,3823.2984942680127,11.400528651974582,SGP Shot,65,,,,,,,,Lee Pei Shan,Q4,GS,Inner Right,SGP Goal,,,,
Malaysia,SGPvsMAS_15122025,3920.1811333333335,10,SGP Shot,66,,,,,,,,Lee Pei Shan,Q4,GS,Inner Left,SGP Goal,,,,
Malaysia,SGPvsMAS_15122025,3970.5324,10,SGP Shot,67,,,,,,,,Toh Kai Wei,Q4,GS,Outer Middle,SGP Goal,,,,
Malaysia,SGPvsMAS_15122025,22.09410791698826,30.90300471998096,SGP CPD,1,Center Mid Attack,GA,Center Mid Attack,C,"Outside Circle, Circle Edge","YES, YES",,,"Q1, Q1, Q1, Q1",GS,Inner Left,OPP Goal,,,,
Malaysia,SGPvsMAS_15122025,74.89365468,19.705192755981287,SGP CPD,2,Center Right Attack,WA,Attacking Right Pocket,GA,"Circle Edge, Circle Edge, Inside Circle","YES, YES, YES",,,"Q1, Q1, Q1, Q1, Q1",GS,Inner Right,OPP Goal,,,,
Malaysia,SGPvsMAS_15122025,121.89305425398148,26.705128495008395,SGP CPD,3,Center Mid Attack,GA,,Not Taken,Circle Edge,YES,,,"Q1, Q1, Q1, Q1",GS,Outer Right,SGP Goal,,,,
Malaysia,SGPvsMAS_15122025,166.48987209498594,56.36358346,SGP CPD,4,Center Right Defense,WA,,Not Taken,Circle Edge,YES,,,"Q1, Q1, Q1, Q1",GS,Inner Left,SGP Goal,,,,
Malaysia,SGPvsMAS_15122025,253.79448079499335,26.403547340994436,SGP CPD,5,Center Left Attack,GA,Attacking Left,C,Circle Edge,YES,,,"Q1, Q1, Q1",GS,Inner Middle,OPP Goal,,,,
Malaysia,SGPvsMAS_15122025,314.8923178559857,28.104861763013503,SGP CPD,6,Center Mid Attack,GA,,Not Taken,Circle Edge,YES,,,"Q1, Q1, Q1",GA,Outer Left,OPP Goal,,,,
Malaysia,SGPvsMAS_15122025,375.29112067896745,20.70717314201272,SGP CPD,7,Center Left Defense,GD,Center Left Defense,WD,Outside Circle,YES,,,"Q1, Q1, Q1",GS,Outer Middle,OPP Goal,,,,
Malaysia,SGPvsMAS_15122025,458.76935555555553,45.928520660429115,SGP CPD,8,Center Right Attack,WA,Attacking Right Pocket,GS,"Outside Circle, Circle Edge","YES, YES",,,"Q1, Q1, Q1, Q1, Q1, Q1","GS, GS","Outer Right, Inner Left","OPP Miss, SGP Goal",,,,
Malaysia,SGPvsMAS_15122025,545.7973236149835,19.30127727698971,SGP CPD,9,Center Mid Attack,WA,,Not Taken,"Outside Circle, Inside Circle","YES, YES",,,"Q1, Q1, Q1, Q1",GA,Inner Middle,OPP Goal,,,,
Malaysia,SGPvsMAS_15122025,607.1942548619888,33.90260779800121,SGP CPD,10,Center Right Defense,GD,Center Right Defense,WA,"Circle Edge, Inside Circle","YES, YES",,,"Q1, Q1, Q1, Q1",GS,Inner Right,OPP Goal,,,,
Malaysia,SGPvsMAS_15122025,673.1945571959959,57.40237890899368,SGP CPD,11,Center Mid Attack,WA,,,Outside Circle,YES,,,"Q1, Q1, Q1, Q1, Q1, Q1","GS, GS","Outer Left, Inner Left","SGP Miss, OPP Goal",,,,
Malaysia,SGPvsMAS_15122025,784.3931394579834,29.30398972899809,SGP CPD,12,Center Right Attack,WA,Attacking D,GS,"Outside Circle, Circle Edge","YES, YES",,,"Q1, Q1, Q1, Q1",GS,Outer Right,OPP Goal,,,,
Malaysia,SGPvsMAS_15122025,865.0978969409794,12.299526682011106,SGP CPD,13,Center Left Attack,GA,Attacking Left,WA,Circle Edge,YES,,,"Q1, Q1, Q1",GS,Inner Middle,OPP Goal,,,,
Malaysia,SGPvsMAS_15122025,910.2927829339952,32.20530886397671,SGP CPD,14,Center Mid Attack,GA,,Not Taken,"Outside Circle, Inside Circle","YES, YES",,,"Q1, Q1, Q1, Q1",GS,Inner Middle,OPP Goal,,,,
Malaysia,SGPvsMAS_15122025,969.1076303854875,13.892433918512552,SGP CPD,15,Center Mid Attack,GA,Attacking D,GS,"Outside Circle, Inside Circle","YES, YES",,,"Q2, Q2, Q2, Q2",GS,Inner Middle,OPP Goal,,,,
Malaysia,SGPvsMAS_15122025,1020.1972909020005,22.800323379980455,SGP CPD,16,Center Right Attack,WA,Attacking Right,GA,"Circle Edge, Inside Circle","YES, YES",,,"Q2, Q2, Q2, Q2",GS,Inner Middle,OPP Goal,,,,
Malaysia,SGPvsMAS_15122025,1069.396005182001,9.100623620998022,SGP CPD,17,Center Mid Attack,WA,Attacking D,GS,Outside Circle,YES,,,"Q2, Q2, Q2",GS,Inner Left,OPP Goal,,,,
Malaysia,SGPvsMAS_15122025,1098.4956556769869,29.902335284006995,SGP CPD,18,Center Mid Attack,GA,Center Mid Attack,WD,"Outside Circle, Circle Edge","YES, YES, YES",,,"Q2, Q2, Q2, Q2",GS,Inner Right,OPP Goal,,,,
Malaysia,SGPvsMAS_15122025,1155.7935210449864,9.005141769018792,SGP CPD,19,Center Right Attack,WA,Attacking D,GS,Outside Circle,YES,,,"Q2, Q2, Q2",GS,Inner Left,OPP Goal,,,,
Malaysia,SGPvsMAS_15122025,1187.7042402150066,12.894198908981934,SGP CPD,20,Center Right Attack,WA,Attacking D,GA,"Outside Circle, Circle Edge","YES, YES",,,"Q2, Q2, Q2, Q2",GS,Inner Right,OPP Goal,,,,
Malaysia,SGPvsMAS_15122025,1234.3959864819885,34.30160007199902,SGP CPD,21,Center Mid Attack,WA,Attacking Left,Not Taken,Circle Edge,YES,,,"Q2, Q2, Q2",GA,Outer Left,OPP Goal,,,,
Malaysia,SGPvsMAS_15122025,1307.892984688991,40.5062676,SGP CPD,22,Center Mid Attack,GA,Center Right Attack,WA,"Outside Circle, Outside Circle, Circle Edge, Circle Edge","YES, NO, YES, YES",,,"Q2, Q2, Q2, Q2, Q2, Q2, Q2",GS,Inner Right,SGP Goal,,,,
Malaysia,SGPvsMAS_15122025,1377.8948074319753,33.20342055700712,SGP CPD,23,Center Left Attack,GA,Attacking Middle,C,Outside Circle,YES,,,"Q2, Q2, Q2",GS,Inner Right,OPP Goal,,,,
Malaysia,SGPvsMAS_15122025,1497.4929988409967,33.096397320972756,SGP CPD,24,Center Right Defense,GD,Center Right Attack,C,Circle Edge,NO,,,"Q2, Q2, Q2",GS,Inner Right,OPP Goal,,,,
Malaysia,SGPvsMAS_15122025,1557.0947718489658,61.904049412020186,SGP CPD,25,Center Left Attack,WD,,Not Taken,"Outside Circle, Circle Edge","NO, YES",,,"Q2, Q2, Q2, Q2, Q2",GA,Inner Left,SGP Goal,,,,
Malaysia,SGPvsMAS_15122025,1654.2915245479749,22.306356262010013,SGP CPD,26,Center Mid Attack,GA,Center Right Attack,WA,Circle Edge,YES,,,"Q2, Q2, Q2",GS,Inner Middle,OPP Goal,,,,
Malaysia,SGPvsMAS_15122025,1704.962254891987,23.435325003998287,SGP CPD,27,Center Mid Attack,WA,Center Mid Attack,GA,"Circle Edge, Circle Edge","YES, YES",,,"Q2, Q2, Q2, Q2",GA,Inner Middle,OPP Goal,,,,
Malaysia_final,SGP vs MAS_final_17122025,2904.5924895939715,13.250532628250767,SGP CPA,39,Center Left Attack,WD,Attacking Left,GA,Circle Edge,YES,,,"Q3, Q3, Q3",GA,Inner Left,SGP Goal,,,,
Malaysia,SGPvsMAS_15122025,1795.2910193289836,16.706321488004505,SGP CPD,29,Center Right Attack,WA,Center Right Attack,C,Outside Circle,YES,,,"Q2, Q2, Q2",GS,Inner Right,OPP Goal,,,,
Malaysia_final,SGP vs MAS_final_17122025,2904.5924895939715,13.250532628250767,SGP DCPA,39,Center Left Attack,WD,Attacking Left,GA,Circle Edge,YES,,,"Q3, Q3, Q3",GA,Inner Left,SGP Goal,,,,
Malaysia,SGPvsMAS_15122025,1940.3938172840137,16.549238271541753,SGP CPD,31,Center Mid Attack,GA,Center Right Attack,WA,,,,,"Q3, Q3",GS,Inner Middle,OPP Goal,,,,
Malaysia,SGPvsMAS_15122025,1992.4942556169813,25.203687256006106,SGP CPD,32,Center Left Attack,GA,Center Left Defense,WD,,,,,"Q3, Q3",GS,Outer Left,OPP Goal,,,,
Malaysia,SGPvsMAS_15122025,2040.8874666666666,22.210056698305834,SGP CPD,33,Center Mid Attack,WA,Attacking Left,GA,Outside Circle,YES,,,"Q3, Q3, Q3",GS,Inner Right,OPP Goal,,,,
Malaysia,SGPvsMAS_15122025,2091.7951789339872,24.001290118003453,SGP CPD,34,Center Mid Attack,WA,Center Right Attack,GA,"Outside Circle, Circle Edge","YES, YES",,,"Q3, Q3, Q3, Q3, Q3","GA, GS","Outer Right, Inner Right","OPP Miss, OPP Goal",,,,
Malaysia,SGPvsMAS_15122025,2143.393170082977,33.10518633702168,SGP CPD,35,Center Mid Attack,GA,Attacking Right,WA,Circle Edge,YES,,,"Q3, Q3, Q3",GS,Inner Right,OPP Goal,,,,
Malaysia,SGPvsMAS_15122025,2211.5927237950073,12.105164510968734,SGP CPD,36,Center Right Attack,WA,Attacking D,GS,Outside Circle,YES,,,"Q3, Q3, Q3",GS,Inner Left,OPP Goal,,,,
Malaysia,SGPvsMAS_15122025,2249.9973905779925,34.500882644982994,SGP CPD,37,Center Mid Attack,GA,,Not Taken,"Circle Edge, Outside Circle, Circle Edge, Inside Circle","NO, YES, YES, YES",,,"Q3, Q3, Q3, Q3, Q3, Q3, Q3",GS,Inner Middle,SGP Goal,,,,
Malaysia,SGPvsMAS_15122025,2416.395292569993,51.00390988998697,SGP CPD,38,Center Mid Attack,WA,Attacking Right,GA,"Outside Circle, Circle Edge, Outside Circle, Circle Edge, Inside Circle","YES, YES, YES, YES, YES",,,"Q3, Q3, Q3, Q3, Q3, Q3, Q3, Q3",GS,Inner Right,SGP Goal,,,,
Malaysia,SGPvsMAS_15122025,2489.493010930993,43.30467514900192,SGP CPD,39,,Not Taken,,,Circle Edge,YES,,,"Q3, Q3, Q3",GA,Inner Middle,OPP Goal,,,,
Malaysia,SGPvsMAS_15122025,2569.693963763996,17.60437067099292,SGP CPD,40,Center Mid Attack,WA,Attacking Middle,GA,Circle Edge,YES,,,"Q3, Q3, Q3",GS,Inner Right,OPP Goal,,,,
Malaysia,SGPvsMAS_15122025,2640.493780449984,15.10302025,SGP CPD,41,Center Right Attack,WA,Center Mid Attack,C,Circle Edge,YES,,,"Q3, Q3, Q3","GA, GA",Inner Middle,"OPP Goal, Goal",,,,
Malaysia,SGPvsMAS_15122025,2737.3953153609873,83.60307399099247,SGP CPD,42,Center Mid Attack,GA,Center Left Attack,WA,"Circle Edge, Circle Edge, Circle Edge","NO, NO, YES",,,"Q3, Q3, Q3, Q3, Q3, Q3, Q3",GA,Outer Right,OPP Goal,,,,
Malaysia,SGPvsMAS_15122025,2854.193996371969,32.50443986300161,SGP CPD,43,Center Mid Attack,GA,Center Mid Attack,GD,"Outside Circle, Circle Edge","YES, YES",,,"Q3, Q3, Q3, Q3",GS,Inner Right,OPP Goal,,,,
Malaysia,SGPvsMAS_15122025,2988.807,3.8299888888891473,SGP CPD,44,Center Right Attack,WA,Attacking Middle,GS,,,,,"Q4, Q4",GS,Inner Middle,OPP Goal,,,,
Malaysia,SGPvsMAS_15122025,3025.8915797900027,29.606515409980148,SGP CPD,45,Center Right Attack,WA,Center Left Attack,WD,Circle Edge,YES,,,"Q4, Q4, Q4",GS,Inner Right,OPP Goal,,,,
Malaysia,SGPvsMAS_15122025,3089.791061018973,25.905263435016877,SGP CPD,46,Center Left Attack,GA,Center Mid Attack,WA,Inside Circle,YES,,,"Q4, Q4, Q4",GS,Inner Middle,OPP Goal,,,,
Malaysia,SGPvsMAS_15122025,3138.6937357179963,85.10380552,SGP CPD,47,Center Mid Attack,WA,Center Mid Attack,WD,"Outside Circle, Circle Edge, Circle Edge","YES, NO, YES",,,"Q4, Q4, Q4, Q4, Q4, Q4",GA,Inner Left,SGP Goal,,,,
Malaysia,SGPvsMAS_15122025,3248.5910626199734,29.705015161016945,SGP CPD,48,,Not Taken,,,Outside Circle,YES,,,"Q4, Q4, Q4",GS,Inner Right,OPP Goal,,,,
Malaysia,SGPvsMAS_15122025,3299.9939094139654,59.804929283015554,SGP CPD,49,Center Mid Attack,GA,Center Mid Attack,WA,"Outside Circle, Inside Circle","NO, YES",,,"Q4, Q4, Q4, Q4, Q4",GA,Inner Middle,SGP Goal,,,,
Malaysia,SGPvsMAS_15122025,3385.5540555555554,55.34349884643825,SGP CPD,50,Center Left Attack,GA,Attacking Left Pocket,WA,"Circle Edge, Circle Edge, Circle Edge, Inside Circle","YES, YES, YES, YES",,,"Q4, Q4, Q4, Q4, Q4, Q4, Q4, Q4","GS, GS","Outer Left, Inner Right","OPP Miss, SGP Goal",,,,
Malaysia,SGPvsMAS_15122025,3469.692819,14.904496331017071,SGP CPD,51,Center Right Attack,WA,Center Mid Attack,WD,"Outside Circle, Circle Edge","YES, YES",,,"Q4, Q4, Q4, Q4, Q4","GA, GS","Inner Right, Inner Right","OPP Miss, OPP Goal",,,,
Malaysia,SGPvsMAS_15122025,3569.1923261289903,31.20731313699389,SGP CPD,52,Center Mid Attack,WA,Attacking Right,GA,Circle Edge,YES,,,"Q4, Q4, Q4",GA,Outer Middle,OPP Goal,,,,
Malaysia,SGPvsMAS_15122025,3655.794085816972,38.60423983702776,SGP CPD,53,Center Mid Attack,GA,Center Left Attack,Not Taken,Outside Circle,YES,,,"Q4, Q4, Q4, Q4",GA,Inner Left,SGP Goal,,,,
Malaysia,SGPvsMAS_15122025,3720.093604481985,53.503865637011586,SGP CPD,54,Center Left Attack,GA,Center Left Attack,WD,Circle Edge,YES,,,"Q4, Q4, Q4, Q4",GS,Inner Right,SGP Goal,,,,
Malaysia,SGPvsMAS_15122025,3790.5941173829615,24.30432235704484,SGP CPD,55,Center Mid Attack,GA,Attacking Middle,WA,Outside Circle,YES,,,"Q4, Q4, Q4",GS,Inner Right,OPP Goal,,,,
Malaysia,SGPvsMAS_15122025,3839.593074732992,17.304952732996753,SGP CPD,56,Center Mid Attack,WA,Attacking Right,GA,Circle Edge,YES,,,"Q4, Q4, Q4",GS,Inner Right,OPP Goal,,,,
Malaysia,SGPvsMAS_15122025,3886.0908606780004,21.406635578974146,SGP CPD,57,Center Mid Attack,WA,Center Right Attack,GD,"Outside Circle, Circle Edge, Inside Circle","YES, YES, YES",,,"Q4, Q4, Q4, Q4, Q4",GS,Inner Left,OPP Goal,,,,
Malaysia,SGPvsMAS_15122025,3931.7924332819734,22.95045560691551,SGP CPD,58,Center Right Attack,GD,,Not Taken,"Circle Edge, Circle Edge, Inside Circle","YES, YES, YES",,,"Q4, Q4, Q4, Q4, Q4",GS,Inner Right,OPP Goal,,,,
Malaysia,SGPvsMAS_15122025,22.09410791698826,30.90300471998096,SGP DCPD,1,Center Mid Attack,GA,Center Mid Attack,C,"Outside Circle, Circle Edge","YES, YES",,,"Q1, Q1, Q1, Q1",GS,Inner Left,OPP Goal,,,,
Malaysia,SGPvsMAS_15122025,74.89365468,19.705192755981287,SGP DCPD,2,Center Right Attack,WA,Attacking Right Pocket,GA,"Circle Edge, Circle Edge, Inside Circle","YES, YES, YES",,,"Q1, Q1, Q1, Q1, Q1",GS,Inner Right,OPP Goal,,,,
Malaysia,SGPvsMAS_15122025,121.89305425398148,9.86269019,SGP DCPD,3,Center Mid Attack,GA,,Not Taken,,,,,Q1,,,,,,,
Malaysia,SGPvsMAS_15122025,166.48987209498594,17.08690867398954,SGP DCPD,4,Center Right Defense,WA,,Not Taken,,,,,Q1,,,,,,,
Malaysia,SGPvsMAS_15122025,253.79448079499335,26.403547340994436,SGP DCPD,5,Center Left Attack,GA,Attacking Left,C,Circle Edge,YES,,,"Q1, Q1, Q1",GS,Inner Middle,OPP Goal,,,,
Malaysia,SGPvsMAS_15122025,314.8923178559857,28.104861763013503,SGP DCPD,6,Center Mid Attack,GA,,Not Taken,Circle Edge,YES,,,"Q1, Q1, Q1",GA,Outer Left,OPP Goal,,,,
Malaysia,SGPvsMAS_15122025,375.29112067896745,20.70717314201272,SGP DCPD,7,Center Left Defense,GD,Center Left Defense,WD,Outside Circle,YES,,,"Q1, Q1, Q1",GS,Outer Middle,OPP Goal,,,,
Malaysia,SGPvsMAS_15122025,458.76935555555553,19.94867777777779,SGP DCPD,8,Center Right Attack,WA,Attacking Right Pocket,GS,Outside Circle,YES,,,"Q1, Q1, Q1",GS,Outer Right,OPP Miss,,,,
Malaysia,SGPvsMAS_15122025,545.7973236149835,19.30127727698971,SGP DCPD,9,Center Mid Attack,WA,,Not Taken,"Outside Circle, Inside Circle","YES, YES",,,"Q1, Q1, Q1, Q1",GA,Inner Middle,OPP Goal,,,,
Malaysia,SGPvsMAS_15122025,607.1942548619888,33.90260779800121,SGP DCPD,10,Center Right Defense,GD,Center Right Defense,WA,"Circle Edge, Inside Circle","YES, YES",,,"Q1, Q1, Q1, Q1",GS,Inner Right,OPP Goal,,,,
Malaysia,SGPvsMAS_15122025,673.1945571959959,7.603043661980109,SGP DCPD,11,Center Mid Attack,WA,,,,,,,Q1,,,,,,,
Malaysia,SGPvsMAS_15122025,784.3931394579834,29.30398972899809,SGP DCPD,12,Center Right Attack,WA,Attacking D,GS,"Outside Circle, Circle Edge","YES, YES",,,"Q1, Q1, Q1, Q1",GS,Outer Right,OPP Goal,,,,
Malaysia,SGPvsMAS_15122025,865.0978969409794,12.299526682011106,SGP DCPD,13,Center Left Attack,GA,Attacking Left,WA,Circle Edge,YES,,,"Q1, Q1, Q1",GS,Inner Middle,OPP Goal,,,,
Malaysia,SGPvsMAS_15122025,910.2927829339952,32.20530886397671,SGP DCPD,14,Center Mid Attack,GA,,Not Taken,"Outside Circle, Inside Circle","YES, YES",,,"Q1, Q1, Q1, Q1",GS,Inner Middle,OPP Goal,,,,
Malaysia,SGPvsMAS_15122025,969.1076303854875,13.892433918512552,SGP DCPD,15,Center Mid Attack,GA,Attacking D,GS,"Outside Circle, Inside Circle","YES, YES",,,"Q2, Q2, Q2, Q2",GS,Inner Middle,OPP Goal,,,,
Malaysia,SGPvsMAS_15122025,1020.1972909020005,22.800323379980455,SGP DCPD,16,Center Right Attack,WA,Attacking Right,GA,"Circle Edge, Inside Circle","YES, YES",,,"Q2, Q2, Q2, Q2",GS,Inner Middle,OPP Goal,,,,
Malaysia,SGPvsMAS_15122025,1069.396005182001,9.100623620998022,SGP DCPD,17,Center Mid Attack,WA,Attacking D,GS,Outside Circle,YES,,,"Q2, Q2, Q2",GS,Inner Left,OPP Goal,,,,
Malaysia,SGPvsMAS_15122025,1098.4956556769869,29.902335284006995,SGP DCPD,18,Center Mid Attack,GA,Center Mid Attack,WD,"Outside Circle, Circle Edge","YES, YES, YES",,,"Q2, Q2, Q2, Q2",GS,Inner Right,OPP Goal,,,,
Malaysia,SGPvsMAS_15122025,1155.7935210449864,9.005141769018792,SGP DCPD,19,Center Right Attack,WA,Attacking D,GS,Outside Circle,YES,,,"Q2, Q2, Q2",GS,Inner Left,OPP Goal,,,,
Malaysia,SGPvsMAS_15122025,1187.7042402150066,12.894198908981934,SGP DCPD,20,Center Right Attack,WA,Attacking D,GA,"Outside Circle, Circle Edge","YES, YES",,,"Q2, Q2, Q2, Q2",GS,Inner Right,OPP Goal,,,,
Malaysia,SGPvsMAS_15122025,1234.3959864819885,34.30160007199902,SGP DCPD,21,Center Mid Attack,WA,Attacking Left,Not Taken,Circle Edge,YES,,,"Q2, Q2, Q2",GA,Outer Left,OPP Goal,,,,
Malaysia,SGPvsMAS_15122025,1307.892984688991,21.127048644342267,SGP DCPD,22,Center Mid Attack,GA,Center Right Attack,WA,"Outside Circle, Outside Circle","YES, NO",,,"Q2, Q2, Q2",,,,,,,
Malaysia,SGPvsMAS_15122025,1377.8948074319753,33.20342055700712,SGP DCPD,23,Center Left Attack,GA,Attacking Middle,C,Outside Circle,YES,,,"Q2, Q2, Q2",GS,Inner Right,OPP Goal,,,,
Malaysia,SGPvsMAS_15122025,1497.4929988409967,33.096397320972756,SGP DCPD,24,Center Right Defense,GD,Center Right Attack,C,Circle Edge,NO,,,"Q2, Q2, Q2",GS,Inner Right,OPP Goal,,,,
Malaysia,SGPvsMAS_15122025,1557.0947718489658,18.933683706589818,SGP DCPD,25,Center Left Attack,WD,,Not Taken,Outside Circle,NO,,,"Q2, Q2",,,,,,,
Malaysia,SGPvsMAS_15122025,1654.2915245479749,22.306356262010013,SGP DCPD,26,Center Mid Attack,GA,Center Right Attack,WA,Circle Edge,YES,,,"Q2, Q2, Q2",GS,Inner Middle,OPP Goal,,,,
Malaysia,SGPvsMAS_15122025,1704.962254891987,23.435325003998287,SGP DCPD,27,Center Mid Attack,WA,Center Mid Attack,GA,"Circle Edge, Circle Edge","YES, YES",,,"Q2, Q2, Q2, Q2",GA,Inner Middle,OPP Goal,,,,
Thailand,SGPvsTHA_141225,3267.895210005987,5.184386988017195,SGP Feed,88,,,,,Circle Edge,YES,,Goh Wei Ping,Q4,,,,,,,
Malaysia,SGPvsMAS_15122025,1795.2910193289836,16.706321488004505,SGP DCPD,29,Center Right Attack,WA,Center Right Attack,C,Outside Circle,YES,,,"Q2, Q2, Q2",GS,Inner Right,OPP Goal,,,,
Philippines,SGPvsPHI_121225,3314.953576346895,10.699038098004166,OPP Shot,27,,,,,,,,,Q4,GS,Outer Left,OPP Miss,,,,
Malaysia,SGPvsMAS_15122025,1940.3938172840137,16.549238271541753,SGP DCPD,31,Center Mid Attack,GA,Center Right Attack,WA,,,,,"Q3, Q3",GS,Inner Middle,OPP Goal,,,,
Malaysia,SGPvsMAS_15122025,1992.4942556169813,25.203687256006106,SGP DCPD,32,Center Left Attack,GA,Center Left Defense,WD,,,,,"Q3, Q3",GS,Outer Left,OPP Goal,,,,
Malaysia,SGPvsMAS_15122025,2040.8874666666666,22.210056698305834,SGP DCPD,33,Center Mid Attack,WA,Attacking Left,GA,Outside Circle,YES,,,"Q3, Q3, Q3",GS,Inner Right,OPP Goal,,,,
Malaysia,SGPvsMAS_15122025,2091.7951789339872,24.001290118003453,SGP DCPD,34,Center Mid Attack,WA,Center Right Attack,GA,"Outside Circle, Circle Edge","YES, YES",,,"Q3, Q3, Q3, Q3, Q3","GA, GS","Outer Right, Inner Right","OPP Miss, OPP Goal",,,,
Malaysia,SGPvsMAS_15122025,2143.393170082977,33.10518633702168,SGP DCPD,35,Center Mid Attack,GA,"Center Right Attack, Attacking Right",WA,Circle Edge,YES,,,"Q3, Q3, Q3",GS,Inner Right,OPP Goal,,,,
Malaysia,SGPvsMAS_15122025,2211.5927237950073,12.105164510968734,SGP DCPD,36,Center Right Attack,WA,Attacking D,GS,Outside Circle,YES,,,"Q3, Q3, Q3",GS,Inner Left,OPP Goal,,,,
Malaysia,SGPvsMAS_15122025,2249.9973905779925,15.514798310896367,SGP DCPD,37,Center Mid Attack,GA,,Not Taken,Circle Edge,NO,,,"Q3, Q3",,,,,,,
Malaysia,SGPvsMAS_15122025,2416.395292569993,20.769762985562465,SGP DCPD,38,Center Mid Attack,WA,Attacking Right,GA,"Outside Circle, Circle Edge","YES, YES",,,"Q3, Q3, Q3",,,,,,,
Malaysia,SGPvsMAS_15122025,2489.493010930993,43.30467514900192,SGP DCPD,39,,Not Taken,,,Circle Edge,YES,,,"Q3, Q3, Q3",GA,Inner Middle,OPP Goal,,,,
Malaysia,SGPvsMAS_15122025,2569.693963763996,17.60437067099292,SGP DCPD,40,Center Mid Attack,WA,Attacking Middle,GA,Circle Edge,YES,,,"Q3, Q3, Q3",GS,Inner Right,OPP Goal,,,,
Malaysia,SGPvsMAS_15122025,2640.493780449984,15.10302025,SGP DCPD,41,Center Right Attack,WA,Center Mid Attack,C,Circle Edge,YES,,,"Q3, Q3, Q3","GA, GA",Inner Middle,"OPP Goal, Goal",,,,
Malaysia,SGPvsMAS_15122025,2737.3953153609873,20.10341029498659,SGP DCPD,42,Center Mid Attack,GA,Center Left Attack,WA,Circle Edge,NO,,,"Q3, Q3",,,,,,,
Malaysia,SGPvsMAS_15122025,2854.193996371969,32.50443986300161,SGP DCPD,43,Center Mid Attack,GA,Center Mid Attack,GD,"Outside Circle, Circle Edge","YES, YES",,,"Q3, Q3, Q3, Q3",GS,Inner Right,OPP Goal,,,,
Malaysia,SGPvsMAS_15122025,2988.807,3.8299888888891473,SGP DCPD,44,Center Right Attack,WA,Attacking Middle,GS,,,,,"Q4, Q4",GS,Inner Middle,OPP Goal,,,,
Malaysia,SGPvsMAS_15122025,3025.8915797900027,29.606515409980148,SGP DCPD,45,Center Right Attack,WA,Center Left Attack,WD,Circle Edge,YES,,,"Q4, Q4, Q4",GS,Inner Right,OPP Goal,,,,
Malaysia,SGPvsMAS_15122025,3089.791061018973,25.905263435016877,SGP DCPD,46,Center Left Attack,GA,Center Mid Attack,WA,Inside Circle,YES,,,"Q4, Q4, Q4",GS,Inner Middle,OPP Goal,,,,
Malaysia,SGPvsMAS_15122025,3138.6937357179963,18.883592952988238,SGP DCPD,47,Center Mid Attack,WA,Center Mid Attack,WD,"Outside Circle, Circle Edge","YES, NO",,,"Q4, Q4, Q4",,,,,,,
Malaysia,SGPvsMAS_15122025,3248.5910626199734,29.705015161016945,SGP DCPD,48,,Not Taken,,,Outside Circle,YES,,,"Q4, Q4, Q4",GS,Inner Right,OPP Goal,,,,
Malaysia,SGPvsMAS_15122025,3299.9939094139654,34.162323919367736,SGP DCPD,49,Center Mid Attack,GA,Center Mid Attack,WA,Outside Circle,NO,,,"Q4, Q4",,,,,,,
Malaysia,SGPvsMAS_15122025,3385.5540555555554,22.97615555555558,SGP DCPD,50,Center Left Attack,GA,Attacking Left Pocket,WA,"Circle Edge, Circle Edge","YES, YES",,,"Q4, Q4, Q4, Q4",GS,Outer Left,OPP Miss,,,,
Malaysia,SGPvsMAS_15122025,3469.692819,14.904496331017071,SGP DCPD,51,Center Right Attack,WA,Center Mid Attack,WD,"Outside Circle, Circle Edge","YES, YES",,,"Q4, Q4, Q4, Q4, Q4","GA, GS","Inner Right, Inner Right","OPP Miss, OPP Goal",,,,
Malaysia,SGPvsMAS_15122025,3569.1923261289903,31.20731313699389,SGP DCPD,52,Center Mid Attack,WA,Attacking Right,GA,Circle Edge,YES,,,"Q4, Q4, Q4",GA,Outer Middle,OPP Goal,,,,
Malaysia,SGPvsMAS_15122025,3655.794085816972,9.566236405250493,SGP DCPD,53,Center Mid Attack,GA,Center Left Attack,Not Taken,,,,,Q4,,,,,,,
Malaysia,SGPvsMAS_15122025,3720.093604481985,17.747662184681758,SGP DCPD,54,Center Left Attack,GA,Center Left Attack,WD,,,,,Q4,,,,,,,
Malaysia,SGPvsMAS_15122025,3790.5941173829615,24.30432235704484,SGP DCPD,55,Center Mid Attack,GA,Attacking Middle,WA,Outside Circle,YES,,,"Q4, Q4, Q4",GS,Inner Right,OPP Goal,,,,
Malaysia,SGPvsMAS_15122025,3839.593074732992,17.304952732996753,SGP DCPD,56,Center Mid Attack,WA,Attacking Right,GA,Circle Edge,YES,,,"Q4, Q4, Q4",GS,Inner Right,OPP Goal,,,,
Malaysia,SGPvsMAS_15122025,3886.0908606780004,21.406635578974146,SGP DCPD,57,Center Mid Attack,WA,Center Right Attack,GD,"Outside Circle, Circle Edge, Inside Circle","YES, YES, YES",,,"Q4, Q4, Q4, Q4, Q4",GS,Inner Left,OPP Goal,,,,
Malaysia,SGPvsMAS_15122025,3931.7924332819734,22.95045560691551,SGP DCPD,58,Center Right Attack,GD,,Not Taken,"Circle Edge, Circle Edge, Inside Circle","YES, YES, YES",,,"Q4, Q4, Q4, Q4, Q4",GS,Inner Right,OPP Goal,,,,
Malaysia,SGPvsMAS_15122025,34.493440578989635,5.304651198014007,OPP Feed,1,,,,,Outside Circle,YES,,,Q1,,,,,,,
Malaysia,SGPvsMAS_15122025,40.89302656498304,5.186761317002102,OPP Feed,2,,,,,Circle Edge,YES,,,Q1,,,,,,,
Malaysia,SGPvsMAS_15122025,78.27433333333333,5,OPP Feed,3,,,,,Outside Circle,YES,,,Q1,,,,,,,
Malaysia,SGPvsMAS_15122025,81.59449037497804,5.180283210990595,OPP Feed,4,,,,,Circle Edge,YES,,,Q1,,,,,,,
Malaysia,SGPvsMAS_15122025,85.19099934998893,5.286137464981465,OPP Feed,5,,,,,Inside Circle,YES,,,Q1,,,,,,,
Malaysia,SGPvsMAS_15122025,265.38976942698366,5.244040468996673,OPP Feed,6,,,,,Circle Edge,YES,,,Q1,,,,,,,
Malaysia,SGPvsMAS_15122025,332.19275034300006,5.102841780978736,OPP Feed,7,,,,,Circle Edge,YES,,,Q1,,,,,,,
Malaysia,SGPvsMAS_15122025,385.19591307999826,5.202588216007143,OPP Feed,8,,,,,Outside Circle,YES,,,Q1,,,,,,,
Malaysia,SGPvsMAS_15122025,439.68395555555554,5,OPP Feed,9,,,,,Outside Circle,YES,,,Q1,,,,,,,
Malaysia,SGPvsMAS_15122025,440.9918851,5.201084489973539,OPP Feed,10,,,,,Circle Edge,YES,,,Q1,,,,,,,
Malaysia,SGPvsMAS_15122025,469.19415631398937,5.197541012013971,OPP Feed,11,,,,,Outside Circle,YES,,,Q1,,,,,,,
Malaysia,SGPvsMAS_15122025,553.6048444444444,5,OPP Feed,12,,,,,Outside Circle,YES,,,Q1,,,,,,,
Malaysia,SGPvsMAS_15122025,554.8982171449901,5.196635449981272,OPP Feed,13,,,,,Inside Circle,YES,,,Q1,,,,,,,
Malaysia,SGPvsMAS_15122025,615.5267,5,OPP Feed,14,,,,,Circle Edge,YES,,,Q1,,,,,,,
Malaysia,SGPvsMAS_15122025,625.5902708050086,5.406637274979175,OPP Feed,15,,,,,Inside Circle,YES,,,Q1,,,,,,,
Malaysia,SGPvsMAS_15122025,719.3915958799861,5.202928620002581,OPP Feed,16,,,,,Outside Circle,YES,,,Q1,,,,,,,
Malaysia,SGPvsMAS_15122025,769.3909005139927,5.120551574975025,OPP Feed,17,,,,,Circle Edge,YES,,,Q1,,,,,,,
Malaysia,SGPvsMAS_15122025,771.3936536249904,5.194266682992293,OPP Feed,18,,,,,Inside Circle,YES,,,Q1,,,,,,,
Malaysia,SGPvsMAS_15122025,786.0380888888889,5,OPP Feed,19,,,,,Outside Circle,YES,,,Q1,,,,,,,
Malaysia,SGPvsMAS_15122025,799.4931511429918,5.121459157015465,OPP Feed,20,,,,,Circle Edge,YES,,,Q1,,,,,,,
Malaysia,SGPvsMAS_15122025,3372.8952257099954,4.975201319990447,SGP Feed,80,,,,,Circle Edge,YES,,Angelina Lim,Q4,,,,,,,
Brunei,SGPvsBRN_16122025,3652.896616548959,11.001588485027696,SGP Shot,96,,,,,,,,Amandeep Chahal,Q4,GS,Outer Left,SGP Goal,,,,
Malaysia,SGPvsMAS_15122025,926.2922431559683,5.403275543004611,OPP Feed,23,,,,,Outside Circle,YES,,,Q1,,,,,,,
Malaysia,SGPvsMAS_15122025,933.0919556959955,5.300197214012655,OPP Feed,24,,,,,Inside Circle,YES,,,Q1,,,,,,,
Malaysia,SGPvsMAS_15122025,967.8968358639772,5.316749663015003,OPP Feed,25,,,,,Outside Circle,YES,,,Q2,,,,,,,
Malaysia,SGPvsMAS_15122025,970.6778555555555,5,OPP Feed,26,,,,,Inside Circle,YES,,,Q2,,,,,,,
Malaysia,SGPvsMAS_15122025,1026.6932002979822,5.110816953019139,OPP Feed,27,,,,,Circle Edge,YES,,,Q2,,,,,,,
Malaysia,SGPvsMAS_15122025,1032.8924894379998,5.188603914982423,OPP Feed,28,,,,,Inside Circle,YES,,,Q2,,,,,,,
Malaysia,SGPvsMAS_15122025,1068.9465222222223,5,OPP Feed,29,,,,,Outside Circle,YES,,,Q2,,,,,,,
Malaysia,SGPvsMAS_15122025,1116.5440666666666,5,OPP Feed,30,,,,,Outside Circle,YES,,,Q2,,,,,,,
Malaysia,SGPvsMAS_15122025,1117.9936111489874,5.401909361983371,OPP Feed,31,,,,,Circle Edge,YES,,,Q2,,,,,,,
Malaysia,SGPvsMAS_15122025,1155.8083777777779,5,OPP Feed,32,,,,,Outside Circle,YES,,,Q2,,,,,,,
Malaysia,SGPvsMAS_15122025,1187.6887666666667,5,OPP Feed,33,,,,,Outside Circle,YES,,,Q2,,,,,,,
Thailand,SGPvsTHA_141225,3656.9922934979895,5.100536377997287,SGP Feed,100,,,,,Circle Edge,YES,,Tan Yi Jie,Q4,,,,,,,
Malaysia,SGPvsMAS_15122025,1257.4934180579824,5.196842510012175,OPP Feed,35,,,,,Circle Edge,YES,,,Q2,,,,,,,
Malaysia,SGPvsMAS_15122025,1315.7409333333333,5,OPP Feed,36,,,,,Outside Circle,YES,,,Q2,,,,,,,
Malaysia,SGPvsMAS_15122025,1324.0200333333332,5,OPP Feed,37,,,,,Outside Circle,NO,,,Q2,,,,,,,
Malaysia,SGPvsMAS_15122025,1401.3938642109827,5.309579143,OPP Feed,38,,,,,Outside Circle,YES,,,Q2,,,,,,,
Malaysia,SGPvsMAS_15122025,1473.6098444444444,5,OPP Feed,39,,,,,Outside Circle,YES,,,Q2,,,,,,,
Malaysia,SGPvsMAS_15122025,1485.5165666666667,5,OPP Feed,40,,,,,Circle Edge,YES,,,Q2,,,,,,,
Malaysia,SGPvsMAS_15122025,1505.5944333450063,5.322519720987884,OPP Feed,41,,,,,Circle Edge,NO,,,Q2,,,,,,,
Malaysia,SGPvsMAS_15122025,1571.0284555555556,5,OPP Feed,42,,,,,Outside Circle,NO,,,Q2,,,,,,,
Malaysia,SGPvsMAS_15122025,1663.0440333333333,5,OPP Feed,43,,,,,Circle Edge,YES,,,Q2,,,,,,,
Malaysia,SGPvsMAS_15122025,1712.5978572799938,4.994103871984407,OPP Feed,44,,,,,Circle Edge,YES,,,Q2,,,,,,,
Malaysia,SGPvsMAS_15122025,1717.036488888889,5,OPP Feed,45,,,,,Circle Edge,YES,,,Q2,,,,,,,
Malaysia,SGPvsMAS_15122025,1757.1974860999971,5.107393699995782,OPP Feed,46,,,,,Circle Edge,YES,,,Q2,,,,,,,
Malaysia,SGPvsMAS_15122025,1803.593899298975,5.200236525029368,OPP Feed,47,,,,,Outside Circle,YES,,,Q2,,,,,,,
Malaysia,SGPvsMAS_15122025,1849.0837555555556,5,OPP Feed,48,,,,,Outside Circle,YES,,,Q2,,,,,,,
Malaysia,SGPvsMAS_15122025,1911.3913439600121,5.301182582,OPP Feed,49,,,,,Outside Circle,NO,,,Q2,,,,,,,
Malaysia,SGPvsMAS_15122025,2052.8291777777777,5,OPP Feed,50,,,,,Outside Circle,YES,,,Q3,,,,,,,
Malaysia,SGPvsMAS_15122025,2097.667677777778,5,OPP Feed,51,,,,,Outside Circle,YES,,,Q3,,,,,,,
Malaysia,SGPvsMAS_15122025,2099.294085370998,5.208125548980661,OPP Feed,52,,,,,Circle Edge,YES,,,Q3,,,,,,,
Malaysia,SGPvsMAS_15122025,2167.306611111111,5,OPP Feed,53,,,,,Circle Edge,YES,,,Q3,,,,,,,
Malaysia,SGPvsMAS_15122025,2213.9923403969838,5.301920959008385,OPP Feed,54,,,,,Outside Circle,YES,,,Q3,,,,,,,
Malaysia,SGPvsMAS_15122025,2257.7937890199855,5.281373475002056,OPP Feed,55,,,,,Circle Edge,NO,,,Q3,,,,,,,
Malaysia,SGPvsMAS_15122025,2299.2346444444443,5,OPP Feed,56,,,,,Outside Circle,YES,,,Q3,,,,,,,
Malaysia,SGPvsMAS_15122025,2369.292698271973,5.094751822025501,OPP Feed,57,,,,,Circle Edge,YES,,,Q3,,,,,,,
Malaysia,SGPvsMAS_15122025,2424.944466666667,5,OPP Feed,58,,,,,Outside Circle,YES,,,Q3,,,,,,,
Malaysia,SGPvsMAS_15122025,2426.8939272859934,5.199633113987147,OPP Feed,59,,,,,Circle Edge,YES,,,Q3,,,,,,,
Malaysia,SGPvsMAS_15122025,2519.3952900929958,4.961049822013592,OPP Feed,60,,,,,Circle Edge,YES,,,Q3,,,,,,,
Malaysia,SGPvsMAS_15122025,2572.6092555555556,5,OPP Feed,61,,,,,Circle Edge,YES,,,Q3,,,,,,,
Malaysia,SGPvsMAS_15122025,2645.4907553879993,5.133430378999947,OPP Feed,62,,,,,Circle Edge,YES,,,Q3,,,,,,,
Malaysia,SGPvsMAS_15122025,2706.1927717219714,4.975710594007978,OPP Feed,63,,,,,Circle Edge,YES,,,Q3,,,,,,,
Malaysia,SGPvsMAS_15122025,2743.5158444444446,5,OPP Feed,64,,,,,Circle Edge,NO,,,Q3,,,,,,,
Malaysia,SGPvsMAS_15122025,2750.8377,5,OPP Feed,65,,,,,Outside Circle,NO,,,Q3,,,,,,,
Malaysia,SGPvsMAS_15122025,2810.5975142649854,5.135576092986867,OPP Feed,66,,,,,Circle Edge,YES,,,Q3,,,,,,,
Malaysia,SGPvsMAS_15122025,2859.290874,5,OPP Feed,67,,,,,Outside Circle,YES,,,Q3,,,,,,,
Malaysia,SGPvsMAS_15122025,2877.394646463989,5.129191545996036,OPP Feed,68,,,,,Circle Edge,YES,,,Q3,,,,,,,
Malaysia,SGPvsMAS_15122025,2915.388266666667,5,OPP Feed,69,,,,,Circle Edge,YES,,,Q3,,,,,,,
Malaysia,SGPvsMAS_15122025,2918.492510341002,5.145734229969094,OPP Feed,70,,,,,Circle Edge,YES,,,Q3,,,,,,,
Malaysia,SGPvsMAS_15122025,3046.292515032983,5.2012621100234355,OPP Feed,71,,,,,Circle Edge,YES,,,Q4,,,,,,,
Malaysia,SGPvsMAS_15122025,3106.490914,5.128849334010283,OPP Feed,72,,,,,Inside Circle,YES,,,Q4,,,,,,,
Malaysia,SGPvsMAS_15122025,3144.7784444444446,5,OPP Feed,73,,,,,Outside Circle,YES,,,Q4,,,,,,,
Malaysia,SGPvsMAS_15122025,3150.4936542419823,5.3025182819842485,OPP Feed,74,,,,,Circle Edge,NO,,,Q4,,,,,,,
Malaysia,SGPvsMAS_15122025,3256.1920590399877,6.097980591997384,OPP Feed,75,,,,,Outside Circle,YES,,,Q4,,,,,,,
Malaysia,SGPvsMAS_15122025,3328.627266666667,5,OPP Feed,76,,,,,Outside Circle,NO,,,Q4,,,,,,,
Malaysia,SGPvsMAS_15122025,3387.192538,5.095162075007465,OPP Feed,77,,,,,Circle Edge,YES,,,Q4,,,,,,,
Malaysia,SGPvsMAS_15122025,3397.9933503469806,5.111072997005067,OPP Feed,78,,,,,Circle Edge,YES,,,Q4,,,,,,,
Malaysia,SGPvsMAS_15122025,3470.9883855209623,5.9064113060057934,OPP Feed,79,,,,,Outside Circle,YES,,,Q4,,,,,,,
Malaysia,SGPvsMAS_15122025,3472.9930158779894,5.194456854017517,OPP Feed,80,,,,,Circle Edge,YES,,,Q4,,,,,,,
Malaysia,SGPvsMAS_15122025,3551.593243942009,5.135797266956615,OPP Feed,81,,,,,Circle Edge,YES,,,Q4,,,,,,,
Malaysia,SGPvsMAS_15122025,3556.2934043870086,5.399987801965381,OPP Feed,82,,,,,Inside Circle,YES,,,Q4,,,,,,,
Malaysia,SGPvsMAS_15122025,3590.517817,5,OPP Feed,83,,,,,Circle Edge,YES,,,Q4,,,,,,,
Malaysia,SGPvsMAS_15122025,3629.513322222222,5,OPP Feed,84,,,,,Inside Circle,NO,,,Q4,,,,,,,
Malaysia,SGPvsMAS_15122025,3643.5931207859962,5.129183679,OPP Feed,85,,,,,Circle Edge,YES,,,Q4,,,,,,,
Malaysia,SGPvsMAS_15122025,3795.1982109499704,5.303466524010673,OPP Feed,86,,,,,Outside Circle,YES,,,Q4,,,,,,,
Malaysia,SGPvsMAS_15122025,3847.693519565963,5.071881828022015,OPP Feed,87,,,,,Circle Edge,YES,,,Q4,,,,,,,
Malaysia,SGPvsMAS_15122025,3874.1933713079766,4.996007682027994,OPP Feed,88,,,,,Circle Edge,YES,,,Q4,,,,,,,
Malaysia,SGPvsMAS_15122025,3877.1903792440075,5.303598809960931,OPP Feed,89,,,,,Inside Circle,YES,,,Q4,,,,,,,
Malaysia,SGPvsMAS_15122025,3891.1058444444443,5,OPP Feed,90,,,,,Outside Circle,YES,,,Q4,,,,,,,
Malaysia,SGPvsMAS_15122025,3894.393523084994,5.197908291003387,OPP Feed,91,,,,,Circle Edge,YES,,,Q4,,,,,,,
Malaysia,SGPvsMAS_15122025,3898.719688888889,5,OPP Feed,92,,,,,Inside Circle,YES,,,Q4,,,,,,,
Malaysia,SGPvsMAS_15122025,3939.795866666667,5,OPP Feed,93,,,,,Outside Circle,YES,,,Q4,,,,,,,
Malaysia,SGPvsMAS_15122025,3943.586222222222,5,OPP Feed,94,,,,,Circle Edge,YES,,,Q4,,,,,,,
Malaysia,SGPvsMAS_15122025,3947.294680094992,5.201756795987876,OPP Feed,95,,,,,Inside Circle,YES,,,Q4,,,,,,,
Malaysia,SGPvsMAS_15122025,41.998333870992546,10.998778765976674,OPP Shot,1,,,,,,,,,Q1,GS,Inner Left,OPP Goal,,,,
Malaysia,SGPvsMAS_15122025,83.47654840200288,11.12229903297461,OPP Shot,2,,,,,,,,,Q1,GS,Inner Right,OPP Goal,,,,
Malaysia,SGPvsMAS_15122025,269.0776088809748,11.120419255012962,OPP Shot,3,,,,,,,,,Q1,GS,Inner Middle,OPP Goal,,,,
Malaysia,SGPvsMAS_15122025,331.8984901359794,11.098689483019825,OPP Shot,4,,,,,,,,,Q1,GA,Outer Left,OPP Goal,,,,
Malaysia,SGPvsMAS_15122025,384.99857450098466,10.999719319995506,OPP Shot,5,,,,,,,,,Q1,GS,Outer Middle,OPP Goal,,,,
Malaysia,SGPvsMAS_15122025,441.5956888888889,10,OPP Shot,6,,,,,,,,,Q1,GS,Inner Middle,OPP Miss,,,,
Malaysia,SGPvsMAS_15122025,446.2977049200116,11.200195852988202,OPP Shot,7,,,,,,,,,Q1,GA,Inner Middle,OPP Goal,,,,
Malaysia,SGPvsMAS_15122025,468.7180333333333,10,OPP Shot,8,,,,,,,,,Q1,GS,Outer Right,OPP Miss,,,,
Malaysia,SGPvsMAS_15122025,533.6977027400085,11.000217217957584,OPP Shot,9,,,,,,,,,Q1,GS,Inner Middle,OPP Goal,,,,
Malaysia,SGPvsMAS_15122025,554.0975528509799,11.001048040993282,OPP Shot,10,,,,,,,,,Q1,GA,Inner Middle,OPP Goal,,,,
Malaysia,SGPvsMAS_15122025,629.9978045789844,11.099058081005637,OPP Shot,11,,,,,,,,,Q1,GS,Inner Right,OPP Goal,,,,
Malaysia,SGPvsMAS_15122025,719.3987537629816,11.198182342007954,OPP Shot,12,,,,,,,,,Q1,GS,Inner Left,OPP Goal,,,,
Malaysia,SGPvsMAS_15122025,770.9978749829853,10.999778481005023,OPP Shot,13,,,,,,,,,Q1,GA,Inner Right,OPP Goal,,,,
Malaysia,SGPvsMAS_15122025,802.7976030169739,10.899526170007562,OPP Shot,14,,,,,,,,,Q1,GS,Outer Right,OPP Goal,,,,
Malaysia,SGPvsMAS_15122025,866.5957035889758,10.801720034014693,OPP Shot,15,,,,,,,,,Q1,GS,Inner Middle,OPP Goal,,,,
Malaysia,SGPvsMAS_15122025,896.3033017739754,10.994369487024755,OPP Shot,16,,,,,,,,,Q1,GS,Inner Middle,OPP Goal,,,,
Malaysia,SGPvsMAS_15122025,931.2982516619613,11.199840136010607,OPP Shot,17,,,,,,,,,Q1,GS,Inner Middle,OPP Goal,,,,
Malaysia,SGPvsMAS_15122025,971.7976035779967,11.202460726003324,OPP Shot,18,,,,,,,,,Q2,GS,Inner Middle,OPP Goal,,,,
Malaysia,SGPvsMAS_15122025,1031.7759618199643,11.221652462016664,OPP Shot,19,,,,,,,,,Q2,GS,Inner Middle,OPP Goal,,,,
Malaysia,SGPvsMAS_15122025,1067.3984483369745,11.098180466024587,OPP Shot,20,,,,,,,,,Q2,GS,Inner Left,OPP Goal,,,,
Malaysia,SGPvsMAS_15122025,1116.876626722995,11.521364237998796,OPP Shot,21,,,,,,,,,Q2,GS,Inner Right,OPP Goal,,,,
Malaysia,SGPvsMAS_15122025,1153.6980369809908,11.10062583301442,OPP Shot,22,,,,,,,,,Q2,GS,Inner Left,OPP Goal,,,,
Malaysia,SGPvsMAS_15122025,1189.4985691429927,11.09986998099589,OPP Shot,23,,,,,,,,,Q2,GS,Inner Right,OPP Goal,,,,
Malaysia,SGPvsMAS_15122025,1257.175501590989,11.522084962998633,OPP Shot,24,,,,,,,,,Q2,GA,Outer Left,OPP Goal,,,,
Malaysia,SGPvsMAS_15122025,1399.7984889809748,11.299739008007691,OPP Shot,25,,,,,,,,,Q2,GS,Inner Right,OPP Goal,,,,
Malaysia,SGPvsMAS_15122025,1485.9756602299842,11.222864016011954,OPP Shot,26,,,,,,,,,Q2,GS,Inner Right,OPP Goal,,,,
Malaysia,SGPvsMAS_15122025,1519.2768197069672,11.312576455002272,OPP Shot,27,,,,,,,,,Q2,GS,Inner Right,OPP Goal,,,,
Malaysia,SGPvsMAS_15122025,1665.3772202719836,11.220660538001312,OPP Shot,28,,,,,,,,,Q2,GS,Inner Middle,OPP Goal,,,,
Malaysia,SGPvsMAS_15122025,1717.3953060179745,11.002273878010783,OPP Shot,29,,,,,,,,,Q2,GA,Inner Middle,OPP Goal,,,,
Malaysia,SGPvsMAS_15122025,1760.3975412949785,10.998984196025276,OPP Shot,30,,,,,,,,,Q2,GA,Inner Right,OPP Goal,,,,
Malaysia,SGPvsMAS_15122025,1800.9979972679866,10.999343549001424,OPP Shot,31,,,,,,,,,Q2,GS,Inner Right,OPP Goal,,,,
Malaysia,SGPvsMAS_15122025,1848.698048845001,10.999849756993854,OPP Shot,32,,,,,,,,,Q2,GS,Outer Left,OPP Goal,,,,
Malaysia,SGPvsMAS_15122025,1946.9430555555555,10,OPP Shot,33,,,,,,,,,Q3,GS,Inner Middle,OPP Goal,,,,
Malaysia,SGPvsMAS_15122025,2006.5769215789871,11.12102129400023,OPP Shot,34,,,,,,,,,Q3,GS,Outer Left,OPP Goal,,,,
Malaysia,SGPvsMAS_15122025,2051.976955601965,11.12056776300733,OPP Shot,35,,,,,,,,,Q3,GS,Inner Right,OPP Goal,,,,
Malaysia,SGPvsMAS_15122025,2097.745611111111,10,OPP Shot,36,,,,,,,,,Q3,GA,Outer Right,OPP Miss,,,,
Malaysia,SGPvsMAS_15122025,2104.798090528004,10.998378523986503,OPP Shot,37,,,,,,,,,Q3,GS,Inner Right,OPP Goal,,,,
Malaysia,SGPvsMAS_15122025,2165.397319077996,11.101037342002655,OPP Shot,38,,,,,,,,,Q3,GS,Inner Right,OPP Goal,,,,
Malaysia,SGPvsMAS_15122025,2212.796299027981,10.901589277994844,OPP Shot,39,,,,,,,,,Q3,GS,Inner Left,OPP Goal,,,,
Malaysia,SGPvsMAS_15122025,2368.6409444444444,10,OPP Shot,40,,,,,,,,,Q3,GS,Inner Left,OPP Miss,,,,
Malaysia,SGPvsMAS_15122025,2521.7980382629894,10.999647817005552,OPP Shot,41,,,,,,,,,Q3,GA,Inner Middle,OPP Goal,,,,
Malaysia,SGPvsMAS_15122025,2576.0984175729754,11.199916862013652,OPP Shot,42,,,,,,,,,Q3,GS,Inner Right,OPP Goal,,,,
Malaysia,SGPvsMAS_15122025,2644.5939833609723,11.002817334035626,OPP Shot,43,,,,,,,,,Q3,"GA, GA",Inner Middle,"OPP Goal, Goal",,,,
Malaysia,SGPvsMAS_15122025,2704.1973996010065,11.099895009977445,OPP Shot,44,,,,,,,,,Q3,GS,Inner Right,OPP Goal,,,,
Malaysia,SGPvsMAS_15122025,2809.9983067009853,11.00008265,OPP Shot,45,,,,,,,,,Q3,GA,Outer Right,OPP Goal,,,,
Malaysia,SGPvsMAS_15122025,2875.598080728991,11.100355505979678,OPP Shot,46,,,,,,,,,Q3,GS,Inner Right,OPP Goal,,,,
Malaysia,SGPvsMAS_15122025,2919.363566666667,10,OPP Shot,47,,,,,,,,,Q3,GS,Outer Right,OPP Goal,,,,
Malaysia,SGPvsMAS_15122025,2982.636988888889,10,OPP Shot,48,,,,,,,,,Q4,GS,Inner Middle,OPP Goal,,,,
Malaysia,SGPvsMAS_15122025,3044.5992332079904,10.898861991992362,OPP Shot,49,,,,,,,,,Q4,GS,Inner Right,OPP Goal,,,,
Malaysia,SGPvsMAS_15122025,3104.595744450999,11.100580002990682,OPP Shot,50,,,,,,,,,Q4,GS,Inner Middle,OPP Goal,,,,
Malaysia,SGPvsMAS_15122025,3266.8775354419763,11.418542339014039,OPP Shot,51,,,,,,,,,Q4,GS,Inner Right,OPP Goal,,,,
Malaysia,SGPvsMAS_15122025,3397.1458666666667,10,OPP Shot,52,,,,,,,,,Q4,GS,Outer Left,OPP Miss,,,,
Malaysia,SGPvsMAS_15122025,3469.7158666666664,10,OPP Shot,53,,,,,,,,,Q4,GA,Inner Right,OPP Miss,,,,
Malaysia,SGPvsMAS_15122025,3472.897233152989,11.700082668008235,OPP Shot,54,,,,,,,,,Q4,GS,Inner Right,OPP Goal,,,,
Malaysia,SGPvsMAS_15122025,3555.111511111111,10,OPP Shot,55,,,,,,,,,Q4,GS,Inner Right,OPP Goal,,,,
Malaysia,SGPvsMAS_15122025,3589.397709818981,11.001929447003022,OPP Shot,56,,,,,,,,,Q4,GA,Outer Middle,OPP Goal,,,,
Malaysia,SGPvsMAS_15122025,3643.076715941974,11.221220333987276,OPP Shot,57,,,,,,,,,Q4,GA,Inner Right,OPP Goal,,,,
Malaysia,SGPvsMAS_15122025,3803.6788926419904,11.219547098015937,OPP Shot,58,,,,,,,,,Q4,GS,Inner Right,OPP Goal,,,,
Malaysia,SGPvsMAS_15122025,3845.8986272359816,10.999400230007268,OPP Shot,59,,,,,,,,,Q4,GS,Inner Right,OPP Goal,,,,
Malaysia,SGPvsMAS_15122025,3874.497921410997,11.399721861998387,OPP Shot,60,,,,,,,,,Q4,GS,Inner Middle,OPP Goal,,,,
Malaysia,SGPvsMAS_15122025,3896.4970376969864,11.000458559988147,OPP Shot,61,,,,,,,,,Q4,GS,Inner Left,OPP Goal,,,,
Malaysia,SGPvsMAS_15122025,3944.742888888889,10,OPP Shot,62,,,,,,,,,Q4,GS,Inner Right,OPP Goal,,,,
Malaysia,SGPvsMAS_15122025,124.75574444444445,23.842438304545425,SGP Gains,1,,,,,Circle Edge,YES,Interception,Khor Ting Fang,"Q1, Q1, Q1",GS,Outer Right,SGP Goal,Defensive Right,,,
Malaysia,SGPvsMAS_15122025,176.57678076897548,46.27667478658006,SGP Gains,2,,,,,Circle Edge,YES,Droped Ball,Jamie Lim,"Q1, Q1, Q1",GS,Inner Left,SGP Goal,Defensive Right Pocket,,,
Malaysia,SGPvsMAS_15122025,284.1973232489884,30.101284010002473,SGP Gains,3,,,,,"Outside Circle, Outside Circle, Circle Edge","NO, YES, YES",Droped Ball,,"Q1, Q1, Q1, Q1, Q1",GS,Inner Middle,SGP Goal,Center Right Attack,,,
Malaysia,SGPvsMAS_15122025,471.7180333333333,32.979842882651326,SGP Gains,4,,,,,Circle Edge,YES,Missed Rebound,Jamie Lim,"Q1, Q1, Q1",GS,Inner Left,SGP Goal,Defensive D,,,
Malaysia,SGPvsMAS_15122025,673.7976009,44.81309914202393,SGP Gains,5,,,,,,,Pass Out of Bounds,,"Q1, Q1",GS,Outer Left,SGP Miss,Defensive Left Pocket,,,
Malaysia,SGPvsMAS_15122025,1322.0200333333332,26.379218956637033,SGP Gains,6,,,,,"Circle Edge, Circle Edge","YES, YES",Interception,Khor Ting Fang,"Q2, Q2, Q2, Q2",GS,Inner Right,SGP Goal,Defensive Left Pocket,,,
Malaysia,SGPvsMAS_15122025,1569.0284555555556,49.97036570543037,SGP Gains,7,,,,,Circle Edge,YES,Droped Ball,Yew Shu Ning,"Q2, Q2, Q2",GA,Inner Left,SGP Goal,Defensive D,,,
Malaysia,SGPvsMAS_15122025,1890.8350777777778,19.06411461719813,SGP Gains,8,,,,,,,Repossession,,Q2,,,,Attacking Right,,,
Malaysia,SGPvsMAS_15122025,2258.512188888889,25.986084334086627,SGP Gains,9,,,,,"Outside Circle, Circle Edge, Inside Circle","YES, YES, YES",Droped Ball,Jamie Lim,"Q3, Q3, Q3, Q3, Q3",GS,Inner Middle,SGP Goal,Defensive Right Pocket,,,
Malaysia,SGPvsMAS_15122025,2303.4978594689946,39.40125446,SGP Gains,10,,,,,Circle Edge,YES,Contact,,"Q3, Q3, Q3",GA,Outer Right,SGP Miss,Defensive D,,,
Malaysia,SGPvsMAS_15122025,2374.197399,41.90110662299048,SGP Gains,11,,,,,"Outside Circle, Circle Edge","YES, YES",Missed Rebound,,"Q3, Q3, Q3, Q3",GA,Inner Right,SGP Goal,Defensive D,,,
Malaysia,SGPvsMAS_15122025,2430.1650555555557,37.234146904424506,SGP Gains,12,,,,,"Outside Circle, Circle Edge, Inside Circle","YES, YES, YES",Obstruction,,"Q3, Q3, Q3, Q3, Q3",GS,Inner Right,SGP Goal,Defensive D,,,
Malaysia,SGPvsMAS_15122025,2750.498725655974,40.59150767735946,SGP Gains,13,,,,,Circle Edge,NO,Contact,Jamie Lim,"Q3, Q3",,,,Defensive D,,,
Malaysia,SGPvsMAS_15122025,3150.5773286709846,73.22021256600146,SGP Gains,14,,,,,Circle Edge,YES,Droped Ball,Yew Shu Ning,"Q4, Q4, Q4",GA,Inner Left,SGP Goal,Defensive Right Pocket,,,
Malaysia,SGPvsMAS_15122025,3327.156233333333,32.64260536364782,SGP Gains,15,,,,,Inside Circle,YES,Interception,Tan Yi Jie,"Q4, Q4, Q4",GA,Inner Middle,SGP Goal,Defensive Middle,,,
Malaysia,SGPvsMAS_15122025,3401.530211111111,39.36734329088267,SGP Gains,16,,,,,"Circle Edge, Inside Circle","YES, YES",Missed Rebound,Yew Shu Ning,"Q4, Q4, Q4, Q4",GS,Inner Right,SGP Goal,Defensive D,,,
Malaysia,SGPvsMAS_15122025,3658.3603222222223,36.03800343177727,SGP Gains,17,,,,,Outside Circle,YES,Droped Ball,Toh Kai Wei,"Q4, Q4, Q4",GA,Inner Left,SGP Goal,Center Right Defense,,,
Malaysia,SGPvsMAS_15122025,3730.841266666667,42.75620345232983,SGP Gains,18,,,,,Circle Edge,YES,Held,,"Q4, Q4, Q4",GS,Inner Right,SGP Goal,Defensive Right Pocket,,,
Malaysia,SGPvsMAS_15122025,279.9623888888889,11.234934360099544,SGP Turnovers,1,,,,,,,Interception,Toh Kai Wei,Q1,,,,Attacking D,,,
Malaysia,SGPvsMAS_15122025,409.53515555555555,47.96274521744425,SGP Turnovers,2,,,,,"Outside Circle, Circle Edge","YES, YES",Missed Rebound,Toh Kai Wei,"Q1, Q1, Q1, Q1, Q1","GS, GA","Inner Middle, Inner Middle","OPP Miss, OPP Goal",Attacking D,,,
Malaysia,SGPvsMAS_15122025,505.77627777777775,38.921642180188314,SGP Turnovers,3,,,,,,,Interception,Rachel Ling,"Q1, Q1",GS,Inner Middle,OPP Goal,Attacking Middle,,,
Malaysia,SGPvsMAS_15122025,711.6107,18.986236104989644,SGP Turnovers,4,,,,,Outside Circle,YES,Missed Rebound,Amandeep Chahal,"Q1, Q1, Q1",GS,Inner Left,OPP Goal,Attacking D,,,
Malaysia,SGPvsMAS_15122025,737.4979007849854,44.49975267900493,SGP Turnovers,5,,,,,"Circle Edge, Inside Circle","YES, YES",Pass Out of Bounds,Toh Kai Wei,"Q1, Q1, Q1, Q1",GA,Inner Right,OPP Goal,Attacking Right Pocket,,,
Malaysia,SGPvsMAS_15122025,885.6984157759698,21.599255485030312,SGP Turnovers,6,,,,,Outside Circle,YES,Interception,Jamie Lim,"Q1, Q1, Q1",GS,Inner Middle,OPP Goal,Attacking Right,,,
Malaysia,SGPvsMAS_15122025,1448.0355777777777,49.16294646821848,SGP Turnovers,7,,,,,"Circle Edge, Outside Circle","YES, YES",Missed Rebound,Amandeep Chahal,"Q2, Q2, Q2, Q2",GS,Inner Right,OPP Goal,Attacking D,,,
Malaysia,SGPvsMAS_15122025,1877.2980187149901,20.537059062787648,SGP Turnovers,8,,,,,,,Shot Out of Bounds,Amandeep Chahal,Q2,,,,Attacking D,,,
Malaysia,SGPvsMAS_15122025,1902.899192394976,16.780929827246382,SGP Turnovers,9,,,,,Outside Circle,NO,Repossession,Amandeep Chahal,"Q2, Q2",,,,Attacking Right Pocket,,,
Malaysia,SGPvsMAS_15122025,2289.0983509419802,21.399508527014405,SGP Turnovers,10,,,,,Outside Circle,YES,Contact,Amandeep Chahal,"Q3, Q3",,,,Center Mid Attack,,,
Malaysia,SGPvsMAS_15122025,2335.8991139319915,45.29828457700842,SGP Turnovers,11,,,,,Circle Edge,YES,Shot Out of Bounds,Amandeep Chahal,"Q3, Q3, Q3",GS,Inner Left,OPP Miss,Attacking D,,,
Malaysia,SGPvsMAS_15122025,2676.469311111111,38.82798349987297,SGP Turnovers,12,,,,,Circle Edge,YES,Missed Rebound,Amandeep Chahal,"Q3, Q3, Q3",GS,Inner Right,OPP Goal,Attacking D,,,
Malaysia,SGPvsMAS_15122025,2784.0902333333333,36.90815601864642,SGP Turnovers,13,,,,,Circle Edge,YES,Pass Out of Bounds,Toh Kai Wei,"Q3, Q3, Q3",GA,Outer Right,OPP Goal,Attacking D,,,
Malaysia,SGPvsMAS_15122025,2891.082448,38.28111856466694,SGP Turnovers,14,,,,,"Circle Edge, Circle Edge","YES, YES",Pass Out of Bounds,Amandeep Chahal,"Q3, Q3, Q3, Q3",GS,Outer Right,OPP Goal,Attacking Right,,,
Malaysia,SGPvsMAS_15122025,3532.247788888889,32.86372222222235,SGP Turnovers,15,,,,,"Circle Edge, Inside Circle","YES, YES",Missed Rebound,Lee Pei Shan,"Q4, Q4, Q4, Q4",GS,Inner Right,OPP Goal,Attacking D,,,
Malaysia,SGPvsMAS_15122025,3602.189988888889,52.10794738707227,SGP Turnovers,16,,,,,"Inside Circle, Circle Edge","NO, YES",Breaking,Angelina Lim,"Q4, Q4, Q4, Q4",GA,Inner Right,OPP Goal,Center Left Attack,,,
Malaysia,SGPvsMAS_15122025,3864.498197457973,21.399445815022318,SGP Turnovers,17,,,,,"Circle Edge, Inside Circle","YES, YES",Contact,Lee Pei Shan,"Q4, Q4, Q4, Q4",GS,Inner Middle,OPP Goal,Attacking D,,,
Malaysia_final,SGP vs MAS_final_17122025,25.88913861399326,35.50238463198239,SGP CPA,1,Center Left Defense,GA,Center Left Defense,GD,Circle Edge,YES,,,"Q1, Q1, Q1, Q1","GS, GS","Outer Right, Inner Middle","SGP Miss, SGP Goal",,,,
Malaysia_final,SGP vs MAS_final_17122025,89.79305431199126,21.206516854995442,SGP CPA,2,Center Right Attack,GA,Attacking Right,GS,Inside Circle,YES,,,"Q1, Q1, Q1",GS,Inner Left,SGP Goal,,,,
Malaysia_final,SGP vs MAS_final_17122025,144.69457961295612,46.00297828304559,SGP CPA,3,Center Right Attack,Not Taken,,,"Circle Edge, Circle Edge","YES, YES",,,"Q1, Q1, Q1, Q1, Q1","GS, GS","Outer Left, Inner Middle","SGP Miss, SGP Goal",,,,
Malaysia_final,SGP vs MAS_final_17122025,217.29481454196397,62.28961879136935,SGP CPA,4,Center Mid Defense,GD,Center Mid Defense,WD,"Circle Edge, Circle Edge, Circle Edge, Circle Edge","NO, YES, YES, YES",,,"Q1, Q1, Q1, Q1, Q1, Q1, Q1",GS,Inner Middle,OPP Goal,,,,
Malaysia_final,SGP vs MAS_final_17122025,310.59335103297815,14.305090756019524,SGP CPA,5,Center Left Attack,GA,Center Left Attack,WD,"Circle Edge, Circle Edge","YES, YES",,,"Q1, Q1, Q1, Q1",GS,Inner Middle,SGP Goal,,,,
Malaysia_final,SGP vs MAS_final_17122025,357.4926671630155,38.50597805997029,SGP CPA,6,Center Left Attack,GA,Attacking Left,WA,"Circle Edge, Circle Edge","YES, YES",,,"Q1, Q1, Q1, Q1",GS,Inner Left,SGP Goal,,,,
Malaysia_final,SGP vs MAS_final_17122025,416.3071931799989,70.5891173,SGP CPA,7,Center Left Defense,GA,Center Left Defense,WD,"Outside Circle, Outside Circle","YES, YES",,,"Q1, Q1, Q1, Q1, Q1",GS,Inner Middle,OPP Goal,,,,
Malaysia_final,SGP vs MAS_final_17122025,525.7936173,63.30181371302126,SGP CPA,8,Center Mid Attack,WA,Attacking Middle,GS,"Circle Edge, Inside Circle","NO, YES",,,"Q1, Q1, Q1, Q1, Q1",GS,Inner Middle,OPP Goal,,,,
Malaysia_final,SGP vs MAS_final_17122025,614.5569222222222,23.741440123738812,SGP CPA,9,Center Mid Defense,WD,Center Left Attack,C,"Circle Edge, Circle Edge","YES, YES",,,"Q1, Q1, Q1, Q1",GS,Outer Right,SGP Goal,,,,
Malaysia_final,SGP vs MAS_final_17122025,704.5984134530087,28.49862358298867,SGP CPA,10,Center Left Attack,GA,Center Right Attack,GD,"Circle Edge, Circle Edge","YES, YES",,,"Q1, Q1, Q1, Q1",GA,Outer Right,SGP Goal,,,,
Malaysia_final,SGP vs MAS_final_17122025,781.3923785059952,36.10333120598659,SGP CPA,11,Center Mid Defense,GD,Center Mid Attack,C,Circle Edge,YES,,,"Q1, Q1, Q1",GA,Outer Middle,SGP Goal,,,,
Malaysia_final,SGP vs MAS_final_17122025,844.1966594569727,18.80161938601202,SGP CPA,12,Center Left Attack,GA,Attacking Left Pocket,WA,Circle Edge,YES,,,"Q1, Q1, Q1",GS,Outer Right,SGP Goal,,,,
Malaysia_final,SGP vs MAS_final_17122025,892.1919106279475,22.52306714983024,SGP CPA,13,Center Mid Defense,GD,,Not Taken,Circle Edge,YES,,,"Q1, Q1, Q1",GS,Inner Left,SGP Goal,,,,
Philippines,SGPvsPHI_121225,3749.9517895668896,5.201318690028529,SGP Feed,125,,,,,Circle Edge,YES,,Rachel Ling,Q4,,,,,,,
Malaysia_final,SGP vs MAS_final_17122025,1080.5938332000146,18.803297376947285,SGP CPA,15,Center Mid Attack,GA,,Not Taken,Circle Edge,YES,,,"Q2, Q2, Q2",GS,Outer Left,SGP Goal,,,,
Malaysia_final,SGP vs MAS_final_17122025,1131.4921849639684,43.10620531602012,SGP CPA,16,Center Right Defense,GD,Center Right Attack,WA,"Circle Edge, Circle Edge","YES, YES",,,"Q2, Q2, Q2, Q2",GA,Outer Left,SGP Goal,,,,
Malaysia_final,SGP vs MAS_final_17122025,1217.3940509299634,22.703987349992076,SGP CPA,17,Center Mid Attack,WA,Attacking Right,GS,Circle Edge,YES,,,"Q2, Q2, Q2",GS,Inner Middle,SGP Goal,,,,
Malaysia_final,SGP vs MAS_final_17122025,1266.0941586739975,28.403686823936596,SGP CPA,18,Center Left Attack,GA,Center Mid Attack,C,Circle Edge,YES,,,"Q2, Q2, Q2, Q2, Q2","GS, GS","Inner Left, Outer Left, Inner Left","SGP Miss, SGP Goal",,,,
Malaysia_final,SGP vs MAS_final_17122025,1334.7904220620128,37.806224272983854,SGP CPA,19,Center Right Defense,GD,Center Right Attack,GA,"Circle Edge, Circle Edge","NO, YES",,,"Q2, Q2, Q2, Q2",GA,Outer Right,SGP Goal,,,,
Malaysia_final,SGP vs MAS_final_17122025,1442.8938704769364,21.603993285034676,SGP CPA,20,Center Right Attack,GA,Attacking Right,WA,Circle Edge,YES,,,"Q2, Q2, Q2",GS,Inner Left,SGP Goal,,,,
Malaysia_final,SGP vs MAS_final_17122025,1504.2939026959805,25.703184474010186,SGP CPA,21,Center Right Attack,WA,Center Right Defense,GD,"Circle Edge, Inside Circle","YES, YES",,,"Q2, Q2, Q2, Q2",GS,Inner Left,SGP Goal,,,,
Malaysia_final,SGP vs MAS_final_17122025,1553.5775550339747,54.92057829102146,SGP CPA,22,Center Mid Defense,GD,Center Mid Defense,C,Circle Edge,YES,,,"Q2, Q2, Q2",GA,Outer Right,SGP Goal,,,,
Malaysia_final,SGP vs MAS_final_17122025,1632.9925147729673,17.405214884980523,SGP CPA,23,Center Mid Attack,Not Taken,,,Outside Circle,YES,,,"Q2, Q2, Q2",GA,Inner Right,SGP Goal,,,,
Malaysia_final,SGP vs MAS_final_17122025,1715.9920046859681,29.20691795405878,SGP CPA,24,Center Left Attack,WA,Attacking Right,GA,"Circle Edge, Circle Edge, Inside Circle","YES, YES, YES",,,"Q2, Q2, Q2, Q2, Q2",GS,Inner Middle,SGP Goal,,,,
Malaysia_final,SGP vs MAS_final_17122025,1831.2903839969977,46.90845146298989,SGP CPA,25,Center Mid Attack,WD,Attacking Middle,GA,"Circle Edge, Outside Circle, Circle Edge","YES, NO, YES",,,"Q2, Q2, Q2, Q2, Q2, Q2, Q2","GS, GA","Outer Right, Inner Middle","SGP Miss, OPP Goal",,,,
Malaysia_final,SGP vs MAS_final_17122025,1903.7945582209964,31.704050792008502,SGP CPA,26,Center Right Attack,GA,Center Right Attack,GD,"Circle Edge, Circle Edge","YES, YES",,,"Q2, Q2, Q2, Q2",GA,Inner Right,SGP Goal,,,,
Malaysia_final,SGP vs MAS_final_17122025,1962.592745862018,15.704915595977582,SGP CPA,27,Center Left Defense,GA,Center Left Attack,GD,Outside Circle,YES,,,"Q3, Q3, Q3",GS,Inner Left,SGP Goal,,,,
Malaysia_final,SGP vs MAS_final_17122025,2003.9930177359909,41.50497878093688,SGP CPA,28,Center Left Attack,Not Taken,,,"Circle Edge, Circle Edge, Inside Circle","YES, YES, YES",,,"Q3, Q3, Q3, Q3, Q3, Q3",GS,Inner Middle,OPP Goal,,,,
Malaysia_final,SGP vs MAS_final_17122025,2071.0915626999767,28.907575022036326,SGP CPA,29,Center Right Attack,GD,Attacking Right Pocket,GA,Circle Edge,YES,,,"Q3, Q3, Q3, Q3","GS, GS","Outer Middle, Inner Right","SGP Miss, SGP Goal",,,,
Malaysia_final,SGP vs MAS_final_17122025,3782.3891299199895,5.188456404986482,OPP Feed,97,,,,,Circle Edge,YES,,,Q4,,,,,,,
Malaysia_final,SGP vs MAS_final_17122025,2207.9968435609976,28.70159173,SGP CPA,31,,Not Taken,,,Circle Edge,YES,,,"Q3, Q3, Q3, Q3","GS, GS","Inner Middle, Inner Right","SGP Miss, SGP Goal",,,,
Malaysia_final,SGP vs MAS_final_17122025,2287.5931800699273,45.30477694702358,SGP CPA,32,Center Right Attack,GA,Attacking Middle,GS,"Circle Edge, Circle Edge, Circle Edge, Circle Edge","YES, YES, YES, YES",,,"Q3, Q3, Q3, Q3, Q3, Q3",GS,Inner Middle,SGP Goal,,,,
Malaysia_final,SGP vs MAS_final_17122025,2420.3927905139885,34.87812403001135,SGP CPA,33,Center Mid Attack,GA,Center Left Attack,WA,Outside Circle,YES,,,"Q3, Q3, Q3",GS,Inner Left,SGP Goal,,,,
Malaysia_final,SGP vs MAS_final_17122025,2490.191862042961,23.706013079036893,SGP CPA,34,Center Right Attack,GA,Attacking Right,C,,,,,"Q3, Q3",GS,Inner Right,SGP Goal,,,,
Malaysia_final,SGP vs MAS_final_17122025,2545.793171075961,54.10462880000114,SGP CPA,35,Center Left Attack,WA,Attacking Left,GS,"Outside Circle, Outside Circle, Inside Circle","YES, YES, YES",,,"Q3, Q3, Q3, Q3, Q3, Q3",GS,Inner Left,OPP Goal,,,,
Malaysia_final,SGP vs MAS_final_17122025,2627.1584009169874,36.88651019412373,SGP CPA,36,Center Mid Attack,GA,Attacking Right Pocket,WA,Circle Edge,YES,,,"Q3, Q3, Q3",GA,Outer Left,SGP Goal,,,,
Malaysia_final,SGP vs MAS_final_17122025,2708.6920549969577,97.71570389304225,SGP CPA,37,Center Right Attack,WA,Center Right Attack,GD,"Circle Edge, Inside Circle, Circle Edge, Outside Circle, Inside Circle","YES, NO, YES, YES, YES",,,"Q3, Q3, Q3, Q3, Q3, Q3, Q3, Q3, Q3, Q3, Q3","GS, GA","Inner Middle, Inner Right","SGP Miss, OPP Goal",,,,
Malaysia_final,SGP vs MAS_final_17122025,2842.2926133499795,18.20478440996021,SGP CPA,38,Center Mid Attack,Not Taken,,,Outside Circle,YES,,,"Q3, Q3, Q3",GS,Inner Right,SGP Goal,,,,
Thailand,SGPvsTHA_141225,3883.4927738959705,4.991512283013435,OPP Feed,61,,,,,Outside Circle,YES,,,Q4,,,,,,,
Malaysia_final,SGP vs MAS_final_17122025,2962.5940029559633,63.10428436598886,SGP CPA,40,Center Left Attack,GA,,Not Taken,"Circle Edge, Inside Circle","YES, YES",,,"Q4, Q4, Q4, Q4, Q4",GS,Inner Middle,OPP Goal,,,,
Malaysia_final,SGP vs MAS_final_17122025,3102.192185022983,43.60514052196504,SGP CPA,41,,Not Taken,,,"Circle Edge, Outside Circle","YES, YES",,,"Q4, Q4, Q4, Q4, Q4, Q4","GS, GS","Inner Middle, Inner Left","SGP Miss, OPP Goal",,,,
Malaysia_final,SGP vs MAS_final_17122025,3190.792183754983,24.70623277695904,SGP CPA,42,Center Right Attack,GA,Center Mid Attack,C,Circle Edge,YES,,,"Q4, Q4, Q4",GS,Inner Middle,SGP Goal,,,,
Malaysia_final,SGP vs MAS_final_17122025,3274.791886861022,54.40676022896878,SGP CPA,43,Center Left Attack,GA,Center Left Attack,WA,Circle Edge,YES,,,"Q4, Q4, Q4, Q4",GS,Inner Middle,OPP Goal,,,,
Malaysia_final,SGP vs MAS_final_17122025,3344.472789700982,49.42366334896724,SGP CPA,44,,Not Taken,,,"Outside Circle, Circle Edge, Outside Circle","YES, YES, YES",,,"Q4, Q4, Q4, Q4, Q4, Q4",GA,Inner Right,OPP Goal,,,,
Malaysia_final,SGP vs MAS_final_17122025,3418.0925032439773,32.90592240000751,SGP CPA,45,Center Right Attack,GA,Attacking D,GS,"Outside Circle, Circle Edge, Circle Edge, Inside Circle","YES, YES, YES, YES",,,"Q4, Q4, Q4, Q4, Q4, Q4",GS,Inner Left,SGP Goal,,,,
Malaysia_final,SGP vs MAS_final_17122025,3511.434888888889,11.681422222221954,SGP CPA,46,Center Right Attack,WA,Attacking Right,GS,Outside Circle,YES,,,"Q4, Q4, Q4",GA,Inner Right,SGP Goal,,,,
Malaysia_final,SGP vs MAS_final_17122025,3599.4529555555555,13.345278180425339,SGP CPA,47,Center Mid Attack,GA,Attacking Middle,WA,Circle Edge,YES,,,"Q4, Q4, Q4",GS,Inner Left,SGP Goal,,,,
Malaysia_final,SGP vs MAS_final_17122025,3691.8898669119512,28.006604450074974,SGP CPA,48,Center Right Attack,WA,Attacking Right Pocket,GA,Circle Edge,YES,,,"Q4, Q4, Q4",GS,Inner Right,SGP Goal,,,,
Malaysia_final,SGP vs MAS_final_17122025,3749.7912859979588,20.707984879996275,SGP CPA,49,Center Mid Attack,GA,Attacking Middle,C,"Circle Edge, Circle Edge","YES, YES",,,"Q4, Q4, Q4, Q4",GS,Inner Left,SGP Goal,,,,
Malaysia_final,SGP vs MAS_final_17122025,3806.293388432964,19.904598433007777,SGP CPA,50,Center Left Attack,Not Taken,,,"Outside Circle, Inside Circle","YES, YES",,,"Q4, Q4, Q4, Q4",GS,Inner Left,SGP Goal,,,,
Malaysia_final,SGP vs MAS_final_17122025,3864.792302447987,68.50790093100477,SGP CPA,51,Center Right Defense,GD,,Not Taken,"Outside Circle, Circle Edge, Inside Circle","NO, YES, YES",,,"Q4, Q4, Q4, Q4, Q4, Q4",GS,Inner Middle,OPP Goal,,,,
Malaysia_final,SGP vs MAS_final_17122025,3947.8982487449935,17.836162366117605,SGP CPA,52,Center Right Attack,GA,,Not Taken,Outside Circle,YES,,,"Q4, Q4, Q4",GS,Inner Left,SGP Goal,,,,
Malaysia_final,SGP vs MAS_final_17122025,25.88913861399326,35.50238463198239,SGP DCPA,1,Center Left Defense,GA,Center Left Defense,GD,Circle Edge,YES,,,"Q1, Q1, Q1, Q1","GS, GS","Outer Right, Inner Middle","SGP Miss, SGP Goal",,,,
Malaysia_final,SGP vs MAS_final_17122025,89.79305431199126,21.206516854995442,SGP DCPA,2,Center Right Attack,GA,Attacking Right,GS,Inside Circle,YES,,,"Q1, Q1, Q1",GS,Inner Left,SGP Goal,,,,
Malaysia_final,SGP vs MAS_final_17122025,144.69457961295612,46.00297828304559,SGP DCPA,3,Center Right Attack,Not Taken,,,"Circle Edge, Circle Edge","YES, YES",,,"Q1, Q1, Q1, Q1, Q1","GS, GS","Outer Left, Inner Middle","SGP Miss, SGP Goal",,,,
Malaysia_final,SGP vs MAS_final_17122025,217.29481454196397,30.381964617064654,SGP DCPA,4,Center Mid Defense,GD,Center Mid Defense,WD,"Circle Edge, Circle Edge","NO, YES",,,"Q1, Q1, Q1",,,,,,,
Malaysia_final,SGP vs MAS_final_17122025,310.59335103297815,14.305090756019524,SGP DCPA,5,Center Left Attack,GA,Center Left Attack,WD,"Circle Edge, Circle Edge","YES, YES",,,"Q1, Q1, Q1, Q1",GS,Inner Middle,SGP Goal,,,,
Malaysia_final,SGP vs MAS_final_17122025,357.4926671630155,38.50597805997029,SGP DCPA,6,Center Left Attack,GA,Attacking Left,WA,"Circle Edge, Circle Edge","YES, YES",,,"Q1, Q1, Q1, Q1",GS,Inner Left,SGP Goal,,,,
Malaysia_final,SGP vs MAS_final_17122025,416.3071931799989,24.189106820001143,SGP DCPA,7,Center Left Defense,GA,Center Left Defense,WD,,,,,Q1,,,,,,,
Malaysia_final,SGP vs MAS_final_17122025,525.7936173,18.20474982205053,SGP DCPA,8,Center Mid Attack,WA,Attacking Middle,GS,Circle Edge,NO,,,"Q1, Q1",,,,,,,
Malaysia_final,SGP vs MAS_final_17122025,614.5569222222222,23.741440123738812,SGP DCPA,9,Center Mid Defense,WD,Center Left Attack,C,"Circle Edge, Circle Edge","YES, YES",,,"Q1, Q1, Q1, Q1",GS,Outer Right,SGP Goal,,,,
Malaysia_final,SGP vs MAS_final_17122025,704.5984134530087,28.49862358298867,SGP DCPA,10,Center Left Attack,GA,Center Right Attack,GD,"Circle Edge, Circle Edge","YES, YES",,,"Q1, Q1, Q1, Q1",GA,Outer Right,SGP Goal,,,,
Malaysia_final,SGP vs MAS_final_17122025,781.3923785059952,36.10333120598659,SGP DCPA,11,Center Mid Defense,GD,Center Mid Attack,C,Circle Edge,YES,,,"Q1, Q1, Q1",GA,Outer Middle,SGP Goal,,,,
Malaysia_final,SGP vs MAS_final_17122025,844.1966594569727,18.80161938601202,SGP DCPA,12,Center Left Attack,GA,Attacking Left Pocket,WA,Circle Edge,YES,,,"Q1, Q1, Q1",GS,Outer Right,SGP Goal,,,,
Malaysia_final,SGP vs MAS_final_17122025,892.1919106279475,22.52306714983024,SGP DCPA,13,Center Mid Defense,GD,,Not Taken,Circle Edge,YES,,,"Q1, Q1, Q1",GS,Inner Left,SGP Goal,,,,
Thailand,SGPvsTHA_141225,3895.399272333995,11.299165721999998,SGP Shot,80,,,,,,,,Amandeep Chahal,Q4,GS,Inner Left,SGP Goal,,,,
Malaysia_final,SGP vs MAS_final_17122025,1080.5938332000146,18.803297376947285,SGP DCPA,15,Center Mid Attack,GA,,Not Taken,Circle Edge,YES,,,"Q2, Q2, Q2",GS,Outer Left,SGP Goal,,,,
Malaysia_final,SGP vs MAS_final_17122025,1131.4921849639684,43.10620531602012,SGP DCPA,16,Center Right Defense,GD,Center Right Attack,WA,"Circle Edge, Circle Edge","YES, YES",,,"Q2, Q2, Q2, Q2",GA,Outer Left,SGP Goal,,,,
Malaysia_final,SGP vs MAS_final_17122025,1217.3940509299634,22.703987349992076,SGP DCPA,17,Center Mid Attack,WA,Attacking Right,GS,Circle Edge,YES,,,"Q2, Q2, Q2",GS,Inner Middle,SGP Goal,,,,
Malaysia_final,SGP vs MAS_final_17122025,1266.0941586739975,28.403686823936596,SGP DCPA,18,Center Left Attack,GA,Center Mid Attack,C,Circle Edge,YES,,,"Q2, Q2, Q2, Q2, Q2","GS, GS","Inner Left, Outer Left, Inner Left","SGP Miss, SGP Goal",,,,
Malaysia_final,SGP vs MAS_final_17122025,1334.7904220620128,37.806224272983854,SGP DCPA,19,Center Right Defense,GD,Center Right Attack,GA,"Circle Edge, Circle Edge","NO, YES",,,"Q2, Q2, Q2, Q2",GA,Outer Right,SGP Goal,,,,
Malaysia_final,SGP vs MAS_final_17122025,1442.8938704769364,21.603993285034676,SGP DCPA,20,Center Right Attack,GA,Attacking Right,WA,Circle Edge,YES,,,"Q2, Q2, Q2",GS,Inner Left,SGP Goal,,,,
Malaysia_final,SGP vs MAS_final_17122025,1504.2939026959805,25.703184474010186,SGP DCPA,21,Center Right Attack,WA,Center Right Defense,GD,"Circle Edge, Inside Circle","YES, YES",,,"Q2, Q2, Q2, Q2",GS,Inner Left,SGP Goal,,,,
Malaysia_final,SGP vs MAS_final_17122025,1553.5775550339747,54.92057829102146,SGP DCPA,22,Center Mid Defense,GD,Center Mid Defense,C,Circle Edge,YES,,,"Q2, Q2, Q2",GA,Outer Right,SGP Goal,,,,
Malaysia_final,SGP vs MAS_final_17122025,1632.9925147729673,17.405214884980523,SGP DCPA,23,Center Mid Attack,Not Taken,,,Outside Circle,YES,,,"Q2, Q2, Q2",GA,Inner Right,SGP Goal,,,,
Malaysia_final,SGP vs MAS_final_17122025,1715.9920046859681,29.20691795405878,SGP DCPA,24,Center Left Attack,WA,Attacking Right,GA,"Circle Edge, Circle Edge, Inside Circle","YES, YES, YES",,,"Q2, Q2, Q2, Q2, Q2",GS,Inner Middle,SGP Goal,,,,
Malaysia_final,SGP vs MAS_final_17122025,1831.2903839969977,15.028516003002323,SGP DCPA,25,Center Mid Attack,WD,Attacking Middle,GA,Circle Edge,YES,,,"Q2, Q2, Q2",GS,Outer Right,SGP Miss,,,,
Malaysia_final,SGP vs MAS_final_17122025,1903.7945582209964,31.704050792008502,SGP DCPA,26,Center Right Attack,GA,Center Right Attack,GD,"Circle Edge, Circle Edge","YES, YES",,,"Q2, Q2, Q2, Q2",GA,Inner Right,SGP Goal,,,,
Malaysia_final,SGP vs MAS_final_17122025,1962.592745862018,15.704915595977582,SGP DCPA,27,Center Left Defense,GA,Center Left Attack,GD,Outside Circle,YES,,,"Q3, Q3, Q3",GS,Inner Left,SGP Goal,,,,
Malaysia_final,SGP vs MAS_final_17122025,2003.9930177359909,4.135026708453552,SGP DCPA,28,Center Left Attack,Not Taken,,,,,,,Q3,,,,,,,
Malaysia_final,SGP vs MAS_final_17122025,2071.0915626999767,28.907575022036326,SGP DCPA,29,Center Right Attack,GD,Attacking Right Pocket,GA,Circle Edge,YES,,,"Q3, Q3, Q3, Q3","GS, GS","Outer Middle, Inner Right","SGP Miss, SGP Goal",,,,
Malaysia_final,SGP vs MAS_final_17122025,510.19768023895597,11.00020597103628,SGP Shot,9,,,,,,,,Toh Kai Wei,Q1,GA,Inner Right,SGP Goal,,,,
Malaysia_final,SGP vs MAS_final_17122025,2207.9968435609976,28.70159173,SGP DCPA,31,,Not Taken,,,Circle Edge,YES,,,"Q3, Q3, Q3, Q3","GS, GS","Inner Middle, Inner Right","SGP Miss, SGP Goal",,,,
Malaysia_final,SGP vs MAS_final_17122025,2287.5931800699273,45.30477694702358,SGP DCPA,32,Center Right Attack,GA,Attacking Middle,GS,"Circle Edge, Circle Edge, Circle Edge, Circle Edge","YES, YES, YES, YES",,,"Q3, Q3, Q3, Q3, Q3, Q3",GS,Inner Middle,SGP Goal,,,,
Malaysia_final,SGP vs MAS_final_17122025,2420.3927905139885,34.87812403001135,SGP DCPA,33,Center Mid Attack,GA,Center Left Attack,WA,Outside Circle,YES,,,"Q3, Q3, Q3",GS,Inner Left,SGP Goal,,,,
Malaysia_final,SGP vs MAS_final_17122025,2490.191862042961,23.706013079036893,SGP DCPA,34,Center Right Attack,GA,Attacking Right,C,,,,,"Q3, Q3",GS,Inner Right,SGP Goal,,,,
Malaysia_final,SGP vs MAS_final_17122025,2545.793171075961,20.065662257372423,SGP DCPA,35,Center Left Attack,WA,Attacking Left,GS,Outside Circle,YES,,,"Q3, Q3",,,,,,,
Malaysia_final,SGP vs MAS_final_17122025,2627.1584009169874,36.88651019412373,SGP DCPA,36,Center Mid Attack,GA,Attacking Right Pocket,WA,Circle Edge,YES,,,"Q3, Q3, Q3",GA,Outer Left,SGP Goal,,,,
Malaysia_final,SGP vs MAS_final_17122025,2708.6920549969577,21.300345003042366,SGP DCPA,37,Center Right Attack,WA,Center Right Attack,GD,"Circle Edge, Inside Circle","YES, NO",,,"Q3, Q3, Q3",,,,,,,
Malaysia_final,SGP vs MAS_final_17122025,2842.2926133499795,18.20478440996021,SGP DCPA,38,Center Mid Attack,Not Taken,,,Outside Circle,YES,,,"Q3, Q3, Q3",GS,Inner Right,SGP Goal,,,,
Brunei,SGPvsBRN_16122025,602.8953891339971,27.401997432982967,SGP Turnovers,3,,,,,,,Shot Out of Bounds,Goh Wei Ping,Q1,,,,Attacking D,,,
Malaysia_final,SGP vs MAS_final_17122025,2962.5940029559633,6.596719266258788,SGP DCPA,40,Center Left Attack,GA,,Not Taken,,,,,Q4,,,,,,,
Malaysia_final,SGP vs MAS_final_17122025,3102.192185022983,26.811906250017273,SGP DCPA,41,,Not Taken,,,Circle Edge,YES,,,"Q4, Q4, Q4",GS,Inner Middle,SGP Miss,,,,
Malaysia_final,SGP vs MAS_final_17122025,3190.792183754983,24.70623277695904,SGP DCPA,42,Center Right Attack,GA,Center Mid Attack,C,Circle Edge,YES,,,"Q4, Q4, Q4",GS,Inner Middle,SGP Goal,,,,
Malaysia_final,SGP vs MAS_final_17122025,3274.791886861022,18.061090916755802,SGP DCPA,43,Center Left Attack,GA,Center Left Attack,WA,,,,,Q4,,,,,,,
Malaysia_final,SGP vs MAS_final_17122025,3344.472789700982,24.104942929999652,SGP DCPA,44,,Not Taken,,,"Outside Circle, Circle Edge","YES, YES",,,"Q4, Q4, Q4",,,,,,,
Malaysia_final,SGP vs MAS_final_17122025,3418.0925032439773,32.90592240000751,SGP DCPA,45,Center Right Attack,GA,Attacking D,GS,"Outside Circle, Circle Edge, Circle Edge, Inside Circle","YES, YES, YES, YES",,,"Q4, Q4, Q4, Q4, Q4, Q4",GS,Inner Left,SGP Goal,,,,
Malaysia_final,SGP vs MAS_final_17122025,3511.434888888889,11.681422222221954,SGP DCPA,46,Center Right Attack,WA,Attacking Right,GS,Outside Circle,YES,,,"Q4, Q4, Q4",GA,Inner Right,SGP Goal,,,,
Malaysia_final,SGP vs MAS_final_17122025,3599.4529555555555,13.345278180425339,SGP DCPA,47,Center Mid Attack,GA,Attacking Middle,WA,Circle Edge,YES,,,"Q4, Q4, Q4",GS,Inner Left,SGP Goal,,,,
Malaysia_final,SGP vs MAS_final_17122025,3691.8898669119512,28.006604450074974,SGP DCPA,48,Center Right Attack,WA,Attacking Right Pocket,GA,Circle Edge,YES,,,"Q4, Q4, Q4",GS,Inner Right,SGP Goal,,,,
Malaysia_final,SGP vs MAS_final_17122025,3749.7912859979588,20.707984879996275,SGP DCPA,49,Center Mid Attack,GA,Attacking Middle,C,"Circle Edge, Circle Edge","YES, YES",,,"Q4, Q4, Q4, Q4",GS,Inner Left,SGP Goal,,,,
Malaysia_final,SGP vs MAS_final_17122025,3806.293388432964,19.904598433007777,SGP DCPA,50,Center Left Attack,Not Taken,,,"Outside Circle, Inside Circle","YES, YES",,,"Q4, Q4, Q4, Q4",GS,Inner Left,SGP Goal,,,,
Malaysia_final,SGP vs MAS_final_17122025,3864.792302447987,17.185531239008924,SGP DCPA,51,Center Right Defense,GD,,Not Taken,Outside Circle,NO,,,"Q4, Q4",,,,,,,
Malaysia_final,SGP vs MAS_final_17122025,3947.8982487449935,17.836162366117605,SGP DCPA,52,Center Right Attack,GA,,Not Taken,Outside Circle,YES,,,"Q4, Q4, Q4",GS,Inner Left,SGP Goal,,,,
Malaysia_final,SGP vs MAS_final_17122025,36.91761033,5,SGP Feed,1,,,,,Circle Edge,YES,,Angelina Lim,Q1,,,,,,,
Malaysia_final,SGP vs MAS_final_17122025,100.5924994,5.101924770933323,SGP Feed,2,,,,,Inside Circle,YES,,Toh Kai Wei,Q1,,,,,,,
Malaysia_final,SGP vs MAS_final_17122025,167.4939747320168,4.988055973954033,SGP Feed,3,,,,,Circle Edge,YES,,Angelina Lim,Q1,,,,,,,
Malaysia_final,SGP vs MAS_final_17122025,171.7931546799528,5.185335616016715,SGP Feed,4,,,,,Circle Edge,YES,,Angelina Lim,Q1,,,,,,,
Malaysia_final,SGP vs MAS_final_17122025,234.56623333333334,5,SGP Feed,5,,,,,Circle Edge,NO,,Rachel Ling,Q1,,,,,,,
Malaysia_final,SGP vs MAS_final_17122025,237.99354694498766,5.325552738039221,SGP Feed,6,,,,,Circle Edge,YES,,Rachel Ling,Q1,,,,,,,
Malaysia_final,SGP vs MAS_final_17122025,313.5120777777778,5,SGP Feed,7,,,,,Circle Edge,YES,,Rachel Ling,Q1,,,,,,,
Malaysia_final,SGP vs MAS_final_17122025,314.39176975998436,5.301837453016958,SGP Feed,8,,,,,Circle Edge,YES,,Rachel Ling,Q1,,,,,,,
Malaysia_final,SGP vs MAS_final_17122025,375.14705555555554,5,SGP Feed,9,,,,,Circle Edge,YES,,Rachel Ling,Q1,,,,,,,
Malaysia_final,SGP vs MAS_final_17122025,379.4912949900137,5.201611457986701,SGP Feed,10,,,,,Circle Edge,YES,,Rachel Ling,Q1,,,,,,,
Malaysia_final,SGP vs MAS_final_17122025,502.39658001496707,5.201868964993082,SGP Feed,11,,,,,Circle Edge,YES,,Rachel Ling,Q1,,,,,,,
Malaysia_final,SGP vs MAS_final_17122025,536.8936278620309,5.204231325988985,SGP Feed,12,,,,,Circle Edge,NO,,Angelina Lim,Q1,,,,,,,
Malaysia_final,SGP vs MAS_final_17122025,621.4305888888889,5,SGP Feed,13,,,,,Circle Edge,YES,,Rachel Ling,Q1,,,,,,,
Malaysia_final,SGP vs MAS_final_17122025,628.0914944500311,5.132332296994491,SGP Feed,14,,,,,Circle Edge,YES,,Rachel Ling,Q1,,,,,,,
Malaysia_final,SGP vs MAS_final_17122025,689.2947888949842,5.112434275,SGP Feed,15,,,,,Circle Edge,YES,,Rachel Ling,Q1,,,,,,,
Malaysia_final,SGP vs MAS_final_17122025,690.9955077020153,5.123548178980627,SGP Feed,16,,,,,Circle Edge,YES,,Angelina Lim,Q1,,,,,,,
Malaysia_final,SGP vs MAS_final_17122025,721.4933711609821,5.146019412,SGP Feed,17,,,,,Circle Edge,YES,,Angelina Lim,Q1,,,,,,,
Malaysia_final,SGP vs MAS_final_17122025,722.2958682979864,5.103815742009601,SGP Feed,18,,,,,Circle Edge,YES,,Angelina Lim,Q1,,,,,,,
Malaysia_final,SGP vs MAS_final_17122025,765.4221111111111,5,SGP Feed,19,,,,,Outside Circle,YES,,Rachel Ling,Q1,,,,,,,
Malaysia_final,SGP vs MAS_final_17122025,804.2916230080078,5.131989253,SGP Feed,20,,,,,Circle Edge,YES,,Rachel Ling,Q1,,,,,,,
Malaysia_final,SGP vs MAS_final_17122025,852.5888222222222,5,SGP Feed,21,,,,,Circle Edge,YES,,Rachel Ling,Q1,,,,,,,
Malaysia_final,SGP vs MAS_final_17122025,901.5632,5,SGP Feed,22,,,,,Circle Edge,YES,,Rachel Ling,Q1,,,,,,,
Malaysia_final,SGP vs MAS_final_17122025,1014.3457444444444,5,SGP Feed,23,,,,,Circle Edge,YES,,Angelina Lim,Q2,,,,,,,
Malaysia_final,SGP vs MAS_final_17122025,1017.1264777777777,5,SGP Feed,24,,,,,Inside Circle,YES,,Amandeep Chahal,Q2,,,,,,,
Malaysia_final,SGP vs MAS_final_17122025,1019.991810537965,5.122766934038282,SGP Feed,25,,,,,Inside Circle,YES,,Toh Kai Wei,Q2,,,,,,,
Malaysia_final,SGP vs MAS_final_17122025,1061.992762219039,5.102385713960075,SGP Feed,26,,,,,Circle Edge,YES,,Angelina Lim,Q2,,,,,,,
Malaysia_final,SGP vs MAS_final_17122025,1065.8912290019578,5.133213693018661,SGP Feed,27,,,,,Circle Edge,YES,,Rachel Ling,Q2,,,,,,,
Malaysia_final,SGP vs MAS_final_17122025,1068.5918812799687,5.203781323032899,SGP Feed,28,,,,,Inside Circle,YES,,Toh Kai Wei,Q2,,,,,,,
Malaysia_final,SGP vs MAS_final_17122025,1087.9945333333333,5,SGP Feed,29,,,,,Circle Edge,YES,,Angelina Lim,Q2,,,,,,,
Thailand,SGPvsTHA_141225,779.0939789599922,25.903769524971267,SGP CPD,9,Center Mid Attack,GA,Center Left Attack,WD,Outside Circle,YES,,,"Q1, Q1, Q1",GS,Inner Left,OPP Goal,,,,
Malaysia_final,SGP vs MAS_final_17122025,1163.5887248129884,5.307750456005124,SGP Feed,31,,,,,Circle Edge,YES,,Rachel Ling,Q2,,,,,,,
Malaysia_final,SGP vs MAS_final_17122025,1220.360924,5,SGP Feed,32,,,,,Circle Edge,YES,,Rachel Ling,Q2,,,,,,,
Malaysia_final,SGP vs MAS_final_17122025,1279.792587,5.129425791,SGP Feed,33,,,,,Circle Edge,YES,,Rachel Ling,Q2,,,,,,,
Malaysia_final,SGP vs MAS_final_17122025,1343.9937401450202,5.305151178962433,SGP Feed,34,,,,,Circle Edge,NO,,Rachel Ling,Q2,,,,,,,
Malaysia_final,SGP vs MAS_final_17122025,1360.5504222222223,5,SGP Feed,35,,,,,Circle Edge,YES,,Rachel Ling,Q2,,,,,,,
Malaysia_final,SGP vs MAS_final_17122025,1413.5907111111112,5,SGP Feed,36,,,,,Outside Circle,YES,,Amandeep Chahal,Q2,,,,,,,
Malaysia_final,SGP vs MAS_final_17122025,1417.7242444444444,5,SGP Feed,37,,,,,Circle Edge,YES,,Rachel Ling,Q2,,,,,,,
Malaysia_final,SGP vs MAS_final_17122025,1420.3892318350088,5.197289593977985,SGP Feed,38,,,,,Inside Circle,YES,,Toh Kai Wei,Q2,,,,,,,
Malaysia_final,SGP vs MAS_final_17122025,1452.7558333333334,5,SGP Feed,39,,,,,Circle Edge,YES,,Angelina Lim,Q2,,,,,,,
Malaysia_final,SGP vs MAS_final_17122025,1519.2472333333333,5,SGP Feed,40,,,,,Circle Edge,YES,,Rachel Ling,Q2,,,,,,,
Malaysia_final,SGP vs MAS_final_17122025,1520.4966574449888,5.201239160991236,SGP Feed,41,,,,,Inside Circle,YES,,Toh Kai Wei,Q2,,,,,,,
Malaysia_final,SGP vs MAS_final_17122025,1596.8964560300144,5.196993926,SGP Feed,42,,,,,Circle Edge,YES,,Angelina Lim,Q2,,,,,,,
Malaysia_final,SGP vs MAS_final_17122025,1640.3576222222223,5,SGP Feed,43,,,,,Outside Circle,YES,,Angelina Lim,Q2,,,,,,,
Malaysia_final,SGP vs MAS_final_17122025,1677.3445777777779,5,SGP Feed,44,,,,,Circle Edge,YES,,Angelina Lim,Q2,,,,,,,
Malaysia_final,SGP vs MAS_final_17122025,1730.0638,5,SGP Feed,45,,,,,Circle Edge,YES,,Rachel Ling,Q2,,,,,,,
Malaysia_final,SGP vs MAS_final_17122025,1732.6945826210224,5.197444481003686,SGP Feed,46,,,,,Circle Edge,YES,,Rachel Ling,Q2,,,,,,,
Malaysia_final,SGP vs MAS_final_17122025,1735.4304111111112,5,SGP Feed,47,,,,,Inside Circle,YES,,Toh Kai Wei,Q2,,,,,,,
Malaysia_final,SGP vs MAS_final_17122025,1770.9129,5,SGP Feed,48,,,,,Outside Circle,NO,,Angelina Lim,Q2,,,,,,,
Malaysia_final,SGP vs MAS_final_17122025,1816.4904367320098,5.136427916020239,SGP Feed,49,,,,,Circle Edge,YES,,Rachel Ling,Q2,,,,,,,
Malaysia_final,SGP vs MAS_final_17122025,1818.0937921439859,5.128057862005107,SGP Feed,50,,,,,Inside Circle,YES,,Toh Kai Wei,Q2,,,,,,,
Malaysia_final,SGP vs MAS_final_17122025,1834.9682555555555,5,SGP Feed,51,,,,,Circle Edge,YES,,Rachel Ling,Q2,,,,,,,
Malaysia_final,SGP vs MAS_final_17122025,1923.7092333333333,5,SGP Feed,52,,,,,Circle Edge,YES,,Angelina Lim,Q2,,,,,,,
Malaysia_final,SGP vs MAS_final_17122025,1924.792682814985,5.100092135013938,SGP Feed,53,,,,,Circle Edge,YES,,Angelina Lim,Q2,,,,,,,
Malaysia_final,SGP vs MAS_final_17122025,1968.7922642219598,5.207617063988437,SGP Feed,54,,,,,Outside Circle,YES,,Toh Kai Wei,Q3,,,,,,,
Malaysia_final,SGP vs MAS_final_17122025,2076.190110821012,5.306486397947538,SGP Feed,55,,,,,Circle Edge,YES,,Rachel Ling,Q3,,,,,,,
Malaysia_final,SGP vs MAS_final_17122025,2138.9916515380332,9.498112976,SGP Feed,56,,,,,Outside Circle,YES,,Tan Yi Jie,Q3,,,,,,,
Malaysia_final,SGP vs MAS_final_17122025,2217.393583168938,5.096635021061502,SGP Feed,57,,,,,Circle Edge,YES,,Rachel Ling,Q3,,,,,,,
Malaysia_final,SGP vs MAS_final_17122025,2295.080066666667,5,SGP Feed,58,,,,,Circle Edge,YES,,Tan Yi Jie,Q3,,,,,,,
Malaysia_final,SGP vs MAS_final_17122025,2306.0951348999474,5.085238253051102,SGP Feed,59,,,,,Circle Edge,YES,,Rachel Ling,Q3,,,,,,,
Malaysia_final,SGP vs MAS_final_17122025,2310.6905831919785,5.106371473989839,SGP Feed,60,,,,,Circle Edge,YES,,Rachel Ling,Q3,,,,,,,
Malaysia_final,SGP vs MAS_final_17122025,2322.0923335909697,4.963860388,SGP Feed,61,,,,,Circle Edge,YES,,Rachel Ling,Q3,,,,,,,
Malaysia_final,SGP vs MAS_final_17122025,2384.8939245089414,5.143613319017277,SGP Feed,62,,,,,Circle Edge,YES,,Tan Yi Jie,Q3,,,,,,,
Malaysia_final,SGP vs MAS_final_17122025,2393.6931027999317,5.099822696036881,SGP Feed,63,,,,,Circle Edge,NO,,Tan Yi Jie,Q3,,,,,,,
Malaysia_final,SGP vs MAS_final_17122025,2439.6104444444445,5,SGP Feed,64,,,,,Outside Circle,YES,,Toh Kai Wei,Q3,,,,,,,
Malaysia_final,SGP vs MAS_final_17122025,2552.452077777778,5,SGP Feed,65,,,,,Outside Circle,YES,,Rachel Ling,Q3,,,,,,,
Malaysia_final,SGP vs MAS_final_17122025,2651.606453,8.283305679,SGP Feed,66,,,,,Circle Edge,YES,,Rachel Ling,Q3,,,,,,,
Malaysia_final,SGP vs MAS_final_17122025,2721.2390777777778,5,SGP Feed,67,,,,,Circle Edge,YES,,Rachel Ling,Q3,,,,,,,
Malaysia_final,SGP vs MAS_final_17122025,2741.9468888888887,5,SGP Feed,68,,,,,Circle Edge,YES,,Rachel Ling,Q3,,,,,,,
Malaysia_final,SGP vs MAS_final_17122025,2850.3937706159572,5.082423796010971,SGP Feed,69,,,,,Outside Circle,YES,,Toh Kai Wei,Q3,,,,,,,
Malaysia_final,SGP vs MAS_final_17122025,2909.833188888889,5,SGP Feed,70,,,,,Circle Edge,YES,,Rachel Ling,Q3,,,,,,,
Malaysia_final,SGP vs MAS_final_17122025,3083.8343333333332,5,SGP Feed,71,,,,,Circle Edge,YES,,Rachel Ling,Q4,,,,,,,
Malaysia_final,SGP vs MAS_final_17122025,3087.593313969952,5.119647584035647,SGP Feed,72,,,,,Inside Circle,YES,,Toh Kai Wei,Q4,,,,,,,
Malaysia_final,SGP vs MAS_final_17122025,3118.149888888889,5,SGP Feed,73,,,,,Circle Edge,YES,,Angelina Lim,Q4,,,,,,,
Malaysia_final,SGP vs MAS_final_17122025,3197.8367333333335,5,SGP Feed,74,,,,,Circle Edge,YES,,Rachel Ling,Q4,,,,,,,
Malaysia_final,SGP vs MAS_final_17122025,3251.6918718449915,5.004333827004302,SGP Feed,75,,,,,Circle Edge,YES,,Angelina Lim,Q4,,,,,,,
Malaysia_final,SGP vs MAS_final_17122025,3351.2048444444445,5,SGP Feed,76,,,,,Outside Circle,YES,,Rachel Ling,Q4,,,,,,,
Malaysia_final,SGP vs MAS_final_17122025,3360.629788888889,5,SGP Feed,77,,,,,Circle Edge,NO,,Angelina Lim,Q4,,,,,,,
Malaysia_final,SGP vs MAS_final_17122025,3420.719311111111,5,SGP Feed,78,,,,,Outside Circle,YES,,Toh Kai Wei,Q4,,,,,,,
Malaysia_final,SGP vs MAS_final_17122025,3425.192742391978,5.301351956029521,SGP Feed,79,,,,,Circle Edge,YES,,Rachel Ling,Q4,,,,,,,
Malaysia_final,SGP vs MAS_final_17122025,3437.7224666666666,5,SGP Feed,80,,,,,Circle Edge,YES,,Angelina Lim,Q4,,,,,,,
Malaysia_final,SGP vs MAS_final_17122025,3441.7881992349794,5.306843712026875,SGP Feed,81,,,,,Inside Circle,YES,,Toh Kai Wei,Q4,,,,,,,
Malaysia_final,SGP vs MAS_final_17122025,3490.3993666666665,5,SGP Feed,82,,,,,Circle Edge,YES,,Amandeep Chahal,Q4,,,,,,,
Malaysia_final,SGP vs MAS_final_17122025,3494.992486555009,5.111097316940686,SGP Feed,83,,,,,Circle Edge,YES,,Rachel Ling,Q4,,,,,,,
Malaysia_final,SGP vs MAS_final_17122025,3515.263711111111,5,SGP Feed,84,,,,,Outside Circle,YES,,Amandeep Chahal,Q4,,,,,,,
Malaysia_final,SGP vs MAS_final_17122025,3600.693870580997,5.129057409,SGP Feed,85,,,,,Circle Edge,YES,,Angelina Lim,Q4,,,,,,,
Malaysia_final,SGP vs MAS_final_17122025,3653.474022222222,5,SGP Feed,86,,,,,Circle Edge,YES,,Rachel Ling,Q4,,,,,,,
Malaysia_final,SGP vs MAS_final_17122025,3657.6761555555554,5,SGP Feed,87,,,,,Circle Edge,YES,,Rachel Ling,Q4,,,,,,,
Malaysia_final,SGP vs MAS_final_17122025,3698.2297777777776,5,SGP Feed,88,,,,,Circle Edge,YES,,Angelina Lim,Q4,,,,,,,
Malaysia_final,SGP vs MAS_final_17122025,3752.1047,5,SGP Feed,89,,,,,Circle Edge,YES,,Rachel Ling,Q4,,,,,,,
Malaysia_final,SGP vs MAS_final_17122025,3758.094141484978,5.089289585998813,SGP Feed,90,,,,,Circle Edge,YES,,Angelina Lim,Q4,,,,,,,
Malaysia_final,SGP vs MAS_final_17122025,3813.3943321329416,5.189539406,SGP Feed,91,,,,,Outside Circle,YES,,Amandeep Chahal,Q4,,,,,,,
Malaysia_final,SGP vs MAS_final_17122025,3815.8965398059686,5.195842162034296,SGP Feed,92,,,,,Inside Circle,YES,,Toh Kai Wei,Q4,,,,,,,
Malaysia_final,SGP vs MAS_final_17122025,3873.364577777778,5.428848459,SGP Feed,93,,,,,Outside Circle,NO,,Amandeep Chahal,Q4,,,,,,,
Malaysia_final,SGP vs MAS_final_17122025,3958.6214444444445,5,SGP Feed,94,,,,,Outside Circle,YES,,Rachel Ling,Q4,,,,,,,
Malaysia_final,SGP vs MAS_final_17122025,47.093044444444445,10,SGP Shot,1,,,,,,,,Amandeep Chahal,Q1,GS,Outer Right,SGP Miss,,,,
Malaysia_final,SGP vs MAS_final_17122025,50.29814658596343,11.093376660012218,SGP Shot,2,,,,,,,,Amandeep Chahal,Q1,GS,Inner Middle,SGP Goal,,,,
Malaysia_final,SGP vs MAS_final_17122025,100.09758964994677,10.901981517039928,SGP Shot,3,,,,,,,,Amandeep Chahal,Q1,GS,Inner Left,SGP Goal,,,,
Malaysia_final,SGP vs MAS_final_17122025,170.54975555555555,10,SGP Shot,4,,,,,,,,Amandeep Chahal,Q1,GS,Outer Left,SGP Miss,,,,
Malaysia_final,SGP vs MAS_final_17122025,179.07636068199258,11.621197214009129,SGP Shot,5,,,,,,,,Amandeep Chahal,Q1,GS,Inner Middle,SGP Goal,,,,
Malaysia_final,SGP vs MAS_final_17122025,313.77671485897093,11.121726930026739,SGP Shot,6,,,,,,,,Amandeep Chahal,Q1,GS,Inner Middle,SGP Goal,,,,
Malaysia_final,SGP vs MAS_final_17122025,384.67590601697475,11.322739206011022,SGP Shot,7,,,,,,,,Amandeep Chahal,Q1,GS,Inner Left,SGP Goal,,,,
Malaysia_final,SGP vs MAS_final_17122025,506.0426555555556,10,SGP Shot,8,,,,,,,,Amandeep Chahal,Q1,GS,Inner Right,SGP Miss,,,,
Thailand,SGPvsTHA_141225,779.0939789599922,25.903769524971267,SGP DCPD,9,"Center Mid Attack, Center Mid Attack",GA,Center Left Attack,WD,Outside Circle,YES,,,"Q1, Q1, Q1",GS,Inner Left,OPP Goal,,,,
Malaysia_final,SGP vs MAS_final_17122025,627.0713340669606,11.227028279000365,SGP Shot,10,,,,,,,,Amandeep Chahal,Q1,GS,Outer Right,SGP Goal,,,,
Malaysia_final,SGP vs MAS_final_17122025,691.2769079019808,11.22145998603446,SGP Shot,11,,,,,,,,Toh Kai Wei,Q1,GA,Inner Left,SGP Goal,,,,
Malaysia_final,SGP vs MAS_final_17122025,721.9949714629937,11.102065573003642,SGP Shot,12,,,,,,,,Toh Kai Wei,Q1,GA,Outer Right,SGP Goal,,,,
Malaysia_final,SGP vs MAS_final_17122025,765.0766177,11.021196533984153,SGP Shot,13,,,,,,,,Amandeep Chahal,Q1,GS,Outer Middle,SGP Goal,,,,
Malaysia_final,SGP vs MAS_final_17122025,806.4966401759494,10.99906953603238,SGP Shot,14,,,,,,,,Toh Kai Wei,Q1,GA,Outer Middle,SGP Goal,,,,
Malaysia_final,SGP vs MAS_final_17122025,851.7983123,11.199966493023794,SGP Shot,15,,,,,,,,Amandeep Chahal,Q1,GS,Outer Right,SGP Goal,,,,
Malaysia_final,SGP vs MAS_final_17122025,904.7149777777778,10,SGP Shot,16,,,,,,,,Amandeep Chahal,Q1,GS,Inner Left,SGP Goal,,,,
Malaysia_final,SGP vs MAS_final_17122025,1017.8972464350045,10.901467895000224,SGP Shot,17,,,,,,,,Amandeep Chahal,Q2,GS,Inner Middle,SGP Goal,,,,
Malaysia_final,SGP vs MAS_final_17122025,1066.8741727609417,11.024186092068248,SGP Shot,18,,,,,,,,Amandeep Chahal,Q2,GS,Inner Middle,SGP Goal,,,,
Malaysia_final,SGP vs MAS_final_17122025,1088.376513143946,11.020617433015786,SGP Shot,19,,,,,,,,Amandeep Chahal,Q2,GS,Outer Left,SGP Goal,,,,
Malaysia_final,SGP vs MAS_final_17122025,1163.6756903369699,10.922699943018642,SGP Shot,20,,,,,,,,Toh Kai Wei,Q2,GA,Outer Left,SGP Goal,,,,
Malaysia_final,SGP vs MAS_final_17122025,1228.8761230480393,11.221915231916228,SGP Shot,21,,,,,,,,Amandeep Chahal,Q2,GS,Inner Middle,SGP Goal,,,,
Malaysia_final,SGP vs MAS_final_17122025,1279.0581333333334,10,SGP Shot,22,,,,,,,,Amandeep Chahal,"Q2, Q2",GS,Outer Left,SGP Miss,,,,
Malaysia_final,SGP vs MAS_final_17122025,1283.1931374539936,11.304708043940536,SGP Shot,23,,,,,,,,Amandeep Chahal,Q2,GS,Inner Left,SGP Goal,,,,
Malaysia_final,SGP vs MAS_final_17122025,1361.3785015549818,11.218144780014882,SGP Shot,24,,,,,,,,Toh Kai Wei,Q2,GA,Outer Right,SGP Goal,,,,
Malaysia_final,SGP vs MAS_final_17122025,1421.902388888889,10,SGP Shot,25,,,,,,,,Amandeep Chahal,Q2,GS,Inner Right,SGP Miss,,,,
Malaysia_final,SGP vs MAS_final_17122025,1427.897520948972,10.900359070999684,SGP Shot,26,,,,,,,,Amandeep Chahal,Q2,GS,Inner Left,SGP Goal,,,,
Malaysia_final,SGP vs MAS_final_17122025,1453.4981841359565,10.99967962601454,SGP Shot,27,,,,,,,,Amandeep Chahal,Q2,GS,Inner Left,SGP Goal,,,,
Malaysia_final,SGP vs MAS_final_17122025,1519.1984281329735,10.79865903701716,SGP Shot,28,,,,,,,,Amandeep Chahal,Q2,GS,Inner Left,SGP Goal,,,,
Malaysia_final,SGP vs MAS_final_17122025,1596.887419831981,11.610713493015055,SGP Shot,29,,,,,,,,Toh Kai Wei,Q2,GA,Outer Right,SGP Goal,,,,
Malaysia_final,SGP vs MAS_final_17122025,1639.2975684059877,11.100161251960117,SGP Shot,30,,,,,,,,Toh Kai Wei,Q2,GA,Inner Right,SGP Goal,,,,
Malaysia_final,SGP vs MAS_final_17122025,1675.4524777777779,10.511377777777625,SGP Shot,31,,,,,,,,Amandeep Chahal,Q2,GS,Outer Middle,SGP Miss,,,,
Malaysia_final,SGP vs MAS_final_17122025,1733.9766537139765,11.222268926050447,SGP Shot,32,,,,,,,,Amandeep Chahal,Q2,GS,Inner Middle,SGP Goal,,,,
Malaysia_final,SGP vs MAS_final_17122025,1817.7960555555555,10,SGP Shot,33,,,,,,,,Amandeep Chahal,Q2,GS,Inner Left,SGP Goal,,,,
Malaysia_final,SGP vs MAS_final_17122025,1834.642111111111,10,SGP Shot,34,,,,,,,,Amandeep Chahal,Q2,GS,Outer Right,SGP Miss,,,,
Malaysia_final,SGP vs MAS_final_17122025,1924.2755042889955,11.223104724009318,SGP Shot,35,,,,,,,,Toh Kai Wei,Q2,GA,Inner Right,SGP Goal,,,,
Malaysia_final,SGP vs MAS_final_17122025,1967.3747520029708,10.922909455024865,SGP Shot,36,,,,,,,,Amandeep Chahal,Q3,GS,Inner Left,SGP Goal,,,,
Malaysia_final,SGP vs MAS_final_17122025,2085.6799,10,SGP Shot,37,,,,,,,,Amandeep Chahal,Q3,GS,Outer Middle,SGP Miss,,,,
Malaysia_final,SGP vs MAS_final_17122025,2088.8960130249925,11.103124697020576,SGP Shot,38,,,,,,,,Amandeep Chahal,Q3,GS,Inner Right,SGP Goal,,,,
Malaysia_final,SGP vs MAS_final_17122025,2149.140611111111,10,SGP Shot,39,,,,,,,,Toh Kai Wei,Q3,GA,Outer Middle,SGP Miss,,,,
Malaysia_final,SGP vs MAS_final_17122025,2222.473322222222,10,SGP Shot,40,,,,,,,,Amandeep Chahal,Q3,GS,Inner Middle,SGP Miss,,,,
Malaysia_final,SGP vs MAS_final_17122025,2225.6979949229626,11.000440372027697,SGP Shot,41,,,,,,,,Amandeep Chahal,Q3,GS,Inner Right,SGP Goal,,,,
Malaysia_final,SGP vs MAS_final_17122025,2321.597230102976,11.300726913974813,SGP Shot,42,,,,,,,,Amandeep Chahal,Q3,GS,Inner Middle,SGP Goal,,,,
Malaysia_final,SGP vs MAS_final_17122025,2445.270915,10,SGP Shot,43,,,,,,,,Amandeep Chahal,Q3,GS,Inner Left,SGP Goal,,,,
Malaysia_final,SGP vs MAS_final_17122025,2502.8977114869813,11.000163635016634,SGP Shot,44,,,,,,,,Amandeep Chahal,Q3,GS,Inner Right,SGP Goal,,,,
Malaysia_final,SGP vs MAS_final_17122025,2654.044911111111,10,SGP Shot,45,,,,,,,,Toh Kai Wei,Q3,GA,Outer Left,SGP Goal,,,,
Malaysia_final,SGP vs MAS_final_17122025,2746.24,10,SGP Shot,46,,,,,,,,Lee Pei Shan,Q3,GS,Inner Middle,SGP Miss,,,,
Malaysia_final,SGP vs MAS_final_17122025,2849.198310251017,11.29908750892264,SGP Shot,47,,,,,,,,Lee Pei Shan,Q3,GS,Inner Right,SGP Goal,,,,
Malaysia_final,SGP vs MAS_final_17122025,2890.5979378619827,11.001693099995009,SGP Shot,48,,,,,,,,Toh Kai Wei,Q3,GA,Inner Right,SGP Goal,,,,
Malaysia_final,SGP vs MAS_final_17122025,2907.8430222222223,10,SGP Shot,49,,,,,,,,Toh Kai Wei,Q3,GA,Inner Left,SGP Goal,,,,
Malaysia_final,SGP vs MAS_final_17122025,3086.2788720439944,11.019670824970035,SGP Shot,50,,,,,,,,Lee Pei Shan,Q4,GS,Inner Left,SGP Goal,,,,
Malaysia_final,SGP vs MAS_final_17122025,3118.2935222222222,10,SGP Shot,51,,,,,,,,Lee Pei Shan,Q4,GS,Inner Middle,SGP Miss,,,,
Malaysia_final,SGP vs MAS_final_17122025,3204.4977850519795,11.000631479962522,SGP Shot,52,,,,,,,,Amandeep Chahal,Q4,GS,Inner Middle,SGP Goal,,,,
Malaysia_final,SGP vs MAS_final_17122025,3262.076992156984,11.31814635500541,SGP Shot,53,,,,,,,,Amandeep Chahal,Q4,GS,Inner Right,SGP Goal,,,,
Malaysia_final,SGP vs MAS_final_17122025,3439.997945308966,11.000480335018892,SGP Shot,54,,,,,,,,Amandeep Chahal,Q4,GS,Inner Left,SGP Goal,,,,
Malaysia_final,SGP vs MAS_final_17122025,3494.4979545139804,10.999948276980376,SGP Shot,55,,,,,,,,Toh Kai Wei,Q4,GA,Outer Middle,SGP Goal,,,,
Malaysia_final,SGP vs MAS_final_17122025,3513.116311111111,10,SGP Shot,56,,,,,,,,Toh Kai Wei,Q4,GA,Inner Right,SGP Goal,,,,
Malaysia_final,SGP vs MAS_final_17122025,3601.8981543059667,10.900079430014102,SGP Shot,57,,,,,,,,Amandeep Chahal,Q4,GS,Inner Left,SGP Goal,,,,
Malaysia_final,SGP vs MAS_final_17122025,3656.594311111111,10,SGP Shot,58,,,,,,,,Toh Kai Wei,Q4,GA,Outer Right,SGP Miss,,,,
Malaysia_final,SGP vs MAS_final_17122025,3708.778767347991,11.117704014035098,SGP Shot,59,,,,,,,,Amandeep Chahal,Q4,GS,Inner Right,SGP Goal,,,,
Malaysia_final,SGP vs MAS_final_17122025,3758.9776400249634,11.52163085299162,SGP Shot,60,,,,,,,,Amandeep Chahal,Q4,GS,Inner Left,SGP Goal,,,,
Malaysia_final,SGP vs MAS_final_17122025,3815.377584324968,10.82040254100366,SGP Shot,61,,,,,,,,Amandeep Chahal,Q4,GS,Inner Left,SGP Goal,,,,
Malaysia_final,SGP vs MAS_final_17122025,3955.734411111111,10,SGP Shot,62,,,,,,,,Amandeep Chahal,Q4,GS,Inner Left,SGP Goal,,,,
Malaysia_final,SGP vs MAS_final_17122025,62.59292191397391,27.104983279041505,SGP CPD,1,Center Left Attack,GA,Center Left Attack,C,"Circle Edge, Inside Circle","YES, YES",,,"Q1, Q1, Q1, Q1",GS,Inner Left,OPP Goal,,,,
Malaysia_final,SGP vs MAS_final_17122025,114.21391111111112,29.684516546885135,SGP CPD,2,Center Right Attack,WA,Attacking Right,GA,Outside Circle,YES,,,"Q1, Q1, Q1",GS,Outer Left,OPP Goal,,,,
Malaysia_final,SGP vs MAS_final_17122025,192.3930109180376,24.404299112979345,SGP CPD,3,Center Right Attack,GA,Center Right Attack,GD,Circle Edge,YES,,,"Q1, Q1, Q1",GS,Inner Right,OPP Goal,,,,
Malaysia_final,SGP vs MAS_final_17122025,289.3957605680008,21.201568687977215,SGP CPD,4,Center Mid Attack,WA,Center Right Attack,GA,"Circle Edge, Inside Circle","YES, YES",,,"Q1, Q1, Q1, Q1",GS,Inner Left,OPP Goal,,,,
Malaysia_final,SGP vs MAS_final_17122025,326.0930489119919,31.705074275963625,SGP CPD,5,Center Right Attack,WA,Center Right Attack,GD,"Outside Circle, Circle Edge, Circle Edge, Inside Circle","YES, YES, YES, YES",,,"Q1, Q1, Q1, Q1, Q1, Q1",GS,Inner Middle,OPP Goal,,,,
Malaysia_final,SGP vs MAS_final_17122025,396.1905482030286,19.40664258699212,SGP CPD,6,Center Mid Attack,WA,Attacking Right,GA,Outside Circle,YES,,,"Q1, Q1, Q1",GS,Inner Middle,OPP Goal,,,,
Malaysia_final,SGP vs MAS_final_17122025,487.8932223539591,33.30466385603313,SGP CPD,7,Center Right Attack,WA,Attacking Right,GA,Circle Edge,YES,,,"Q1, Q1, Q1, Q1, Q1","GS, GA","Inner Right, Inner Right","SGP Miss, SGP Goal",,,,
Malaysia_final,SGP vs MAS_final_17122025,593.7910624379683,21.607540645013046,SGP CPD,8,Center Mid Attack,GA,Attacking Left,C,,,,,"Q1, Q1",GS,Inner Middle,OPP Goal,,,,
Malaysia_final,SGP vs MAS_final_17122025,638.6872960399803,63.81107185,SGP CPD,9,Center Mid Attack,GA,,Not Taken,"Circle Edge, Circle Edge, Circle Edge, Circle Edge","YES, YES, YES, YES",,,"Q1, Q1, Q1, Q1, Q1, Q1, Q1, Q1","GA, GA","Inner Middle, Inner Left","OPP Miss, SGP Goal",,,,
Malaysia_final,SGP vs MAS_final_17122025,734.9926155709809,41.10519866497225,SGP CPD,10,Center Right Defense,GD,Center Mid Defense,C,"Outside Circle, Outside Circle","NO, YES",,,"Q1, Q1, Q1, Q1, Q1",GS,Outer Middle,SGP Goal,,,,
Malaysia_final,SGP vs MAS_final_17122025,817.9958699,26.401904134947586,SGP CPD,11,,Not Taken,,,"Outside Circle, Inside Circle","YES, YES",,,"Q1, Q1, Q1, Q1",GS,Inner Middle,OPP Goal,,,,
Malaysia_final,SGP vs MAS_final_17122025,864.4938484,27.80449438700373,SGP CPD,12,Center Mid Attack,WA,Center Right Defense,GD,"Outside Circle, Inside Circle","YES, NO",,,"Q1, Q1, Q1, Q1",GA,Inner Right,OPP Goal,,,,
Malaysia_final,SGP vs MAS_final_17122025,917.7289012210113,31.768625598925837,SGP CPD,13,,,,,,,,,"Q1, Q1, Q1, Q1",,,,,,,
Malaysia_final,SGP vs MAS_final_17122025,1028.9926593879914,48.90569946501864,SGP CPD,14,Center Mid Attack,WA,,Not Taken,"Circle Edge, Circle Edge, Inside Circle","YES, YES, YES",,,"Q2, Q2, Q2, Q2, Q2, Q2",GS,Inner Middle,SGP Goal,,,,
Malaysia_final,SGP vs MAS_final_17122025,1099.6920793440158,32.10646137397703,SGP CPD,15,Center Left Attack,GA,Center Mid Attack,WA,"Circle Edge, Inside Circle","YES, YES",,,"Q2, Q2, Q2, Q2",GS,Inner Right,OPP Goal,,,,
Malaysia_final,SGP vs MAS_final_17122025,1174.9915321979827,42.10595372403236,SGP CPD,16,,Not Taken,,,"Circle Edge, Circle Edge","YES, YES",,,"Q2, Q2, Q2, Q2, Q2","GS, GS","Inner Middle, Inner Middle","OPP Miss, OPP Goal",,,,
Malaysia_final,SGP vs MAS_final_17122025,1240.093873989938,19.20543967205026,SGP CPD,17,Center Mid Attack,GA,Attacking Right,WA,Outside Circle,YES,,,"Q2, Q2, Q2",GS,Inner Left,OPP Goal,,,,
Malaysia_final,SGP vs MAS_final_17122025,1293.7936907329815,40.60505658599982,SGP CPD,18,,Not Taken,,,Circle Edge,YES,,,"Q2, Q2, Q2",GA,Inner Middle,OPP Goal,,,,
Malaysia_final,SGP vs MAS_final_17122025,1371.8966930089816,66.90118701099004,SGP CPD,19,Center Left Attack,GA,Center Left Attack,C,"Outside Circle, Circle Edge, Circle Edge, Outside Circle, Circle Edge, Inside Circle","YES, YES, YES, YES, YES, YES",,,"Q2, Q2, Q2, Q2, Q2, Q2, Q2, Q2, Q2, Q2, Q2","GS, GS, GS","Inner Middle, Inner Right, Inner Left","OPP Miss, SGP Miss, SGP Goal",,,,
Malaysia_final,SGP vs MAS_final_17122025,1464.4896245009788,39.208093439984395,SGP CPD,20,Center Mid Attack,GA,Center Mid Attack,WA,"Outside Circle, Circle Edge, Inside Circle","YES, YES, YES",,,"Q2, Q2, Q2, Q2, Q2",GS,Inner Middle,OPP Goal,,,,
Malaysia_final,SGP vs MAS_final_17122025,1533.0944921439889,19.004142821038613,SGP CPD,21,,Not Taken,,,"Outside Circle, Inside Circle","YES, NO",,,"Q2, Q2, Q2, Q2",GS,Inner Left,OPP Goal,,,,
Malaysia_final,SGP vs MAS_final_17122025,1608.4915070789896,22.906828392045327,SGP CPD,22,Center Mid Attack,GA,Center Right Attack,WA,Outside Circle,YES,,,"Q2, Q2, Q2",GS,Inner Right,OPP Goal,,,,
Malaysia_final,SGP vs MAS_final_17122025,1651.2921168289731,64.80504389397129,SGP CPD,23,Center Left Attack,GA,Center Left Defense,WD,"Circle Edge, Circle Edge, Circle Edge, Inside Circle, Inside Circle","YES, YES, YES, NO, YES",,,"Q2, Q2, Q2, Q2, Q2, Q2, Q2, Q2, Q2, Q2, Q2","GS, GA, GS","Outer Middle, Outer Left, Inner Right","SGP Miss, OPP Miss, OPP Goal",,,,
Malaysia_final,SGP vs MAS_final_17122025,1746.5917151339581,81.20434042159741,SGP CPD,24,Center Left Attack,GA,,Not Taken,"Outside Circle, Circle Edge, Circle Edge, Circle Edge, Inside Circle","NO, YES, NO, YES, YES",,,"Q2, Q2, Q2, Q2, Q2, Q2, Q2, Q2, Q2, Q2",GS,Inner Left,SGP Goal,,,,
Malaysia_final,SGP vs MAS_final_17122025,1881.0932374079396,20.20490483202434,SGP CPD,25,Center Mid Attack,WA,Center Right Attack,GA,Circle Edge,YES,,,"Q2, Q2, Q2",GS,Outer Right,OPP Goal,,,,
Malaysia_final,SGP vs MAS_final_17122025,1936.7927033299973,16.92046334,SGP CPD,26,Center Mid Attack,GA,,Not Taken,Circle Edge,YES,,,"Q2, Q2",,,,,,,
Malaysia_final,SGP vs MAS_final_17122025,1979.090451870019,25.00799221796069,SGP CPD,27,Center Mid Attack,WA,Attacking Middle,GA,"Circle Edge, Inside Circle","YES, YES",,,"Q3, Q3, Q3, Q3",GS,Inner Right,OPP Goal,,,,
Malaysia_final,SGP vs MAS_final_17122025,2048.892489100008,21.805028453979503,SGP CPD,28,Center Left Attack,WD,Center Mid Attack,C,Outside Circle,YES,,,"Q3, Q3, Q3",GS,Inner Right,OPP Goal,,,,
Malaysia_final,SGP vs MAS_final_17122025,2100.993375155983,22.102861626982758,SGP CPD,29,Center Mid Attack,GA,Center Mid Attack,WA,,,,,"Q3, Q3",GS,Inner Middle,OPP Goal,,,,
Malaysia_final,SGP vs MAS_final_17122025,2190.4936519430357,17.403704978950827,SGP CPD,30,Center Mid Attack,WA,Attacking Middle,GA,"Circle Edge, Inside Circle","YES, YES",,,"Q3, Q3, Q3, Q3",GS,Inner Left,OPP Goal,,,,
Malaysia_final,SGP vs MAS_final_17122025,2239.5927292840015,43.65040404933188,SGP CPD,31,,Not Taken,,,"Outside Circle, Circle Edge, Circle Edge, Circle Edge","NO, YES, NO, YES",,,"Q3, Q3, Q3, Q3, Q3, Q3",GS,Inner Middle,OPP Goal,,,,
Malaysia_final,SGP vs MAS_final_17122025,2333.4928630600098,82.30550488797871,SGP CPD,32,Center Left Attack,GA,Center Left Attack,WD,"Circle Edge, Circle Edge, Circle Edge, Circle Edge","NO, YES, NO, YES",,,"Q3, Q3, Q3, Q3, Q3, Q3, Q3, Q3",GS,Inner Right,OPP Goal,,,,
Malaysia_final,SGP vs MAS_final_17122025,2467.889432337977,21.30993516701892,SGP CPD,33,Center Mid Attack,WA,Center Right Attack,GA,"Circle Edge, Circle Edge, Inside Circle","YES, YES, YES",,,"Q3, Q3, Q3, Q3, Q3",GS,Inner Right,OPP Goal,,,,
Malaysia_final,SGP vs MAS_final_17122025,2514.7916898809576,29.305873655996947,SGP CPD,34,Center Mid Attack,GA,Center Mid Attack,WA,Outside Circle,YES,,,"Q3, Q3, Q3",GS,Inner Left,OPP Goal,,,,
Malaysia_final,SGP vs MAS_final_17122025,2601.489719389954,22.509552538011576,SGP CPD,35,Center Mid Attack,WA,Center Mid Attack,GA,Circle Edge,YES,,,"Q3, Q3, Q3",GA,Inner Right,OPP Goal,,,,
Malaysia_final,SGP vs MAS_final_17122025,2667.2917957000013,39.42732652222094,SGP CPD,36,Center Mid Attack,GA,Center Mid Attack,WD,"Outside Circle, Circle Edge, Inside Circle, Inside Circle","YES, YES, YES, YES",,,"Q3, Q3, Q3, Q3, Q3, Q3",GA,Inner Left,OPP Goal,,,,
Malaysia_final,SGP vs MAS_final_17122025,2813.792978831028,28.60395692899101,SGP CPD,37,Center Mid Attack,WA,Center Mid Attack,GD,Circle Edge,YES,,,"Q3, Q3, Q3",GS,Inner Left,OPP Goal,,,,
Malaysia_final,SGP vs MAS_final_17122025,2862.890465651971,38.70916531000648,SGP CPD,38,Center Mid Attack,GA,Center Mid Attack,WA,Circle Edge,YES,,,"Q3, Q3, Q3, Q3, Q3","GA, GA","Inner Left, Inner Right","OPP Miss, SGP Goal",,,,
Malaysia_final,SGP vs MAS_final_17122025,2919.694153455014,9.902278686001864,SGP CPD,39,Center Mid Attack,GA,Attacking Right Pocket,WA,Circle Edge,YES,,,"Q3, Q3, Q3",GS,Outer Right,OPP Goal,,,,
Malaysia_final,SGP vs MAS_final_17122025,3029.2917196240005,68.00682324496393,SGP CPD,40,Center Right Attack,GA,Center Mid Attack,WA,"Circle Edge, Circle Edge, Inside Circle","YES, YES, YES",,,"Q4, Q4, Q4, Q4, Q4, Q4, Q4","GS, GS","Inner Middle, Inner Left","OPP Miss, SGP Goal",,,,
Malaysia_final,SGP vs MAS_final_17122025,3147.105758048974,36.29216392700528,SGP CPD,41,Center Mid Attack,GA,Attacking Middle,WA,"Circle Edge, Circle Edge","YES, YES",,,"Q4, Q4, Q4, Q4",GA,Inner Right,OPP Goal,,,,
Malaysia_final,SGP vs MAS_final_17122025,3216.6889140540075,56.70622445798199,SGP CPD,42,Center Mid Attack,WA,Attacking Right,C,"Circle Edge, Circle Edge","NO, YES",,,"Q4, Q4, Q4, Q4, Q4",GS,Inner Right,SGP Goal,,,,
Malaysia_final,SGP vs MAS_final_17122025,3330.091127908988,14.207493197987333,SGP CPD,43,Center Mid Attack,GA,Attacking Right Pocket,WA,Circle Edge,YES,,,"Q4, Q4, Q4",GS,Inner Middle,OPP Goal,,,,
Malaysia_final,SGP vs MAS_final_17122025,3395.7911431109246,20.40660699407408,SGP CPD,44,Center Mid Attack,WA,Attacking Left,GA,"Outside Circle, Inside Circle","YES, YES",,,"Q4, Q4, Q4, Q4",GA,Inner Right,OPP Goal,,,,
Malaysia_final,SGP vs MAS_final_17122025,3453.0925573000054,52.40534549095537,SGP CPD,45,Center Mid Attack,GA,Center Mid Attack,WA,"Outside Circle, Inside Circle, Inside Circle, Circle Edge, Circle Edge","YES, YES, NO, YES, YES",,,"Q4, Q4, Q4, Q4, Q4, Q4, Q4, Q4",GA,Outer Middle,SGP Goal,,,,
Malaysia_final,SGP vs MAS_final_17122025,3565.263822222222,33.23373944176137,SGP CPD,46,Center Right Attack,WA,Center Right Defense,GD,Circle Edge,YES,,,"Q4, Q4, Q4",GS,Inner Middle,OPP Goal,,,,
Malaysia_final,SGP vs MAS_final_17122025,3614.191527139961,76.80618882203044,SGP CPD,47,,Not Taken,,,"Outside Circle, Circle Edge, Circle Edge, Outside Circle","YES, YES, YES, YES",,,"Q4, Q4, Q4, Q4, Q4, Q4, Q4, Q4, Q4","GA, GA","Outer Left, Inner Left","SGP Miss, OPP Goal",,,,
Malaysia_final,SGP vs MAS_final_17122025,3721.0918328670055,27.267556021883593,SGP CPD,48,Center Mid Attack,GA,Center Mid Attack,WA,Outside Circle,YES,,,"Q4, Q4, Q4",GS,Inner Right,OPP Goal,,,,
Malaysia_final,SGP vs MAS_final_17122025,3772.1931833559834,34.705859046960995,SGP CPD,49,Center Mid Attack,WA,Center Mid Attack,WD,"Outside Circle, Circle Edge, Circle Edge","YES, YES, YES",,,"Q4, Q4, Q4, Q4, Q4",GS,Inner Right,OPP Goal,,,,
Malaysia_final,SGP vs MAS_final_17122025,3827.4944620230026,36.803524350956195,SGP CPD,50,Center Right Attack,GA,Center Mid Attack,WD,"Circle Edge, Circle Edge","YES, YES",,,"Q4, Q4, Q4, Q4",GS,Inner Middle,OPP Goal,,,,
Malaysia_final,SGP vs MAS_final_17122025,3933.9931008030067,12.80697697477126,SGP CPD,51,Center Mid Attack,WA,Attacking Left,GA,Outside Circle,YES,,,"Q4, Q4, Q4",GS,Outer Middle,OPP Goal,,,,
Malaysia_final,SGP vs MAS_final_17122025,62.59292191397391,27.104983279041505,SGP DCPD,1,Center Left Attack,GA,Center Left Attack,C,"Circle Edge, Inside Circle","YES, YES",,,"Q1, Q1, Q1, Q1",GS,Inner Left,OPP Goal,,,,
Malaysia_final,SGP vs MAS_final_17122025,114.21391111111112,29.684516546885135,SGP DCPD,2,Center Right Attack,WA,Attacking Right,GA,Outside Circle,YES,,,"Q1, Q1, Q1",GS,Outer Left,OPP Goal,,,,
Malaysia_final,SGP vs MAS_final_17122025,192.3930109180376,24.404299112979345,SGP DCPD,3,"Center Right Attack, Center Right Attack",GA,Center Right Attack,GD,Circle Edge,YES,,,"Q1, Q1, Q1",GS,Inner Right,OPP Goal,,,,
Malaysia_final,SGP vs MAS_final_17122025,289.3957605680008,21.201568687977215,SGP DCPD,4,Center Mid Attack,WA,Center Right Attack,GA,"Circle Edge, Inside Circle","YES, YES",,,"Q1, Q1, Q1, Q1",GS,Inner Left,OPP Goal,,,,
Malaysia_final,SGP vs MAS_final_17122025,326.0930489119919,31.705074275963625,SGP DCPD,5,Center Right Attack,WA,Center Right Attack,GD,"Outside Circle, Circle Edge, Circle Edge, Inside Circle","YES, YES, YES, YES",,,"Q1, Q1, Q1, Q1, Q1, Q1",GS,Inner Middle,OPP Goal,,,,
Malaysia_final,SGP vs MAS_final_17122025,396.1905482030286,19.40664258699212,SGP DCPD,6,Center Mid Attack,WA,Attacking Right,GA,Outside Circle,YES,,,"Q1, Q1, Q1",GS,Inner Middle,OPP Goal,,,,
Malaysia_final,SGP vs MAS_final_17122025,487.8932223539591,8.573444312707522,SGP DCPD,7,Center Right Attack,WA,Attacking Right,GA,,,,,Q1,,,,,,,
Malaysia_final,SGP vs MAS_final_17122025,593.7910624379683,21.607540645013046,SGP DCPD,8,Center Mid Attack,GA,Attacking Left,C,,,,,"Q1, Q1",GS,Inner Middle,OPP Goal,,,,
Malaysia_final,SGP vs MAS_final_17122025,638.6872960399803,35.52038173779749,SGP DCPD,9,Center Mid Attack,GA,,Not Taken,"Circle Edge, Circle Edge","YES, YES",,,"Q1, Q1, Q1, Q1",GA,Inner Middle,OPP Miss,,,,
Malaysia_final,SGP vs MAS_final_17122025,734.9926155709809,18.206384429019067,SGP DCPD,10,Center Right Defense,GD,Center Mid Defense,C,Outside Circle,NO,,,"Q1, Q1",,,,,,,
Malaysia_final,SGP vs MAS_final_17122025,817.9958699,26.401904134947586,SGP DCPD,11,,Not Taken,,,"Outside Circle, Inside Circle","YES, YES",,,"Q1, Q1, Q1, Q1",GS,Inner Middle,OPP Goal,,,,
Malaysia_final,SGP vs MAS_final_17122025,864.4938484,27.80449438700373,SGP DCPD,12,Center Mid Attack,WA,Center Right Defense,GD,"Outside Circle, Inside Circle","YES, NO",,,"Q1, Q1, Q1, Q1",GA,Inner Right,OPP Goal,,,,
Malaysia_final,SGP vs MAS_final_17122025,917.7289012210113,5.394998778988793,SGP DCPD,13,,,,,,,,,Q1,,,,,,,
Malaysia_final,SGP vs MAS_final_17122025,1028.9926593879914,6.607300471002645,SGP DCPD,14,Center Mid Attack,WA,,Not Taken,,,,,Q2,,,,,,,
Malaysia_final,SGP vs MAS_final_17122025,1099.6920793440158,32.10646137397703,SGP DCPD,15,Center Left Attack,GA,Center Mid Attack,WA,"Circle Edge, Inside Circle","YES, YES",,,"Q2, Q2, Q2, Q2",GS,Inner Right,OPP Goal,,,,
Malaysia_final,SGP vs MAS_final_17122025,1174.9915321979827,42.10595372403236,SGP DCPD,16,,Not Taken,,,"Circle Edge, Circle Edge","YES, YES",,,"Q2, Q2, Q2, Q2, Q2","GS, GS","Inner Middle, Inner Middle","OPP Miss, OPP Goal",,,,
Malaysia_final,SGP vs MAS_final_17122025,1240.093873989938,19.20543967205026,SGP DCPD,17,Center Mid Attack,GA,Attacking Right,WA,Outside Circle,YES,,,"Q2, Q2, Q2",GS,Inner Left,OPP Goal,,,,
Malaysia_final,SGP vs MAS_final_17122025,1293.7936907329815,40.60505658599982,SGP DCPD,18,,Not Taken,,,Circle Edge,YES,,,"Q2, Q2, Q2",GA,Inner Middle,OPP Goal,,,,
Malaysia_final,SGP vs MAS_final_17122025,1371.8966930089816,27.26015143546283,SGP DCPD,19,Center Left Attack,GA,Center Left Attack,C,"Outside Circle, Circle Edge, Circle Edge","YES, YES, YES",,,"Q2, Q2, Q2, Q2, Q2",GS,Inner Middle,OPP Miss,,,,
Malaysia_final,SGP vs MAS_final_17122025,1464.4896245009788,39.208093439984395,SGP DCPD,20,Center Mid Attack,GA,Center Mid Attack,WA,"Outside Circle, Circle Edge, Inside Circle","YES, YES, YES",,,"Q2, Q2, Q2, Q2, Q2",GS,Inner Middle,OPP Goal,,,,
Malaysia_final,SGP vs MAS_final_17122025,1533.0944921439889,19.004142821038613,SGP DCPD,21,,Not Taken,,,"Outside Circle, Inside Circle","YES, NO",,,"Q2, Q2, Q2, Q2",GS,Inner Left,OPP Goal,,,,
Malaysia_final,SGP vs MAS_final_17122025,1608.4915070789896,22.906828392045327,SGP DCPD,22,Center Mid Attack,GA,Center Right Attack,WA,Outside Circle,YES,,,"Q2, Q2, Q2",GS,Inner Right,OPP Goal,,,,
Malaysia_final,SGP vs MAS_final_17122025,1651.2921168289731,14.483015897999849,SGP DCPD,23,Center Left Attack,GA,Center Left Defense,WD,,,,,Q2,,,,,,,
Malaysia_final,SGP vs MAS_final_17122025,1746.5917151339581,7.726584866041776,SGP DCPD,24,Center Left Attack,GA,,Not Taken,,,,,Q2,,,,,,,
Malaysia_final,SGP vs MAS_final_17122025,1881.0932374079396,20.20490483202434,SGP DCPD,25,Center Mid Attack,WA,Center Right Attack,GA,Circle Edge,YES,,,"Q2, Q2, Q2",GS,Outer Right,OPP Goal,,,,
Malaysia_final,SGP vs MAS_final_17122025,1936.7927033299973,16.92046334,SGP DCPD,26,Center Mid Attack,GA,,Not Taken,Circle Edge,YES,,,"Q2, Q2",,,,,,,
Malaysia_final,SGP vs MAS_final_17122025,1979.090451870019,25.00799221796069,SGP DCPD,27,Center Mid Attack,WA,Attacking Middle,GA,"Circle Edge, Inside Circle","YES, YES",,,"Q3, Q3, Q3, Q3",GS,Inner Right,OPP Goal,,,,
Malaysia_final,SGP vs MAS_final_17122025,2048.892489100008,21.805028453979503,SGP DCPD,28,Center Left Attack,WD,Center Mid Attack,C,Outside Circle,YES,,,"Q3, Q3, Q3",GS,Inner Right,OPP Goal,,,,
Malaysia_final,SGP vs MAS_final_17122025,2100.993375155983,22.102861626982758,SGP DCPD,29,Center Mid Attack,GA,Center Mid Attack,WA,,,,,"Q3, Q3",GS,Inner Middle,OPP Goal,,,,
Malaysia_final,SGP vs MAS_final_17122025,2190.4936519430357,17.403704978950827,SGP DCPD,30,Center Mid Attack,WA,Attacking Middle,GA,"Circle Edge, Inside Circle","YES, YES",,,"Q3, Q3, Q3, Q3",GS,Inner Left,OPP Goal,,,,
Malaysia_final,SGP vs MAS_final_17122025,2239.5927292840015,43.65040404933188,SGP DCPD,31,,Not Taken,,,"Outside Circle, Circle Edge, Circle Edge, Circle Edge","NO, YES, NO, YES",,,"Q3, Q3, Q3, Q3, Q3, Q3",GS,Inner Middle,OPP Goal,,,,
Malaysia_final,SGP vs MAS_final_17122025,2333.4928630600098,17.204388543957975,SGP DCPD,32,Center Left Attack,GA,Center Left Attack,WD,Circle Edge,NO,,,"Q3, Q3",,,,,,,
Malaysia_final,SGP vs MAS_final_17122025,2467.889432337977,21.30993516701892,SGP DCPD,33,Center Mid Attack,WA,Center Right Attack,GA,"Circle Edge, Circle Edge, Inside Circle","YES, YES, YES",,,"Q3, Q3, Q3, Q3, Q3",GS,Inner Right,OPP Goal,,,,
Malaysia_final,SGP vs MAS_final_17122025,2514.7916898809576,29.305873655996947,SGP DCPD,34,Center Mid Attack,GA,Center Mid Attack,WA,Outside Circle,YES,,,"Q3, Q3, Q3",GS,Inner Left,OPP Goal,,,,
Malaysia_final,SGP vs MAS_final_17122025,2601.489719389954,22.509552538011576,SGP DCPD,35,Center Mid Attack,WA,Center Mid Attack,GA,Circle Edge,YES,,,"Q3, Q3, Q3",GA,Inner Right,OPP Goal,,,,
Malaysia_final,SGP vs MAS_final_17122025,2667.2917957000013,39.42732652222094,SGP DCPD,36,Center Mid Attack,GA,Center Mid Attack,WD,"Outside Circle, Circle Edge, Inside Circle, Inside Circle","YES, YES, YES, YES",,,"Q3, Q3, Q3, Q3, Q3, Q3",GA,Inner Left,OPP Goal,,,,
Malaysia_final,SGP vs MAS_final_17122025,2813.792978831028,28.60395692899101,SGP DCPD,37,Center Mid Attack,WA,Center Mid Attack,GD,Circle Edge,YES,,,"Q3, Q3, Q3",GS,Inner Left,OPP Goal,,,,
Malaysia_final,SGP vs MAS_final_17122025,2862.890465651971,16.15079913806312,SGP DCPD,38,Center Mid Attack,GA,Center Mid Attack,WA,Circle Edge,YES,,,"Q3, Q3, Q3",GA,Inner Left,OPP Miss,,,,
Malaysia_final,SGP vs MAS_final_17122025,2919.694153455014,9.902278686001864,SGP DCPD,39,Center Mid Attack,GA,Attacking Right Pocket,WA,Circle Edge,YES,,,"Q3, Q3, Q3",GS,Outer Right,OPP Goal,,,,
Malaysia_final,SGP vs MAS_final_17122025,3029.2917196240005,21.005724838955302,SGP DCPD,40,Center Right Attack,GA,Center Mid Attack,WA,Circle Edge,YES,,,"Q4, Q4, Q4",GS,Inner Middle,OPP Miss,,,,
Malaysia_final,SGP vs MAS_final_17122025,3147.105758048974,36.29216392700528,SGP DCPD,41,Center Mid Attack,GA,Attacking Middle,WA,"Circle Edge, Circle Edge","YES, YES",,,"Q4, Q4, Q4, Q4",GA,Inner Right,OPP Goal,,,,
Malaysia_final,SGP vs MAS_final_17122025,3216.6889140540075,12.309040490983989,SGP DCPD,42,Center Mid Attack,WA,Attacking Right,C,Circle Edge,NO,,,"Q4, Q4",,,,,,,
Malaysia_final,SGP vs MAS_final_17122025,3330.091127908988,14.207493197987333,SGP DCPD,43,Center Mid Attack,GA,Attacking Right Pocket,WA,Circle Edge,YES,,,"Q4, Q4, Q4",GS,Inner Middle,OPP Goal,,,,
Malaysia_final,SGP vs MAS_final_17122025,3395.7911431109246,20.40660699407408,SGP DCPD,44,Center Mid Attack,WA,Attacking Left,GA,"Outside Circle, Inside Circle","YES, YES",,,"Q4, Q4, Q4, Q4",GA,Inner Right,OPP Goal,,,,
Malaysia_final,SGP vs MAS_final_17122025,3453.0925573000054,18.91257603332815,SGP DCPD,45,Center Mid Attack,GA,Center Mid Attack,WA,"Outside Circle, Inside Circle, Inside Circle","YES, YES, NO",,,"Q4, Q4, Q4, Q4",,,,,,,
Malaysia_final,SGP vs MAS_final_17122025,3565.263822222222,33.23373944176137,SGP DCPD,46,Center Right Attack,WA,Center Right Defense,GD,Circle Edge,YES,,,"Q4, Q4, Q4",GS,Inner Middle,OPP Goal,,,,
Malaysia_final,SGP vs MAS_final_17122025,3614.191527139961,17.160372860038933,SGP DCPD,47,,Not Taken,,,Outside Circle,YES,,,"Q4, Q4",,,,,,,
Malaysia_final,SGP vs MAS_final_17122025,3721.0918328670055,27.267556021883593,SGP DCPD,48,Center Mid Attack,GA,Center Mid Attack,WA,Outside Circle,YES,,,"Q4, Q4, Q4",GS,Inner Right,OPP Goal,,,,
Malaysia_final,SGP vs MAS_final_17122025,3772.1931833559834,34.705859046960995,SGP DCPD,49,Center Mid Attack,WA,Center Mid Attack,WD,"Outside Circle, Circle Edge, Circle Edge","YES, YES, YES",,,"Q4, Q4, Q4, Q4, Q4",GS,Inner Right,OPP Goal,,,,
Malaysia_final,SGP vs MAS_final_17122025,3827.4944620230026,36.803524350956195,SGP DCPD,50,Center Right Attack,GA,Center Mid Attack,WD,"Circle Edge, Circle Edge","YES, YES",,,"Q4, Q4, Q4, Q4",GS,Inner Middle,OPP Goal,,,,
Malaysia_final,SGP vs MAS_final_17122025,3933.9931008030067,12.80697697477126,SGP DCPD,51,Center Mid Attack,WA,Attacking Left,GA,Outside Circle,YES,,,"Q4, Q4, Q4",GS,Outer Middle,OPP Goal,,,,
Malaysia_final,SGP vs MAS_final_17122025,72.89166610399009,5.1241329709921075,OPP Feed,1,,,,,Circle Edge,YES,,,Q1,,,,,,,
Malaysia_final,SGP vs MAS_final_17122025,80.49133661603332,5.127029721900939,OPP Feed,2,,,,,Inside Circle,YES,,,Q1,,,,,,,
Malaysia_final,SGP vs MAS_final_17122025,127.00585555555554,5,OPP Feed,3,,,,,Outside Circle,YES,,,Q1,,,,,,,
Malaysia_final,SGP vs MAS_final_17122025,206.37057777777778,5,OPP Feed,4,,,,,Circle Edge,YES,,,Q1,,,,,,,
Malaysia_final,SGP vs MAS_final_17122025,269.2003888888889,5,OPP Feed,5,,,,,Circle Edge,YES,,,Q1,,,,,,,
Malaysia_final,SGP vs MAS_final_17122025,270.83525555555553,5,OPP Feed,6,,,,,Circle Edge,YES,,,Q1,,,,,,,
Malaysia_final,SGP vs MAS_final_17122025,295.27996666666667,5,OPP Feed,7,,,,,Circle Edge,YES,,,Q1,,,,,,,
Malaysia_final,SGP vs MAS_final_17122025,301.0922958499959,5.213183273002414,OPP Feed,8,,,,,Inside Circle,YES,,,Q1,,,,,,,
Malaysia_final,SGP vs MAS_final_17122025,335.4655666666667,5,OPP Feed,9,,,,,Outside Circle,YES,,,Q1,,,,,,,
Malaysia_final,SGP vs MAS_final_17122025,339.5904109,5.1319122919941265,OPP Feed,10,,,,,Circle Edge,YES,,,Q1,,,,,,,
Malaysia_final,SGP vs MAS_final_17122025,340.89079692697595,5.121721009992427,OPP Feed,11,,,,,Inside Circle,YES,,,Q1,,,,,,,
Malaysia_final,SGP vs MAS_final_17122025,404.22984444444444,5,OPP Feed,12,,,,,Outside Circle,YES,,,Q1,,,,,,,
Malaysia_final,SGP vs MAS_final_17122025,467.72367777777777,5,OPP Feed,13,,,,,Outside Circle,YES,,,Q1,,,,,,,
Malaysia_final,SGP vs MAS_final_17122025,476.6911945610062,5.902841397998941,OPP Feed,14,,,,,Inside Circle,YES,,,Q1,,,,,,,
Malaysia_final,SGP vs MAS_final_17122025,577.8692111111111,5,OPP Feed,15,,,,,Inside Circle,YES,,,Q1,,,,,,,
Malaysia_final,SGP vs MAS_final_17122025,647.1925195439875,5.212845530030677,OPP Feed,16,,,,,Outside Circle,YES,,,Q1,,,,,,,
Malaysia_final,SGP vs MAS_final_17122025,664.8934152979873,5.1996999610040575,OPP Feed,17,,,,,Circle Edge,YES,,,Q1,,,,,,,
Malaysia_final,SGP vs MAS_final_17122025,747.5882555555555,5,OPP Feed,18,,,,,Outside Circle,NO,,,Q1,,,,,,,
Malaysia_final,SGP vs MAS_final_17122025,832.2193666666667,5,OPP Feed,19,,,,,Outside Circle,YES,,,Q1,,,,,,,
Malaysia_final,SGP vs MAS_final_17122025,833.8915990120121,5.316371464005101,OPP Feed,20,,,,,Inside Circle,YES,,,Q1,,,,,,,
Malaysia_final,SGP vs MAS_final_17122025,876.7592582,5,OPP Feed,21,,,,,Outside Circle,YES,,,Q1,,,,,,,
Malaysia_final,SGP vs MAS_final_17122025,879.3931342,5.207777281974245,OPP Feed,22,,,,,Inside Circle,NO,,,Q1,,,,,,,
Malaysia_final,SGP vs MAS_final_17122025,1111.7904217679898,5.314124051,OPP Feed,23,,,,,Circle Edge,YES,,,Q2,,,,,,,
Malaysia_final,SGP vs MAS_final_17122025,1115.6899757919773,5.402748813022299,OPP Feed,24,,,,,Inside Circle,YES,,,Q2,,,,,,,
Malaysia_final,SGP vs MAS_final_17122025,1191.4473888888888,5,OPP Feed,25,,,,,Circle Edge,YES,,,Q2,,,,,,,
Malaysia_final,SGP vs MAS_final_17122025,1194.7917871249854,5.200127530980808,OPP Feed,26,,,,,Circle Edge,YES,,,Q2,,,,,,,
Malaysia_final,SGP vs MAS_final_17122025,1241.990127048989,10.200271999999131,OPP Feed,27,,,,,Outside Circle,YES,,,Q2,,,,,,,
Malaysia_final,SGP vs MAS_final_17122025,1323.1927383319648,5.1071731770327915,OPP Feed,28,,,,,Circle Edge,YES,,,Q2,,,,,,,
Malaysia_final,SGP vs MAS_final_17122025,1385.602388888889,5,OPP Feed,29,,,,,Outside Circle,YES,,,Q2,,,,,,,
Malaysia_final,SGP vs MAS_final_17122025,1388.6053666666667,5,OPP Feed,30,,,,,Circle Edge,YES,,,Q2,,,,,,,
Malaysia_final,SGP vs MAS_final_17122025,1389.689106799016,5.205485015979548,OPP Feed,31,,,,,Circle Edge,YES,,,Q2,,,,,,,
Malaysia_final,SGP vs MAS_final_17122025,1482.1360222222222,5,OPP Feed,32,,,,,Outside Circle,YES,,,Q2,,,,,,,
Malaysia_final,SGP vs MAS_final_17122025,1487.1948891920297,4.998195983993355,OPP Feed,33,,,,,Circle Edge,YES,,,Q2,,,,,,,
Malaysia_final,SGP vs MAS_final_17122025,1492.6887862620158,5.3056432519877035,OPP Feed,34,,,,,Inside Circle,YES,,,Q2,,,,,,,
Malaysia_final,SGP vs MAS_final_17122025,1539.0166555555556,5,OPP Feed,35,,,,,Outside Circle,YES,,,Q2,,,,,,,
Malaysia_final,SGP vs MAS_final_17122025,1541.2919742089803,5.399561285975324,OPP Feed,36,,,,,Inside Circle,NO,,,Q2,,,,,,,
Malaysia_final,SGP vs MAS_final_17122025,1615.9589333333333,5,OPP Feed,37,,,,,Outside Circle,YES,,,Q2,,,,,,,
Malaysia_final,SGP vs MAS_final_17122025,1694.2309,5,OPP Feed,38,,,,,Circle Edge,YES,,,Q2,,,,,,,
Malaysia_final,SGP vs MAS_final_17122025,1700.3885333333333,5,OPP Feed,39,,,,,Inside Circle,NO,,,Q2,,,,,,,
Malaysia_final,SGP vs MAS_final_17122025,1705.9930475769665,5.197847230027037,OPP Feed,40,,,,,Inside Circle,YES,,,Q2,,,,,,,
Malaysia_final,SGP vs MAS_final_17122025,1792.9582777777778,5,OPP Feed,41,,,,,Circle Edge,YES,,,Q2,,,,,,,
Malaysia_final,SGP vs MAS_final_17122025,1797.2224111111111,5,OPP Feed,42,,,,,Circle Edge,NO,,,Q2,,,,,,,
Malaysia_final,SGP vs MAS_final_17122025,1858.3700777777779,5,OPP Feed,43,,,,,Outside Circle,NO,,,Q2,,,,,,,
Malaysia_final,SGP vs MAS_final_17122025,1867.1863555555556,5,OPP Feed,44,,,,,Circle Edge,YES,,,Q2,,,,,,,
Malaysia_final,SGP vs MAS_final_17122025,1890.5499222222222,5,OPP Feed,45,,,,,Circle Edge,YES,,,Q2,,,,,,,
Malaysia_final,SGP vs MAS_final_17122025,1945.355011111111,5,OPP Feed,46,,,,,Circle Edge,YES,,,Q2,,,,,,,
Malaysia_final,SGP vs MAS_final_17122025,1993.9623777777779,5,OPP Feed,47,,,,,Circle Edge,YES,,,Q3,,,,,,,
Malaysia_final,SGP vs MAS_final_17122025,1995.2938451770008,5.199792740013891,OPP Feed,48,,,,,Inside Circle,YES,,,Q3,,,,,,,
Malaysia_final,SGP vs MAS_final_17122025,2008.8470444444445,5,OPP Feed,49,,,,,Circle Edge,YES,,,Q3,,,,,,,
Malaysia_final,SGP vs MAS_final_17122025,2024.593912793973,11.799535750007863,OPP Feed,50,,,,,Circle Edge,YES,,,Q3,,,,,,,
Malaysia_final,SGP vs MAS_final_17122025,2036.104288888889,5,OPP Feed,51,,,,,Inside Circle,YES,,,Q3,,,,,,,
Malaysia_final,SGP vs MAS_final_17122025,2061.995285752995,5.101745193941497,OPP Feed,52,,,,,Outside Circle,YES,,,Q3,,,,,,,
Malaysia_final,SGP vs MAS_final_17122025,2171.7557444444446,5,OPP Feed,53,,,,,Circle Edge,YES,,,Q3,,,,,,,
Malaysia_final,SGP vs MAS_final_17122025,2194.2911003210343,5.106862825897224,OPP Feed,54,,,,,Circle Edge,YES,,,Q3,,,,,,,
Malaysia_final,SGP vs MAS_final_17122025,2197.390903505989,5.1963023030029944,OPP Feed,55,,,,,Inside Circle,YES,,,Q3,,,,,,,
Malaysia,SGPvsMAS_15122025,867.8950269639839,5.199238540989654,OPP Feed,21,,,,,Circle Edge,YES,,,Q1,,,,,,,
Malaysia_final,SGP vs MAS_final_17122025,2251.392697017033,5.499304836897409,OPP Feed,57,,,,,Circle Edge,YES,,,Q3,,,,,,,
Malaysia_final,SGP vs MAS_final_17122025,2259.7896666666666,5,OPP Feed,58,,,,,Circle Edge,NO,,,Q3,,,,,,,
Malaysia_final,SGP vs MAS_final_17122025,2274.393313203015,5.128472961937405,OPP Feed,59,,,,,Circle Edge,YES,,,Q3,,,,,,,
Malaysia_final,SGP vs MAS_final_17122025,2343.685788888889,5,OPP Feed,60,,,,,Circle Edge,NO,,,Q3,,,,,,,
Malaysia_final,SGP vs MAS_final_17122025,2405.0495555555553,5,OPP Feed,61,,,,,Circle Edge,YES,,,Q3,,,,,,,
Malaysia_final,SGP vs MAS_final_17122025,2473.6751222222224,5,OPP Feed,62,,,,,Circle Edge,YES,,,Q3,,,,,,,
Malaysia_final,SGP vs MAS_final_17122025,2476.497812355979,5.205159938034285,OPP Feed,63,,,,,Circle Edge,YES,,,Q3,,,,,,,
Malaysia_final,SGP vs MAS_final_17122025,2479.5930126100043,5.130182421994505,OPP Feed,64,,,,,Inside Circle,YES,,,Q3,,,,,,,
Malaysia_final,SGP vs MAS_final_17122025,2531.1926925209536,5.087269918050424,OPP Feed,65,,,,,Outside Circle,YES,,,Q3,,,,,,,
Malaysia_final,SGP vs MAS_final_17122025,2584.6030555555553,5,OPP Feed,66,,,,,Outside Circle,YES,,,Q3,,,,,,,
Malaysia_final,SGP vs MAS_final_17122025,2587.6871111111113,5,OPP Feed,67,,,,,Inside Circle,YES,,,Q3,,,,,,,
Malaysia_final,SGP vs MAS_final_17122025,2612.691271013974,5.132120558013412,OPP Feed,68,,,,,Circle Edge,YES,,,Q3,,,,,,,
Malaysia_final,SGP vs MAS_final_17122025,2681.786788888889,5,OPP Feed,69,,,,,Outside Circle,YES,,,Q3,,,,,,,
Malaysia_final,SGP vs MAS_final_17122025,2686.397354,5.397343312997691,OPP Feed,70,,,,,Circle Edge,YES,,,Q3,,,,,,,
Malaysia_final,SGP vs MAS_final_17122025,2696.6326222222224,5,OPP Feed,71,,,,,Inside Circle,YES,,,Q3,,,,,,,
Malaysia_final,SGP vs MAS_final_17122025,2697.984966666667,5,OPP Feed,72,,,,,Inside Circle,YES,,,Q3,,,,,,,
Malaysia_final,SGP vs MAS_final_17122025,2796.948,5,OPP Feed,73,,,,,Outside Circle,YES,,,Q3,,,,,,,
Malaysia_final,SGP vs MAS_final_17122025,2798.3380555555555,5,OPP Feed,74,,,,,Inside Circle,YES,,,Q3,,,,,,,
Malaysia_final,SGP vs MAS_final_17122025,2831.993285524966,5.124561566022294,OPP Feed,75,,,,,Circle Edge,YES,,,Q3,,,,,,,
Malaysia_final,SGP vs MAS_final_17122025,2867.9420111111112,5,OPP Feed,76,,,,,Circle Edge,YES,,,Q3,,,,,,,
Malaysia_final,SGP vs MAS_final_17122025,2921.0916419579803,5.176973295965581,OPP Feed,77,,,,,Circle Edge,YES,,,Q3,,,,,,,
Malaysia_final,SGP vs MAS_final_17122025,3006.199541,5.892426236962365,OPP Feed,78,,,,,Circle Edge,YES,,,Q4,,,,,,,
Malaysia_final,SGP vs MAS_final_17122025,3012.120677777778,5,OPP Feed,79,,,,,Inside Circle,YES,,,Q4,,,,,,,
Malaysia_final,SGP vs MAS_final_17122025,3040.1436222222223,5,OPP Feed,80,,,,,Circle Edge,YES,,,Q4,,,,,,,
Malaysia_final,SGP vs MAS_final_17122025,3134.1941888888887,5,OPP Feed,81,,,,,Outside Circle,YES,,,Q4,,,,,,,
Malaysia_final,SGP vs MAS_final_17122025,3168.2776,5,OPP Feed,82,,,,,Circle Edge,YES,,,Q4,,,,,,,
Malaysia_final,SGP vs MAS_final_17122025,3172.491721450968,5.202103891018851,OPP Feed,83,,,,,Circle Edge,YES,,,Q4,,,,,,,
Malaysia_final,SGP vs MAS_final_17122025,3221.996762527031,5.200279212956502,OPP Feed,84,,,,,Circle Edge,NO,,,Q4,,,,,,,
Malaysia_final,SGP vs MAS_final_17122025,3312.430444444444,5,OPP Feed,85,,,,,Circle Edge,YES,,,Q4,,,,,,,
Malaysia_final,SGP vs MAS_final_17122025,3332.985811111111,5,OPP Feed,86,,,,,Circle Edge,YES,,,Q4,,,,,,,
Malaysia_final,SGP vs MAS_final_17122025,3382.0952555555555,5,OPP Feed,87,,,,,Outside Circle,YES,,,Q4,,,,,,,
Malaysia_final,SGP vs MAS_final_17122025,3405.086422222222,5,OPP Feed,88,,,,,Outside Circle,YES,,,Q4,,,,,,,
Malaysia_final,SGP vs MAS_final_17122025,3406.0950937319485,5.195387059025961,OPP Feed,89,,,,,Inside Circle,YES,,,Q4,,,,,,,
Malaysia_final,SGP vs MAS_final_17122025,3458.538722222222,5,OPP Feed,90,,,,,Outside Circle,YES,,,Q4,,,,,,,
Malaysia_final,SGP vs MAS_final_17122025,3465.091235133993,5.4061159870234405,OPP Feed,91,,,,,Inside Circle,NO,,,Q4,,,,,,,
Malaysia_final,SGP vs MAS_final_17122025,3585.6417666666666,5,OPP Feed,92,,,,,Circle Edge,YES,,,Q4,,,,,,,
Malaysia_final,SGP vs MAS_final_17122025,3621.0965450469953,5.196313231984277,OPP Feed,93,,,,,Outside Circle,YES,,,Q4,,,,,,,
Malaysia_final,SGP vs MAS_final_17122025,3679.9920383079566,5.203762978041141,OPP Feed,94,,,,,Outside Circle,YES,,,Q4,,,,,,,
Malaysia_final,SGP vs MAS_final_17122025,3732.842922222222,5,OPP Feed,95,,,,,Outside Circle,YES,,,Q4,,,,,,,
Malaysia_final,SGP vs MAS_final_17122025,3779.3983345280253,5.112154758952329,OPP Feed,96,,,,,Outside Circle,YES,,,Q4,,,,,,,
Brunei,SGPvsBRN_16122025,895.0723444444444,5,SGP Feed,30,,,,,Outside Circle,YES,,Angelina Lim,Q4,,,,,,,
Malaysia_final,SGP vs MAS_final_17122025,3791.4928719769596,5.496865493002133,OPP Feed,98,,,,,Circle Edge,YES,,,Q4,,,,,,,
Malaysia_final,SGP vs MAS_final_17122025,3852.263177777778,5,OPP Feed,99,,,,,Circle Edge,YES,,,Q4,,,,,,,
Malaysia_final,SGP vs MAS_final_17122025,3853.886122222222,5,OPP Feed,100,,,,,Circle Edge,YES,,,Q4,,,,,,,
Malaysia_final,SGP vs MAS_final_17122025,3920.8879333333334,5,OPP Feed,101,,,,,Circle Edge,YES,,,Q4,,,,,,,
Malaysia_final,SGP vs MAS_final_17122025,3923.493242,5.197439514027337,OPP Feed,102,,,,,Inside Circle,YES,,,Q4,,,,,,,
Malaysia_final,SGP vs MAS_final_17122025,3937.9565,5,OPP Feed,103,,,,,Outside Circle,YES,,,Q4,,,,,,,
Malaysia_final,SGP vs MAS_final_17122025,78.68109699999486,11.016808193020552,OPP Shot,1,,,,,,,,,Q1,GS,Inner Left,OPP Goal,,,,
Malaysia_final,SGP vs MAS_final_17122025,132.6753129170174,11.223114740978843,OPP Shot,2,,,,,,,,,Q1,GS,Outer Left,OPP Goal,,,,
Malaysia_final,SGP vs MAS_final_17122025,205.59393906199384,11.203370969023098,OPP Shot,3,,,,,,,,,Q1,GS,Inner Right,OPP Goal,,,,
Malaysia_final,SGP vs MAS_final_17122025,269.5844333333333,10,OPP Shot,4,,,,,,,,,Q1,GS,Inner Middle,OPP Goal,,,,
Malaysia_final,SGP vs MAS_final_17122025,299.6982331450327,10.899096110945322,OPP Shot,5,,,,,,,,,Q1,GS,Inner Left,OPP Goal,,,,
Malaysia_final,SGP vs MAS_final_17122025,346.47897440098797,11.31914878696756,OPP Shot,6,,,,,,,,,Q1,GS,Inner Middle,OPP Goal,,,,
Malaysia_final,SGP vs MAS_final_17122025,404.46621844095483,11.130972349065871,OPP Shot,7,,,,,,,,,Q1,GS,Inner Middle,OPP Goal,,,,
Malaysia_final,SGP vs MAS_final_17122025,475.8780477239815,11.018262751959753,OPP Shot,8,,,,,,,,,Q1,GS,Inner Middle,OPP Goal,,,,
Malaysia_final,SGP vs MAS_final_17122025,578.0793681819735,11.016062801021803,OPP Shot,9,,,,,,,,,Q1,GS,Inner Middle,OPP Goal,,,,
Malaysia_final,SGP vs MAS_final_17122025,604.1776996880053,11.220903394976062,OPP Shot,10,,,,,,,,,Q1,GS,Inner Middle,OPP Goal,,,,
Malaysia_final,SGP vs MAS_final_17122025,664.2076777777778,10,OPP Shot,11,,,,,,,,,Q1,GA,Inner Middle,OPP Miss,,,,
Malaysia_final,SGP vs MAS_final_17122025,833.0977358149923,11.300038198989228,OPP Shot,12,,,,,,,,,Q1,GS,Inner Middle,OPP Goal,,,,
Malaysia_final,SGP vs MAS_final_17122025,881.0991987759576,11.199143966005181,OPP Shot,13,,,,,,,,,Q1,GA,Inner Right,OPP Goal,,,,
Malaysia_final,SGP vs MAS_final_17122025,1120.3771336210023,11.421407096990606,OPP Shot,14,,,,,,,,,Q2,GS,Inner Right,OPP Goal,,,,
Malaysia_final,SGP vs MAS_final_17122025,1201.995211111111,11.202612015849127,OPP Shot,15,,,,,,,,,Q2,GS,Inner Middle,OPP Miss,,,,
Malaysia_final,SGP vs MAS_final_17122025,1206.0974004029626,11.00008551905239,OPP Shot,16,,,,,,,,,Q2,GS,Inner Middle,OPP Goal,,,,
Malaysia_final,SGP vs MAS_final_17122025,1248.0801158920053,11.219197769982884,OPP Shot,17,,,,,,,,,Q2,GS,Inner Left,OPP Goal,,,,
Malaysia_final,SGP vs MAS_final_17122025,1323.3593851999883,11.03936211899304,OPP Shot,18,,,,,,,,,Q2,GA,Inner Middle,OPP Goal,,,,
Malaysia_final,SGP vs MAS_final_17122025,1389.1568444444445,10,OPP Shot,19,,,,,,,,,Q2,GS,Inner Middle,OPP Miss,,,,
Malaysia_final,SGP vs MAS_final_17122025,1492.6775267659682,11.020191174995034,OPP Shot,20,,,,,,,,,Q2,GS,Inner Middle,OPP Goal,,,,
Malaysia_final,SGP vs MAS_final_17122025,1540.8782140519836,11.220420913043881,OPP Shot,21,,,,,,,,,Q2,GS,Inner Left,OPP Goal,,,,
Malaysia_final,SGP vs MAS_final_17122025,1620.1985051749627,11.19983029607215,OPP Shot,22,,,,,,,,,Q2,GS,Inner Right,OPP Goal,,,,
Malaysia_final,SGP vs MAS_final_17122025,1699.4115444444444,10,OPP Shot,23,,,,,,,,,Q2,GA,Outer Left,OPP Miss,,,,
Malaysia_final,SGP vs MAS_final_17122025,1705.1984961720098,10.898664550934654,OPP Shot,24,,,,,,,,,Q2,GS,Inner Right,OPP Goal,,,,
Malaysia_final,SGP vs MAS_final_17122025,1867.076699582967,11.122135877020582,OPP Shot,25,,,,,,,,,Q2,GA,Inner Middle,OPP Goal,,,,
Malaysia_final,SGP vs MAS_final_17122025,1890.4984862739734,10.799655965990496,OPP Shot,26,,,,,,,,,Q2,GS,Outer Right,OPP Goal,,,,
Malaysia_final,SGP vs MAS_final_17122025,1993.2980578859851,10.80038620199457,OPP Shot,27,,,,,,,,,Q3,GS,Inner Right,OPP Goal,,,,
Malaysia_final,SGP vs MAS_final_17122025,2034.4793186309996,11.018677885928128,OPP Shot,28,,,,,,,,,Q3,GS,Inner Middle,OPP Goal,,,,
Malaysia,SGPvsMAS_15122025,895.9929428229848,5.201159509998092,OPP Feed,22,,,,,Outside Circle,YES,,,Q1,,,,,,,
Malaysia_final,SGP vs MAS_final_17122025,2111.998631889939,11.097604893026528,OPP Shot,30,,,,,,,,,Q3,GS,Inner Middle,OPP Goal,,,,
Malaysia_final,SGP vs MAS_final_17122025,2171.1272444444444,10,OPP Shot,31,,,,,,,,,Q3,GA,Inner Right,OPP Miss,,,,
Malaysia_final,SGP vs MAS_final_17122025,2178.7750712110283,11.723733991923382,OPP Shot,32,,,,,,,,,Q3,GS,Inner Right,OPP Goal,,,,
Malaysia_final,SGP vs MAS_final_17122025,2196.796486283978,11.100870638008473,OPP Shot,33,,,,,,,,,Q3,GS,Inner Left,OPP Goal,,,,
Malaysia_final,SGP vs MAS_final_17122025,2273.2431333333334,10,OPP Shot,34,,,,,,,,,Q3,GS,Inner Middle,OPP Goal,,,,
Malaysia_final,SGP vs MAS_final_17122025,2404.6943491400134,11.10401880797508,OPP Shot,35,,,,,,,,,Q3,GS,Inner Right,OPP Goal,,,,
Malaysia_final,SGP vs MAS_final_17122025,2478.2980013100287,10.901366194967068,OPP Shot,36,,,,,,,,,Q3,GS,Inner Right,OPP Goal,,,,
Malaysia_final,SGP vs MAS_final_17122025,2532.997308487021,11.100255049933367,OPP Shot,37,,,,,,,,,Q3,GS,Inner Left,OPP Goal,,,,
Malaysia_final,SGP vs MAS_final_17122025,2588.9833263129663,10.914473562995681,OPP Shot,38,,,,,,,,,Q3,GS,Inner Left,OPP Goal,,,,
Malaysia_final,SGP vs MAS_final_17122025,2612.6873806999265,11.311891228039258,OPP Shot,39,,,,,,,,,Q3,GA,Inner Right,OPP Goal,,,,
Malaysia_final,SGP vs MAS_final_17122025,2696.7191222222223,10,OPP Shot,40,,,,,,,,,Q3,GA,Inner Left,OPP Goal,,,,
Malaysia_final,SGP vs MAS_final_17122025,2796.407759,10,OPP Shot,41,,,,,,,,,Q3,GA,Inner Right,OPP Goal,,,,
Malaysia_final,SGP vs MAS_final_17122025,2830.7976054179926,11.599330342026406,OPP Shot,42,,,,,,,,,Q3,GS,Inner Left,OPP Goal,,,,
Malaysia_final,SGP vs MAS_final_17122025,2868.4125222222224,10,OPP Shot,43,,,,,,,,,Q3,GA,Inner Left,OPP Miss,,,,
Malaysia_final,SGP vs MAS_final_17122025,2918.497163980962,11.09926816005418,OPP Shot,44,,,,,,,,,Q3,GS,Outer Right,OPP Goal,,,,
Malaysia_final,SGP vs MAS_final_17122025,3014.697524559021,11.000762762931117,OPP Shot,45,,,,,,,,,Q4,GS,Inner Middle,OPP Goal,,,,
Malaysia_final,SGP vs MAS_final_17122025,3037.870090702948,10,OPP Shot,46,,,,,,,,,Q4,GS,Inner Middle,OPP Miss,,,,
Malaysia_final,SGP vs MAS_final_17122025,3134.772143137971,11.02518240697691,OPP Shot,47,,,,,,,,,Q4,GS,Inner Left,OPP Goal,,,,
Malaysia_final,SGP vs MAS_final_17122025,3172.298148550947,11.099773425032254,OPP Shot,48,,,,,,,,,Q4,GA,Inner Right,OPP Goal,,,,
Malaysia_final,SGP vs MAS_final_17122025,3318.0977247290084,11.100922360982167,OPP Shot,49,,,,,,,,,Q4,GS,Inner Middle,OPP Goal,,,,
Malaysia_final,SGP vs MAS_final_17122025,3333.077786924974,11.22083418,OPP Shot,50,,,,,,,,,Q4,GS,Inner Middle,OPP Goal,,,,
Malaysia_final,SGP vs MAS_final_17122025,3382.798586956986,11.097866092963159,OPP Shot,51,,,,,,,,,Q4,GA,Inner Right,OPP Goal,,,,
Malaysia_final,SGP vs MAS_final_17122025,3405.2985371240147,10.899212980983975,OPP Shot,52,,,,,,,,,Q4,GA,Inner Right,OPP Goal,,,,
Malaysia_final,SGP vs MAS_final_17122025,3587.577230464964,10.920331199019529,OPP Shot,53,,,,,,,,,Q4,GS,Inner Middle,OPP Goal,,,,
Malaysia_final,SGP vs MAS_final_17122025,3679.5768085520267,11.420907409964911,OPP Shot,54,,,,,,,,,Q4,GA,Inner Left,OPP Goal,,,,
Malaysia_final,SGP vs MAS_final_17122025,3738.359388888889,10,OPP Shot,55,,,,,,,,,Q4,GS,Inner Right,OPP Goal,,,,
Malaysia_final,SGP vs MAS_final_17122025,3795.4774947390074,11.421547663936963,OPP Shot,56,,,,,,,,,Q4,GS,Inner Right,OPP Goal,,,,
Malaysia_final,SGP vs MAS_final_17122025,3853.497172080003,10.800814293955682,OPP Shot,57,,,,,,,,,Q4,GS,Inner Middle,OPP Goal,,,,
Malaysia_final,SGP vs MAS_final_17122025,3922.075642425024,11.224560953967739,OPP Shot,58,,,,,,,,,Q4,GS,Inner Middle,OPP Goal,,,,
Malaysia_final,SGP vs MAS_final_17122025,3936.800077777778,10,OPP Shot,59,,,,,,,,,Q4,GS,Outer Middle,OPP Goal,,,,
Malaysia_final,SGP vs MAS_final_17122025,489.46666666666664,31.731219543325608,SGP Gains,1,,,,,Circle Edge,YES,Interception,Jamie Lim,"Q1, Q1, Q1, Q1","GS, GA","Inner Right, Inner Right","SGP Miss, SGP Goal",Defensive D,,,
Malaysia_final,SGP vs MAS_final_17122025,667.2076777777778,35.290690110237506,SGP Gains,2,,,,,"Circle Edge, Circle Edge","YES, YES",Shot Out of Bounds,,"Q1, Q1, Q1, Q1",GA,Inner Left,SGP Goal,Defensive D,,,
Malaysia_final,SGP vs MAS_final_17122025,746.199,29.898814235953182,SGP Gains,3,,,,,Outside Circle,YES,Droped Ball,Yew Shu Ning,"Q1, Q1, Q1",GS,Outer Middle,SGP Goal,Defensive D,,,
Malaysia_final,SGP vs MAS_final_17122025,916.1239,14.388233333333233,SGP Gains,4,,,,,,,Contact,,Q1,,,,Center Left Defense,,,
Malaysia_final,SGP vs MAS_final_17122025,939.7652762489854,8.741016419009952,SGP Gains,5,,,,,,,Droped Ball,,Q1,,,,Attacking Left,,,
Malaysia_final,SGP vs MAS_final_17122025,1028.599959858994,49.29839899,SGP Gains,6,,,,,"Circle Edge, Circle Edge, Inside Circle","YES, YES, YES",Pass Out of Bounds,,"Q2, Q2, Q2, Q2, Q2",GS,Inner Middle,SGP Goal,Defensive Left Pocket,,,
Malaysia_final,SGP vs MAS_final_17122025,1392.1568444444445,46.64103557552721,SGP Gains,7,,,,,"Outside Circle, Circle Edge, Inside Circle","YES, YES, YES",Missed Rebound,Jamie Lim,"Q2, Q2, Q2, Q2, Q2, Q2","GS, GS","Inner Right, Inner Left","SGP Miss, SGP Goal",Defensive D,,,
Malaysia_final,SGP vs MAS_final_17122025,1658.775132726973,27.188722828582513,SGP Gains,8,,,,,"Circle Edge, Circle Edge","YES, YES",Interception,Angelina Lim,"Q2, Q2, Q2, Q2",GS,Outer Middle,SGP Miss,Center Mid Defense,,,
Malaysia_final,SGP vs MAS_final_17122025,1747.3183,28.594600000000128,SGP Gains,9,,,,,Outside Circle,NO,Interception,Khor Ting Fang,"Q2, Q2",,,,Defensive Right Pocket,,,
Malaysia_final,SGP vs MAS_final_17122025,1796.9989924969823,30.797063058573258,SGP Gains,10,,,,,"Circle Edge, Inside Circle","YES, YES",Pass Out of Bounds,,"Q2, Q2, Q2, Q2",GS,Inner Left,SGP Goal,Defensive D,,,
Malaysia_final,SGP vs MAS_final_17122025,2343.6972516039677,55.80514839603211,SGP Gains,11,,,,,"Circle Edge, Circle Edge","YES, NO",Droped Ball,,"Q3, Q3, Q3",,,,Defensive D,,,
Malaysia_final,SGP vs MAS_final_17122025,2732.397299658029,25.126789230859686,SGP Gains,12,,,,,Circle Edge,YES,Droped Ball,,"Q3, Q3, Q3",GS,Inner Middle,SGP Miss,Attacking Right,,,
Malaysia_final,SGP vs MAS_final_17122025,2872.0412647900343,29.558366171943362,SGP Gains,13,,,,,,,Missed Rebound,Jamie Lim,"Q3, Q3",GA,Inner Right,SGP Goal,Defensive D,,,
Malaysia_final,SGP vs MAS_final_17122025,3043.297444462956,54.00109840600862,SGP Gains,14,,,,,"Circle Edge, Inside Circle","YES, YES",Missed Rebound,,"Q4, Q4, Q4, Q4",GS,Inner Left,SGP Goal,Defensive D,,,
Malaysia_final,SGP vs MAS_final_17122025,3221.9979545449914,51.39718397,SGP Gains,15,,,,,Circle Edge,YES,Droped Ball,,"Q4, Q4, Q4",GS,Inner Right,SGP Goal,Defensive D,,,
Malaysia_final,SGP vs MAS_final_17122025,3465.0051333333336,40.49276945762722,SGP Gains,16,,,,,"Circle Edge, Circle Edge","YES, YES",Contact,,"Q4, Q4, Q4, Q4",GA,Outer Middle,SGP Goal,Defensive D,,,
Malaysia_final,SGP vs MAS_final_17122025,3624.3519,42.24241111111087,SGP Gains,17,,,,,"Circle Edge, Circle Edge","YES, YES",Obstruction,,"Q4, Q4, Q4, Q4",GA,Outer Left,SGP Miss,Defensive D,,,
Malaysia_final,SGP vs MAS_final_17122025,240.67677915902863,38.907654174304696,SGP Turnovers,1,,,,,"Circle Edge, Circle Edge","YES, YES",Held,Toh Kai Wei,"Q1, Q1, Q1, Q1",GS,Inner Middle,OPP Goal,Attacking D,,,
Malaysia_final,SGP vs MAS_final_17122025,433.4963,53.40001047594126,SGP Turnovers,2,,,,,"Outside Circle, Outside Circle","YES, YES",Held,Angelina Lim,"Q1, Q1, Q1, Q1",GS,Inner Middle,OPP Goal,Attacking Middle,,,
Malaysia_final,SGP vs MAS_final_17122025,536.9983670920245,52.09706389097073,SGP Turnovers,3,,,,,Inside Circle,YES,Pass Out of Bounds,Angelina Lim,"Q1, Q1, Q1",GS,Inner Middle,OPP Goal,Attacking D,,,
Malaysia_final,SGP vs MAS_final_17122025,923.5121333333333,23.25314291565212,SGP Turnovers,4,,,,,,,Droped Ball,Angelina Lim,Q1,,,,Attacking Right Pocket,,,
Malaysia_final,SGP vs MAS_final_17122025,1678.9638555555555,37.133305167388926,SGP Turnovers,5,,,,,"Circle Edge, Inside Circle, Inside Circle","YES, NO, YES",Missed Rebound,Amandeep Chahal,"Q2, Q2, Q2, Q2, Q2, Q2","GA, GS","Outer Left, Inner Right","OPP Miss, OPP Goal",Attacking D,,,
Malaysia_final,SGP vs MAS_final_17122025,1768.9129,35.086092496982246,SGP Turnovers,6,,,,,"Circle Edge, Circle Edge","YES, NO",Pass Out of Bounds,Angelina Lim,"Q2, Q2, Q2",,,,Attacking D,,,
Malaysia_final,SGP vs MAS_final_17122025,1839.3189,38.879935459987564,SGP Turnovers,7,,,,,"Outside Circle, Circle Edge","NO, YES",Missed Rebound,Amandeep Chahal,"Q2, Q2, Q2, Q2",GA,Inner Middle,OPP Goal,Attacking D,,,
Malaysia_final,SGP vs MAS_final_17122025,2001.1280444444444,44.36995207248333,SGP Turnovers,8,,,,,"Circle Edge, Circle Edge, Inside Circle","YES, YES, YES",Interception,Tan Yi Jie,"Q3, Q3, Q3, Q3, Q3",GS,Inner Middle,OPP Goal,Center Left Attack,,,
Malaysia_final,SGP vs MAS_final_17122025,2152.8970357799944,37.601769422957204,SGP Turnovers,9,,,,,Circle Edge,YES,Missed Rebound,Toh Kai Wei,"Q3, Q3, Q3, Q3","GA, GS","Inner Right, Inner Right","OPP Miss, OPP Goal",Attacking D,,,
Malaysia_final,SGP vs MAS_final_17122025,2392.5024,23.29596794798863,SGP Turnovers,10,,,,,Circle Edge,YES,Pass Out of Bounds,Tan Yi Jie,"Q3, Q3, Q3",GS,Inner Right,OPP Goal,Attacking D,,,
Malaysia_final,SGP vs MAS_final_17122025,2558.858833333333,41.038966542628714,SGP Turnovers,11,,,,,"Outside Circle, Inside Circle","YES, YES",Held,Rachel Ling,"Q3, Q3, Q3, Q3",GS,Inner Left,OPP Goal,Attacking Middle,,,
Malaysia_final,SGP vs MAS_final_17122025,2722.9924,16.40489965802908,SGP Turnovers,12,,,,,,,Interception,Lee Pei Shan,Q3,,,,Attacking D,,,
Malaysia_final,SGP vs MAS_final_17122025,2750.524088888889,55.88367000111111,SGP Turnovers,13,,,,,"Outside Circle, Inside Circle","YES, YES",Missed Rebound,Lee Pei Shan,"Q3, Q3, Q3, Q3",GA,Inner Right,OPP Goal,Attacking D,,,
Malaysia_final,SGP vs MAS_final_17122025,2962.190722222222,63.50756509973007,SGP Turnovers,14,,,,,"Circle Edge, Inside Circle","YES, YES",Interception,Toh Kai Wei,"Q4, Q4, Q4, Q4",GS,Inner Middle,OPP Goal,Center Mid Defense,,,
Malaysia_final,SGP vs MAS_final_17122025,3122.004091,23.793234271947767,SGP Turnovers,15,,,,,Outside Circle,YES,Missed Rebound,Lee Pei Shan,"Q4, Q4, Q4",GS,Inner Left,OPP Goal,Attacking Middle,,,
Malaysia_final,SGP vs MAS_final_17122025,3285.8529777777776,43.345669312212976,SGP Turnovers,16,,,,,Circle Edge,YES,Interception,Rachel Ling,"Q4, Q4, Q4",GS,Inner Middle,OPP Goal,Attacking Right Pocket,,,
Malaysia_final,SGP vs MAS_final_17122025,3361.5777326309817,32.31872041896759,SGP Turnovers,17,,,,,Outside Circle,YES,Contact,Amandeep Chahal,"Q4, Q4, Q4",GA,Inner Right,OPP Goal,Attacking D,,,
Malaysia_final,SGP vs MAS_final_17122025,3659.594311111111,31.403404850880634,SGP Turnovers,18,,,,,Outside Circle,YES,Missed Rebound,Toh Kai Wei,"Q4, Q4, Q4",GA,Inner Left,OPP Goal,Attacking D,,,
Malaysia_final,SGP vs MAS_final_17122025,3874.977833686996,58.322369691995846,SGP Turnovers,19,,,,,"Circle Edge, Inside Circle","YES, YES",Pass Out of Bounds,Amandeep Chahal,"Q4, Q4, Q4, Q4",GS,Inner Middle,OPP Goal,Attacking D,,,
Malaysia_final,SGP vs MAS_final_17122025,950.4282973919699,1,FINISH QUARTER,1,,,,,,,,,Q1,,,,,,,
Malaysia_final,SGP vs MAS_final_17122025,1957.2794444444444,1,FINISH QUARTER,2,,,,,,,,,Q2,,,,,,,
Malaysia_final,SGP vs MAS_final_17122025,2937.742311111111,1,FINISH QUARTER,3,,,,,,,,,Q3,,,,,,,